estimand_id	gene_symbol	uniprot_accession	component_id	component_size	coordinate_status	edge_policy
UniProt:O00238:204-494|KLIFS:520:positions1-85	BMPR1B	O00238	PTC001	323	PASS_EXACT	same KLIFS family OR KLIFS85 identity >=0.70 OR AlphaFold-pocket US-align max TM >=0.75; transitive closure
UniProt:O00444:12-265|KLIFS:314:positions1-85	PLK4	O00444	PTC001	323	PASS_EXACT	same KLIFS family OR KLIFS85 identity >=0.70 OR AlphaFold-pocket US-align max TM >=0.75; transitive closure
UniProt:O00506:20-270|KLIFS:381:positions1-85	STK25	O00506	PTC001	323	PASS_EXACT	same KLIFS family OR KLIFS85 identity >=0.70 OR AlphaFold-pocket US-align max TM >=0.75; transitive closure
UniProt:O14578:97-360|KLIFS:4:positions1-85	CIT	O14578	PTC001	323	BLOCKED_MAPPING	same KLIFS family OR KLIFS85 identity >=0.70 OR AlphaFold-pocket US-align max TM >=0.75; transitive closure
UniProt:O14733:120-380|KLIFS:389:positions1-85	MAP2K7	O14733	PTC001	323	PASS_EXACT	same KLIFS family OR KLIFS85 identity >=0.70 OR AlphaFold-pocket US-align max TM >=0.75; transitive closure
UniProt:O14757:9-265|KLIFS:121:positions1-85	CHEK1	O14757	PTC001	323	PASS_EXACT	same KLIFS family OR KLIFS85 identity >=0.70 OR AlphaFold-pocket US-align max TM >=0.75; transitive closure
UniProt:O14920:15-300|KLIFS:270:positions1-85	IKBKB	O14920	PTC001	323	PASS_EXACT	same KLIFS family OR KLIFS85 identity >=0.70 OR AlphaFold-pocket US-align max TM >=0.75; transitive closure
UniProt:O14936:12-276|KLIFS:139:positions1-85	CASK	O14936	PTC001	323	PASS_EXACT	same KLIFS family OR KLIFS85 identity >=0.70 OR AlphaFold-pocket US-align max TM >=0.75; transitive closure
UniProt:O14965:133-383|KLIFS:259:positions1-85	AURKA	O14965	PTC001	323	PASS_EXACT	same KLIFS family OR KLIFS85 identity >=0.70 OR AlphaFold-pocket US-align max TM >=0.75; transitive closure
UniProt:O14976:40-314|KLIFS:279:positions1-85	GAK	O14976	PTC001	323	PASS_EXACT	same KLIFS family OR KLIFS85 identity >=0.70 OR AlphaFold-pocket US-align max TM >=0.75; transitive closure
UniProt:O15075:390-647|KLIFS:145:positions1-85	DCLK1	O15075	PTC001	323	PASS_EXACT	same KLIFS family OR KLIFS85 identity >=0.70 OR AlphaFold-pocket US-align max TM >=0.75; transitive closure
UniProt:O15111:15-302|KLIFS:269:positions1-85	CHUK	O15111	PTC001	323	PASS_EXACT	same KLIFS family OR KLIFS85 identity >=0.70 OR AlphaFold-pocket US-align max TM >=0.75; transitive closure
UniProt:O15146:575-856|KLIFS:448:positions1-85	MUSK	O15146	PTC002	1	BLOCKED_MAPPING	same KLIFS family OR KLIFS85 identity >=0.70 OR AlphaFold-pocket US-align max TM >=0.75; transitive closure
UniProt:O15197:670-919|KLIFS:421:positions1-85	EPHB6	O15197	PTC001	323	PASS_EXACT	same KLIFS family OR KLIFS85 identity >=0.70 OR AlphaFold-pocket US-align max TM >=0.75; transitive closure
UniProt:O15264:25-308|KLIFS:251:positions1-85	MAPK13	O15264	PTC001	323	PASS_EXACT	same KLIFS family OR KLIFS85 identity >=0.70 OR AlphaFold-pocket US-align max TM >=0.75; transitive closure
UniProt:O15530:82-342|KLIFS:27:positions1-85	PDPK1	O15530	PTC001	323	PASS_EXACT	same KLIFS family OR KLIFS85 identity >=0.70 OR AlphaFold-pocket US-align max TM >=0.75; transitive closure
UniProt:O43283:168-409|KLIFS:499:positions1-85	MAP3K13	O43283	PTC001	323	PASS_EXACT	same KLIFS family OR KLIFS85 identity >=0.70 OR AlphaFold-pocket US-align max TM >=0.75; transitive closure
UniProt:O43293:13-275|KLIFS:141:positions1-85	DAPK3	O43293	PTC001	323	PASS_EXACT	same KLIFS family OR KLIFS85 identity >=0.70 OR AlphaFold-pocket US-align max TM >=0.75; transitive closure
UniProt:O43318:36-291|KLIFS:504:positions1-85	MAP3K7	O43318	PTC001	323	PASS_EXACT	same KLIFS family OR KLIFS85 identity >=0.70 OR AlphaFold-pocket US-align max TM >=0.75; transitive closure
UniProt:O43353:18-294|KLIFS:512:positions1-85	RIPK2	O43353	PTC001	323	PASS_EXACT	same KLIFS family OR KLIFS85 identity >=0.70 OR AlphaFold-pocket US-align max TM >=0.75; transitive closure
UniProt:O60285:55-306|KLIFS:130:positions1-85	NUAK1	O60285	PTC001	323	PASS_EXACT	same KLIFS family OR KLIFS85 identity >=0.70 OR AlphaFold-pocket US-align max TM >=0.75; transitive closure
UniProt:O60674:849-1124|KLIFS:436:positions1-85	JAK2	O60674	PTC001	323	PASS_EXACT	same KLIFS family OR KLIFS85 identity >=0.70 OR AlphaFold-pocket US-align max TM >=0.75; transitive closure
UniProt:O75116:92-354|KLIFS:10:positions1-85	ROCK2	O75116	PTC001	323	PASS_EXACT	same KLIFS family OR KLIFS85 identity >=0.70 OR AlphaFold-pocket US-align max TM >=0.75; transitive closure
UniProt:O75385:16-278|KLIFS:328:positions1-85	ULK1	O75385	PTC001	323	PASS_EXACT	same KLIFS family OR KLIFS85 identity >=0.70 OR AlphaFold-pocket US-align max TM >=0.75; transitive closure
UniProt:O75460:571-832|KLIFS:273:positions1-85	ERN1	O75460	PTC001	323	PASS_EXACT	same KLIFS family OR KLIFS85 identity >=0.70 OR AlphaFold-pocket US-align max TM >=0.75; transitive closure
UniProt:O75582:49-318|KLIFS:49:positions1-85	RPS6KA5	O75582	PTC001	323	PASS_EXACT	same KLIFS family OR KLIFS85 identity >=0.70 OR AlphaFold-pocket US-align max TM >=0.75; transitive closure
UniProt:O75676:33-301|KLIFS:47:positions1-85	RPS6KA4	O75676	PTC001	323	PASS_EXACT	same KLIFS family OR KLIFS85 identity >=0.70 OR AlphaFold-pocket US-align max TM >=0.75; transitive closure
UniProt:O75716:20-293|KLIFS:280:positions1-85	STK16	O75716	PTC001	323	PASS_EXACT	same KLIFS family OR KLIFS85 identity >=0.70 OR AlphaFold-pocket US-align max TM >=0.75; transitive closure
UniProt:O75914:283-534|KLIFS:369:positions1-85	PAK3	O75914	PTC001	323	PASS_EXACT	same KLIFS family OR KLIFS85 identity >=0.70 OR AlphaFold-pocket US-align max TM >=0.75; transitive closure
UniProt:O76039:13-297|KLIFS:216:positions1-85	CDKL5	O76039	PTC001	323	PASS_EXACT	same KLIFS family OR KLIFS85 identity >=0.70 OR AlphaFold-pocket US-align max TM >=0.75; transitive closure
UniProt:O94768:33-293|KLIFS:143:positions1-85	STK17B	O94768	PTC001	323	PASS_EXACT	same KLIFS family OR KLIFS85 identity >=0.70 OR AlphaFold-pocket US-align max TM >=0.75; transitive closure
UniProt:O94804:36-294|KLIFS:373:positions1-85	STK10	O94804	PTC001	323	PASS_EXACT	same KLIFS family OR KLIFS85 identity >=0.70 OR AlphaFold-pocket US-align max TM >=0.75; transitive closure
UniProt:O94806:576-832|KLIFS:164:positions1-85	PRKD3	O94806	PTC003	3	BLOCKED_MAPPING	same KLIFS family OR KLIFS85 identity >=0.70 OR AlphaFold-pocket US-align max TM >=0.75; transitive closure
UniProt:O95382:648-906|KLIFS:346:positions1-85	MAP3K6	O95382	PTC001	323	PASS_EXACT	same KLIFS family OR KLIFS85 identity >=0.70 OR AlphaFold-pocket US-align max TM >=0.75; transitive closure
UniProt:O95747:17-291|KLIFS:353:positions1-85	OXSR1	O95747	PTC001	323	PASS_EXACT	same KLIFS family OR KLIFS85 identity >=0.70 OR AlphaFold-pocket US-align max TM >=0.75; transitive closure
UniProt:O95819:25-289|KLIFS:359:positions1-85	MAP4K4	O95819	PTC001	323	PASS_EXACT	same KLIFS family OR KLIFS85 identity >=0.70 OR AlphaFold-pocket US-align max TM >=0.75; transitive closure
UniProt:O95835:705-1010|KLIFS:23:positions1-85	LATS1	O95835	PTC001	323	PASS_EXACT	same KLIFS family OR KLIFS85 identity >=0.70 OR AlphaFold-pocket US-align max TM >=0.75; transitive closure
UniProt:O96013:321-572|KLIFS:370:positions1-85	PAK4	O96013	PTC001	323	PASS_EXACT	same KLIFS family OR KLIFS85 identity >=0.70 OR AlphaFold-pocket US-align max TM >=0.75; transitive closure
UniProt:O96017:220-486|KLIFS:168:positions1-85	CHEK2	O96017	PTC001	323	PASS_EXACT	same KLIFS family OR KLIFS85 identity >=0.70 OR AlphaFold-pocket US-align max TM >=0.75; transitive closure
UniProt:P00533:712-979|KLIFS:406:positions1-85	EGFR	P00533	PTC001	323	PASS_EXACT	same KLIFS family OR KLIFS85 identity >=0.70 OR AlphaFold-pocket US-align max TM >=0.75; transitive closure
UniProt:P04049:349-609|KLIFS:510:positions1-85	RAF1	P04049	PTC001	323	PASS_EXACT	same KLIFS family OR KLIFS85 identity >=0.70 OR AlphaFold-pocket US-align max TM >=0.75; transitive closure
UniProt:P04626:720-987|KLIFS:407:positions1-85	ERBB2	P04626	PTC001	323	PASS_EXACT	same KLIFS family OR KLIFS85 identity >=0.70 OR AlphaFold-pocket US-align max TM >=0.75; transitive closure
UniProt:P04629:510-781|KLIFS:480:positions1-85	NTRK1	P04629	PTC001	323	PASS_EXACT	same KLIFS family OR KLIFS85 identity >=0.70 OR AlphaFold-pocket US-align max TM >=0.75; transitive closure
UniProt:P06213:1023-1298|KLIFS:433:positions1-85	INSR	P06213	PTC001	323	PASS_EXACT	same KLIFS family OR KLIFS85 identity >=0.70 OR AlphaFold-pocket US-align max TM >=0.75; transitive closure
UniProt:P06239:245-498|KLIFS:466:positions1-85	LCK	P06239	PTC001	323	PASS_EXACT	same KLIFS family OR KLIFS85 identity >=0.70 OR AlphaFold-pocket US-align max TM >=0.75; transitive closure
UniProt:P06241:271-524|KLIFS:461:positions1-85	FYN	P06241	PTC001	323	PASS_EXACT	same KLIFS family OR KLIFS85 identity >=0.70 OR AlphaFold-pocket US-align max TM >=0.75; transitive closure
UniProt:P07332:561-822|KLIFS:427:positions1-85	FES	P07332	PTC001	323	PASS_EXACT	same KLIFS family OR KLIFS85 identity >=0.70 OR AlphaFold-pocket US-align max TM >=0.75; transitive closure
UniProt:P07333:582-910|KLIFS:449:positions1-85	CSF1R	P07333	PTC001	323	PASS_EXACT	same KLIFS family OR KLIFS85 identity >=0.70 OR AlphaFold-pocket US-align max TM >=0.75; transitive closure
UniProt:P07947:277-530|KLIFS:463:positions1-85	YES1	P07947	PTC001	323	PASS_EXACT	same KLIFS family OR KLIFS85 identity >=0.70 OR AlphaFold-pocket US-align max TM >=0.75; transitive closure
UniProt:P07948:247-501|KLIFS:467:positions1-85	LYN	P07948	PTC001	323	PASS_EXACT	same KLIFS family OR KLIFS85 identity >=0.70 OR AlphaFold-pocket US-align max TM >=0.75; transitive closure
UniProt:P07949:724-1016|KLIFS:454:positions1-85	RET	P07949	PTC001	323	PASS_EXACT	same KLIFS family OR KLIFS85 identity >=0.70 OR AlphaFold-pocket US-align max TM >=0.75; transitive closure
UniProt:P08069:999-1274|KLIFS:432:positions1-85	IGF1R	P08069	PTC001	323	PASS_EXACT	same KLIFS family OR KLIFS85 identity >=0.70 OR AlphaFold-pocket US-align max TM >=0.75; transitive closure
UniProt:P08581:1078-1345|KLIFS:446:positions1-85	MET	P08581	PTC001	323	PASS_EXACT	same KLIFS family OR KLIFS85 identity >=0.70 OR AlphaFold-pocket US-align max TM >=0.75; transitive closure
UniProt:P08631:262-515|KLIFS:465:positions1-85	HCK	P08631	PTC001	323	PASS_EXACT	same KLIFS family OR KLIFS85 identity >=0.70 OR AlphaFold-pocket US-align max TM >=0.75; transitive closure
UniProt:P08922:1945-2222|KLIFS:458:positions1-85	ROS1	P08922	PTC001	323	PASS_EXACT	same KLIFS family OR KLIFS85 identity >=0.70 OR AlphaFold-pocket US-align max TM >=0.75; transitive closure
UniProt:P09619:600-962|KLIFS:453:positions1-85	PDGFRB	P09619	PTC001	323	PASS_EXACT	same KLIFS family OR KLIFS85 identity >=0.70 OR AlphaFold-pocket US-align max TM >=0.75; transitive closure
UniProt:P09769:263-516|KLIFS:460:positions1-85	FGR	P09769	PTC001	323	PASS_EXACT	same KLIFS family OR KLIFS85 identity >=0.70 OR AlphaFold-pocket US-align max TM >=0.75; transitive closure
UniProt:P0C1S8:212-486|KLIFS:335:positions1-85	WEE2	P0C1S8	PTC001	323	PASS_EXACT	same KLIFS family OR KLIFS85 identity >=0.70 OR AlphaFold-pocket US-align max TM >=0.75; transitive closure
UniProt:P10721:589-937|KLIFS:451:positions1-85	KIT	P10721	PTC001	323	PASS_EXACT	same KLIFS family OR KLIFS85 identity >=0.70 OR AlphaFold-pocket US-align max TM >=0.75; transitive closure
UniProt:P11309:38-290|KLIFS:160:positions1-85	PIM1	P11309	PTC001	323	PASS_EXACT	same KLIFS family OR KLIFS85 identity >=0.70 OR AlphaFold-pocket US-align max TM >=0.75; transitive closure
UniProt:P11362:478-767|KLIFS:428:positions1-85	FGFR1	P11362	PTC001	323	PASS_EXACT	same KLIFS family OR KLIFS85 identity >=0.70 OR AlphaFold-pocket US-align max TM >=0.75; transitive closure
UniProt:P12931:270-523|KLIFS:462:positions1-85	SRC	P12931	PTC001	323	PASS_EXACT	same KLIFS family OR KLIFS85 identity >=0.70 OR AlphaFold-pocket US-align max TM >=0.75; transitive closure
UniProt:P14616:979-1254|KLIFS:434:positions1-85	INSRR	P14616	PTC001	323	PASS_EXACT	same KLIFS family OR KLIFS85 identity >=0.70 OR AlphaFold-pocket US-align max TM >=0.75; transitive closure
UniProt:P15056:457-717|KLIFS:509:positions1-85	BRAF	P15056	PTC001	323	PASS_EXACT	same KLIFS family OR KLIFS85 identity >=0.70 OR AlphaFold-pocket US-align max TM >=0.75; transitive closure
UniProt:P15735:24-291|KLIFS:159:positions1-85	PHKG2	P15735	PTC001	323	PASS_EXACT	same KLIFS family OR KLIFS85 identity >=0.70 OR AlphaFold-pocket US-align max TM >=0.75; transitive closure
UniProt:P16234:593-954|KLIFS:452:positions1-85	PDGFRA	P16234	PTC001	323	PASS_EXACT	same KLIFS family OR KLIFS85 identity >=0.70 OR AlphaFold-pocket US-align max TM >=0.75; transitive closure
UniProt:P16591:563-816|KLIFS:426:positions1-85	FER	P16591	PTC001	323	PASS_EXACT	same KLIFS family OR KLIFS85 identity >=0.70 OR AlphaFold-pocket US-align max TM >=0.75; transitive closure
UniProt:P17612:44-298|KLIFS:28:positions1-85	PRKACA	P17612	PTC001	323	PASS_EXACT	same KLIFS family OR KLIFS85 identity >=0.70 OR AlphaFold-pocket US-align max TM >=0.75; transitive closure
UniProt:P17948:827-1158|KLIFS:483:positions1-85	FLT1	P17948	PTC001	323	PASS_EXACT	same KLIFS family OR KLIFS85 identity >=0.70 OR AlphaFold-pocket US-align max TM >=0.75; transitive closure
UniProt:P19525:267-538|KLIFS:310:positions1-85	EIF2AK2	P19525	PTC001	323	PASS_EXACT	same KLIFS family OR KLIFS85 identity >=0.70 OR AlphaFold-pocket US-align max TM >=0.75; transitive closure
UniProt:P19784:40-325|KLIFS:222:positions1-85	CSNK2A2	P19784	PTC001	323	PASS_EXACT	same KLIFS family OR KLIFS85 identity >=0.70 OR AlphaFold-pocket US-align max TM >=0.75; transitive closure
UniProt:P20794:4-284|KLIFS:253:positions1-85	MAK	P20794	PTC004	2	BLOCKED_MAPPING	same KLIFS family OR KLIFS85 identity >=0.70 OR AlphaFold-pocket US-align max TM >=0.75; transitive closure
UniProt:P21709:624-884|KLIFS:411:positions1-85	EPHA1	P21709	PTC001	323	PASS_EXACT	same KLIFS family OR KLIFS85 identity >=0.70 OR AlphaFold-pocket US-align max TM >=0.75; transitive closure
UniProt:P21802:481-770|KLIFS:430:positions1-85	FGFR2	P21802	PTC001	323	PASS_EXACT	same KLIFS family OR KLIFS85 identity >=0.70 OR AlphaFold-pocket US-align max TM >=0.75; transitive closure
UniProt:P21860:709-966|KLIFS:408:positions1-85	ERBB3	P21860	PTC001	323	PASS_EXACT	same KLIFS family OR KLIFS85 identity >=0.70 OR AlphaFold-pocket US-align max TM >=0.75; transitive closure
UniProt:P22455:467-755|KLIFS:431:positions1-85	FGFR4	P22455	PTC001	323	PASS_EXACT	same KLIFS family OR KLIFS85 identity >=0.70 OR AlphaFold-pocket US-align max TM >=0.75; transitive closure
UniProt:P22607:472-761|KLIFS:429:positions1-85	FGFR3	P22607	PTC001	323	PASS_EXACT	same KLIFS family OR KLIFS85 identity >=0.70 OR AlphaFold-pocket US-align max TM >=0.75; transitive closure
UniProt:P22694:44-298|KLIFS:29:positions1-85	PRKACB	P22694	PTC001	323	PASS_EXACT	same KLIFS family OR KLIFS85 identity >=0.70 OR AlphaFold-pocket US-align max TM >=0.75; transitive closure
UniProt:P23443:91-352|KLIFS:51:positions1-85	RPS6KB1	P23443	PTC001	323	PASS_EXACT	same KLIFS family OR KLIFS85 identity >=0.70 OR AlphaFold-pocket US-align max TM >=0.75; transitive closure
UniProt:P23458:875-1153|KLIFS:435:positions1-85	JAK1	P23458	PTC001	323	PASS_EXACT	same KLIFS family OR KLIFS85 identity >=0.70 OR AlphaFold-pocket US-align max TM >=0.75; transitive closure
UniProt:P24723:355-614|KLIFS:39:positions1-85	PRKCH	P24723	PTC001	323	PASS_EXACT	same KLIFS family OR KLIFS85 identity >=0.70 OR AlphaFold-pocket US-align max TM >=0.75; transitive closure
UniProt:P24941:4-286|KLIFS:198:positions1-85	CDK2	P24941	PTC001	323	PASS_EXACT	same KLIFS family OR KLIFS85 identity >=0.70 OR AlphaFold-pocket US-align max TM >=0.75; transitive closure
UniProt:P27037:192-485|KLIFS:523:positions1-85	ACVR2A	P27037	PTC001	323	PASS_EXACT	same KLIFS family OR KLIFS85 identity >=0.70 OR AlphaFold-pocket US-align max TM >=0.75; transitive closure
UniProt:P27361:42-330|KLIFS:240:positions1-85	MAPK3	P27361	PTC001	323	PASS_EXACT	same KLIFS family OR KLIFS85 identity >=0.70 OR AlphaFold-pocket US-align max TM >=0.75; transitive closure
UniProt:P27448:56-307|KLIFS:126:positions1-85	MARK3	P27448	PTC001	323	PASS_EXACT	same KLIFS family OR KLIFS85 identity >=0.70 OR AlphaFold-pocket US-align max TM >=0.75; transitive closure
UniProt:P28482:25-313|KLIFS:239:positions1-85	MAPK1	P28482	PTC001	323	PASS_EXACT	same KLIFS family OR KLIFS85 identity >=0.70 OR AlphaFold-pocket US-align max TM >=0.75; transitive closure
UniProt:P29317:613-875|KLIFS:410:positions1-85	EPHA2	P29317	PTC001	323	PASS_EXACT	same KLIFS family OR KLIFS85 identity >=0.70 OR AlphaFold-pocket US-align max TM >=0.75; transitive closure
UniProt:P29320:621-882|KLIFS:412:positions1-85	EPHA3	P29320	PTC001	323	PASS_EXACT	same KLIFS family OR KLIFS85 identity >=0.70 OR AlphaFold-pocket US-align max TM >=0.75; transitive closure
UniProt:P29322:635-896|KLIFS:416:positions1-85	EPHA8	P29322	PTC001	323	PASS_EXACT	same KLIFS family OR KLIFS85 identity >=0.70 OR AlphaFold-pocket US-align max TM >=0.75; transitive closure
UniProt:P29323:621-884|KLIFS:418:positions1-85	EPHB2	P29323	PTC001	323	PASS_EXACT	same KLIFS family OR KLIFS85 identity >=0.70 OR AlphaFold-pocket US-align max TM >=0.75; transitive closure
UniProt:P29376:510-786|KLIFS:397:positions1-85	LTK	P29376	PTC001	323	PASS_EXACT	same KLIFS family OR KLIFS85 identity >=0.70 OR AlphaFold-pocket US-align max TM >=0.75; transitive closure
UniProt:P29597:897-1176|KLIFS:441:positions1-85	TYK2	P29597	PTC001	323	PASS_EXACT	same KLIFS family OR KLIFS85 identity >=0.70 OR AlphaFold-pocket US-align max TM >=0.75; transitive closure
UniProt:P30291:299-569|KLIFS:333:positions1-85	WEE1	P30291	PTC001	323	PASS_EXACT	same KLIFS family OR KLIFS85 identity >=0.70 OR AlphaFold-pocket US-align max TM >=0.75; transitive closure
UniProt:P30530:536-807|KLIFS:398:positions1-85	AXL	P30530	PTC001	323	PASS_EXACT	same KLIFS family OR KLIFS85 identity >=0.70 OR AlphaFold-pocket US-align max TM >=0.75; transitive closure
UniProt:P31152:20-312|KLIFS:241:positions1-85	MAPK4	P31152	PTC001	323	BLOCKED_MAPPING	same KLIFS family OR KLIFS85 identity >=0.70 OR AlphaFold-pocket US-align max TM >=0.75; transitive closure
UniProt:P31749:150-408|KLIFS:1:positions1-85	AKT1	P31749	PTC001	323	PASS_EXACT	same KLIFS family OR KLIFS85 identity >=0.70 OR AlphaFold-pocket US-align max TM >=0.75; transitive closure
UniProt:P31751:152-409|KLIFS:2:positions1-85	AKT2	P31751	PTC001	323	PASS_EXACT	same KLIFS family OR KLIFS85 identity >=0.70 OR AlphaFold-pocket US-align max TM >=0.75; transitive closure
UniProt:P32298:187-449|KLIFS:13:positions1-85	GRK4	P32298	PTC001	323	PASS_EXACT	same KLIFS family OR KLIFS85 identity >=0.70 OR AlphaFold-pocket US-align max TM >=0.75; transitive closure
UniProt:P33981:525-791|KLIFS:326:positions1-85	TTK	P33981	PTC001	323	PASS_EXACT	same KLIFS family OR KLIFS85 identity >=0.70 OR AlphaFold-pocket US-align max TM >=0.75; transitive closure
UniProt:P35590:839-1118|KLIFS:478:positions1-85	TIE1	P35590	PTC001	323	PASS_EXACT	same KLIFS family OR KLIFS85 identity >=0.70 OR AlphaFold-pocket US-align max TM >=0.75; transitive closure
UniProt:P35916:845-1173|KLIFS:484:positions1-85	FLT4	P35916	PTC001	323	PASS_EXACT	same KLIFS family OR KLIFS85 identity >=0.70 OR AlphaFold-pocket US-align max TM >=0.75; transitive closure
UniProt:P35968:834-1162|KLIFS:485:positions1-85	KDR	P35968	PTC001	323	PASS_EXACT	same KLIFS family OR KLIFS85 identity >=0.70 OR AlphaFold-pocket US-align max TM >=0.75; transitive closure
UniProt:P36507:72-369|KLIFS:384:positions1-85	MAP2K2	P36507	PTC001	323	PASS_EXACT	same KLIFS family OR KLIFS85 identity >=0.70 OR AlphaFold-pocket US-align max TM >=0.75; transitive closure
UniProt:P36888:610-943|KLIFS:450:positions1-85	FLT3	P36888	PTC001	323	PASS_EXACT	same KLIFS family OR KLIFS85 identity >=0.70 OR AlphaFold-pocket US-align max TM >=0.75; transitive closure
UniProt:P36894:234-525|KLIFS:519:positions1-85	BMPR1A	P36894	PTC001	323	PASS_EXACT	same KLIFS family OR KLIFS85 identity >=0.70 OR AlphaFold-pocket US-align max TM >=0.75; transitive closure
UniProt:P36896:207-497|KLIFS:517:positions1-85	ACVR1B	P36896	PTC001	323	PASS_EXACT	same KLIFS family OR KLIFS85 identity >=0.70 OR AlphaFold-pocket US-align max TM >=0.75; transitive closure
UniProt:P36897:205-495|KLIFS:521:positions1-85	TGFBR1	P36897	PTC001	323	PASS_EXACT	same KLIFS family OR KLIFS85 identity >=0.70 OR AlphaFold-pocket US-align max TM >=0.75; transitive closure
UniProt:P37023:202-492|KLIFS:518:positions1-85	ACVRL1	P37023	PTC001	323	PASS_EXACT	same KLIFS family OR KLIFS85 identity >=0.70 OR AlphaFold-pocket US-align max TM >=0.75; transitive closure
UniProt:P37173:244-544|KLIFS:527:positions1-85	TGFBR2	P37173	PTC001	323	PASS_EXACT	same KLIFS family OR KLIFS85 identity >=0.70 OR AlphaFold-pocket US-align max TM >=0.75; transitive closure
UniProt:P41240:195-449|KLIFS:402:positions1-85	CSK	P41240	PTC001	323	PASS_EXACT	same KLIFS family OR KLIFS85 identity >=0.70 OR AlphaFold-pocket US-align max TM >=0.75; transitive closure
UniProt:P41743:254-522|KLIFS:40:positions1-85	PRKCI	P41743	PTC001	323	PASS_EXACT	same KLIFS family OR KLIFS85 identity >=0.70 OR AlphaFold-pocket US-align max TM >=0.75; transitive closure
UniProt:P42679:235-482|KLIFS:403:positions1-85	MATK	P42679	PTC001	323	BLOCKED_MAPPING	same KLIFS family OR KLIFS85 identity >=0.70 OR AlphaFold-pocket US-align max TM >=0.75; transitive closure
UniProt:P42680:370-623|KLIFS:475:positions1-85	TEC	P42680	PTC001	323	PASS_EXACT	same KLIFS family OR KLIFS85 identity >=0.70 OR AlphaFold-pocket US-align max TM >=0.75; transitive closure
UniProt:P42681:271-527|KLIFS:476:positions1-85	TXK	P42681	PTC001	323	PASS_EXACT	same KLIFS family OR KLIFS85 identity >=0.70 OR AlphaFold-pocket US-align max TM >=0.75; transitive closure
UniProt:P42684:288-539|KLIFS:393:positions1-85	ABL2	P42684	PTC001	323	PASS_EXACT	same KLIFS family OR KLIFS85 identity >=0.70 OR AlphaFold-pocket US-align max TM >=0.75; transitive closure
UniProt:P42685:234-491|KLIFS:459:positions1-85	FRK	P42685	PTC001	323	PASS_EXACT	same KLIFS family OR KLIFS85 identity >=0.70 OR AlphaFold-pocket US-align max TM >=0.75; transitive closure
UniProt:P43403:338-600|KLIFS:471:positions1-85	ZAP70	P43403	PTC001	323	PASS_EXACT	same KLIFS family OR KLIFS85 identity >=0.70 OR AlphaFold-pocket US-align max TM >=0.75; transitive closure
UniProt:P43405:371-631|KLIFS:470:positions1-85	SYK	P43405	PTC001	323	PASS_EXACT	same KLIFS family OR KLIFS85 identity >=0.70 OR AlphaFold-pocket US-align max TM >=0.75; transitive closure
UniProt:P45983:26-321|KLIFS:245:positions1-85	MAPK8	P45983	PTC001	323	PASS_EXACT	same KLIFS family OR KLIFS85 identity >=0.70 OR AlphaFold-pocket US-align max TM >=0.75; transitive closure
UniProt:P45984:26-321|KLIFS:246:positions1-85	MAPK9	P45984	PTC001	323	PASS_EXACT	same KLIFS family OR KLIFS85 identity >=0.70 OR AlphaFold-pocket US-align max TM >=0.75; transitive closure
UniProt:P45985:102-367|KLIFS:387:positions1-85	MAP2K4	P45985	PTC001	323	PASS_EXACT	same KLIFS family OR KLIFS85 identity >=0.70 OR AlphaFold-pocket US-align max TM >=0.75; transitive closure
UniProt:P46734:64-325|KLIFS:385:positions1-85	MAP2K3	P46734	PTC001	323	PASS_EXACT	same KLIFS family OR KLIFS85 identity >=0.70 OR AlphaFold-pocket US-align max TM >=0.75; transitive closure
UniProt:P48729:17-285|KLIFS:184:positions1-85	CSNK1A1	P48729	PTC001	323	PASS_EXACT	same KLIFS family OR KLIFS85 identity >=0.70 OR AlphaFold-pocket US-align max TM >=0.75; transitive closure
UniProt:P48730:9-277|KLIFS:186:positions1-85	CSNK1D	P48730	PTC001	323	PASS_EXACT	same KLIFS family OR KLIFS85 identity >=0.70 OR AlphaFold-pocket US-align max TM >=0.75; transitive closure
UniProt:P49137:64-325|KLIFS:150:positions1-85	MAPKAPK2	P49137	PTC001	323	PASS_EXACT	same KLIFS family OR KLIFS85 identity >=0.70 OR AlphaFold-pocket US-align max TM >=0.75; transitive closure
UniProt:P49336:21-335|KLIFS:205:positions1-85	CDK8	P49336	PTC001	323	PASS_EXACT	same KLIFS family OR KLIFS85 identity >=0.70 OR AlphaFold-pocket US-align max TM >=0.75; transitive closure
UniProt:P49674:9-277|KLIFS:187:positions1-85	CSNK1E	P49674	PTC001	323	PASS_EXACT	same KLIFS family OR KLIFS85 identity >=0.70 OR AlphaFold-pocket US-align max TM >=0.75; transitive closure
UniProt:P49759:161-477|KLIFS:223:positions1-85	CLK1	P49759	PTC001	323	PASS_EXACT	same KLIFS family OR KLIFS85 identity >=0.70 OR AlphaFold-pocket US-align max TM >=0.75; transitive closure
UniProt:P49760:163-479|KLIFS:224:positions1-85	CLK2	P49760	PTC001	323	PASS_EXACT	same KLIFS family OR KLIFS85 identity >=0.70 OR AlphaFold-pocket US-align max TM >=0.75; transitive closure
UniProt:P49761:156-472|KLIFS:225:positions1-85	CLK3	P49761	PTC001	323	PASS_EXACT	same KLIFS family OR KLIFS85 identity >=0.70 OR AlphaFold-pocket US-align max TM >=0.75; transitive closure
UniProt:P49840:119-403|KLIFS:237:positions1-85	GSK3A	P49840	PTC001	323	PASS_EXACT	same KLIFS family OR KLIFS85 identity >=0.70 OR AlphaFold-pocket US-align max TM >=0.75; transitive closure
UniProt:P49841:56-340|KLIFS:238:positions1-85	GSK3B	P49841	PTC001	323	PASS_EXACT	same KLIFS family OR KLIFS85 identity >=0.70 OR AlphaFold-pocket US-align max TM >=0.75; transitive closure
UniProt:P50613:12-295|KLIFS:204:positions1-85	CDK7	P50613	PTC001	323	PASS_EXACT	same KLIFS family OR KLIFS85 identity >=0.70 OR AlphaFold-pocket US-align max TM >=0.75; transitive closure
UniProt:P50750:19-315|KLIFS:207:positions1-85	CDK9	P50750	PTC001	323	PASS_EXACT	same KLIFS family OR KLIFS85 identity >=0.70 OR AlphaFold-pocket US-align max TM >=0.75; transitive closure
UniProt:P51451:241-494|KLIFS:464:positions1-85	BLK	P51451	PTC001	323	PASS_EXACT	same KLIFS family OR KLIFS85 identity >=0.70 OR AlphaFold-pocket US-align max TM >=0.75; transitive closure
UniProt:P51617:212-521|KLIFS:486:positions1-85	IRAK1	P51617	PTC001	323	PASS_EXACT	same KLIFS family OR KLIFS85 identity >=0.70 OR AlphaFold-pocket US-align max TM >=0.75; transitive closure
UniProt:P51812:68-327|KLIFS:55:positions1-85	RPS6KA3	P51812	PTC001	323	PASS_EXACT	same KLIFS family OR KLIFS85 identity >=0.70 OR AlphaFold-pocket US-align max TM >=0.75; transitive closure
UniProt:P51813:417-675|KLIFS:472:positions1-85	BMX	P51813	PTC001	323	PASS_EXACT	same KLIFS family OR KLIFS85 identity >=0.70 OR AlphaFold-pocket US-align max TM >=0.75; transitive closure
UniProt:P51817:49-303|KLIFS:31:positions1-85	PRKX	P51817	PTC001	323	PASS_EXACT	same KLIFS family OR KLIFS85 identity >=0.70 OR AlphaFold-pocket US-align max TM >=0.75; transitive closure
UniProt:P51955:8-271|KLIFS:286:positions1-85	NEK2	P51955	PTC001	323	BLOCKED_MAPPING	same KLIFS family OR KLIFS85 identity >=0.70 OR AlphaFold-pocket US-align max TM >=0.75; transitive closure
UniProt:P51956:4-257|KLIFS:282:positions1-85	NEK3	P51956	PTC001	323	BLOCKED_MAPPING	same KLIFS family OR KLIFS85 identity >=0.70 OR AlphaFold-pocket US-align max TM >=0.75; transitive closure
UniProt:P51957:6-261|KLIFS:287:positions1-85	NEK4	P51957	PTC001	323	BLOCKED_MAPPING	same KLIFS family OR KLIFS85 identity >=0.70 OR AlphaFold-pocket US-align max TM >=0.75; transitive closure
UniProt:P52333:822-1111|KLIFS:437:positions1-85	JAK3	P52333	PTC001	323	PASS_EXACT	same KLIFS family OR KLIFS85 identity >=0.70 OR AlphaFold-pocket US-align max TM >=0.75; transitive closure
UniProt:P52564:53-314|KLIFS:386:positions1-85	MAP2K6	P52564	PTC001	323	PASS_EXACT	same KLIFS family OR KLIFS85 identity >=0.70 OR AlphaFold-pocket US-align max TM >=0.75; transitive closure
UniProt:P53350:53-305|KLIFS:311:positions1-85	PLK1	P53350	PTC001	323	PASS_EXACT	same KLIFS family OR KLIFS85 identity >=0.70 OR AlphaFold-pocket US-align max TM >=0.75; transitive closure
UniProt:P53355:13-275|KLIFS:140:positions1-85	DAPK1	P53355	PTC001	323	PASS_EXACT	same KLIFS family OR KLIFS85 identity >=0.70 OR AlphaFold-pocket US-align max TM >=0.75; transitive closure
UniProt:P53667:339-604|KLIFS:490:positions1-85	LIMK1	P53667	PTC001	323	PASS_EXACT	same KLIFS family OR KLIFS85 identity >=0.70 OR AlphaFold-pocket US-align max TM >=0.75; transitive closure
UniProt:P53671:331-608|KLIFS:491:positions1-85	LIMK2	P53671	PTC001	323	PASS_EXACT	same KLIFS family OR KLIFS85 identity >=0.70 OR AlphaFold-pocket US-align max TM >=0.75; transitive closure
UniProt:P53778:27-311|KLIFS:252:positions1-85	MAPK12	P53778	PTC001	323	PASS_EXACT	same KLIFS family OR KLIFS85 identity >=0.70 OR AlphaFold-pocket US-align max TM >=0.75; transitive closure
UniProt:P53779:64-359|KLIFS:247:positions1-85	MAPK10	P53779	PTC001	323	PASS_EXACT	same KLIFS family OR KLIFS85 identity >=0.70 OR AlphaFold-pocket US-align max TM >=0.75; transitive closure
UniProt:P54646:16-268|KLIFS:118:positions1-85	PRKAA2	P54646	PTC001	323	PASS_EXACT	same KLIFS family OR KLIFS85 identity >=0.70 OR AlphaFold-pocket US-align max TM >=0.75; transitive closure
UniProt:P54753:633-896|KLIFS:419:positions1-85	EPHB3	P54753	PTC001	323	PASS_EXACT	same KLIFS family OR KLIFS85 identity >=0.70 OR AlphaFold-pocket US-align max TM >=0.75; transitive closure
UniProt:P54756:675-936|KLIFS:414:positions1-85	EPHA5	P54756	PTC001	323	PASS_EXACT	same KLIFS family OR KLIFS85 identity >=0.70 OR AlphaFold-pocket US-align max TM >=0.75; transitive closure
UniProt:P54760:615-899|KLIFS:420:positions1-85	EPHB4	P54760	PTC001	323	PASS_EXACT	same KLIFS family OR KLIFS85 identity >=0.70 OR AlphaFold-pocket US-align max TM >=0.75; transitive closure
UniProt:P54762:619-882|KLIFS:417:positions1-85	EPHB1	P54762	PTC001	323	PASS_EXACT	same KLIFS family OR KLIFS85 identity >=0.70 OR AlphaFold-pocket US-align max TM >=0.75; transitive closure
UniProt:P54764:621-882|KLIFS:413:positions1-85	EPHA4	P54764	PTC001	323	PASS_EXACT	same KLIFS family OR KLIFS85 identity >=0.70 OR AlphaFold-pocket US-align max TM >=0.75; transitive closure
UniProt:P57058:62-320|KLIFS:122:positions1-85	HUNK	P57058	PTC001	323	BLOCKED_MAPPING	same KLIFS family OR KLIFS85 identity >=0.70 OR AlphaFold-pocket US-align max TM >=0.75; transitive closure
UniProt:P57059:27-278|KLIFS:135:positions1-85	SIK1	P57059	PTC001	323	PASS_EXACT	same KLIFS family OR KLIFS85 identity >=0.70 OR AlphaFold-pocket US-align max TM >=0.75; transitive closure
UniProt:P57078:22-286|KLIFS:514:positions1-85	RIPK4	P57078	PTC001	323	BLOCKED_MAPPING	same KLIFS family OR KLIFS85 identity >=0.70 OR AlphaFold-pocket US-align max TM >=0.75; transitive closure
UniProt:P68400:39-324|KLIFS:221:positions1-85	CSNK2A1	P68400	PTC001	323	PASS_EXACT	same KLIFS family OR KLIFS85 identity >=0.70 OR AlphaFold-pocket US-align max TM >=0.75; transitive closure
UniProt:P78362:81-684|KLIFS:257:positions1-85	SRPK2	P78362	PTC001	323	PASS_EXACT	same KLIFS family OR KLIFS85 identity >=0.70 OR AlphaFold-pocket US-align max TM >=0.75; transitive closure
UniProt:P78368:46-316|KLIFS:188:positions1-85	CSNK1G2	P78368	PTC001	323	PASS_EXACT	same KLIFS family OR KLIFS85 identity >=0.70 OR AlphaFold-pocket US-align max TM >=0.75; transitive closure
UniProt:P80192:144-412|KLIFS:500:positions1-85	MAP3K9	P80192	PTC001	323	PASS_EXACT	same KLIFS family OR KLIFS85 identity >=0.70 OR AlphaFold-pocket US-align max TM >=0.75; transitive closure
UniProt:Q00526:4-286|KLIFS:199:positions1-85	CDK3	Q00526	PTC001	323	PASS_EXACT	same KLIFS family OR KLIFS85 identity >=0.70 OR AlphaFold-pocket US-align max TM >=0.75; transitive closure
UniProt:Q00532:4-287|KLIFS:217:positions1-85	CDKL1	Q00532	PTC001	323	PASS_EXACT	same KLIFS family OR KLIFS85 identity >=0.70 OR AlphaFold-pocket US-align max TM >=0.75; transitive closure
UniProt:Q00535:4-286|KLIFS:203:positions1-85	CDK5	Q00535	PTC001	323	PASS_EXACT	same KLIFS family OR KLIFS85 identity >=0.70 OR AlphaFold-pocket US-align max TM >=0.75; transitive closure
UniProt:Q02156:408-668|KLIFS:38:positions1-85	PRKCE	Q02156	PTC001	323	PASS_EXACT	same KLIFS family OR KLIFS85 identity >=0.70 OR AlphaFold-pocket US-align max TM >=0.75; transitive closure
UniProt:Q02750:68-361|KLIFS:383:positions1-85	MAP2K1	Q02750	PTC001	323	PASS_EXACT	same KLIFS family OR KLIFS85 identity >=0.70 OR AlphaFold-pocket US-align max TM >=0.75; transitive closure
UniProt:Q02763:824-1096|KLIFS:477:positions1-85	TEK	Q02763	PTC001	323	PASS_EXACT	same KLIFS family OR KLIFS85 identity >=0.70 OR AlphaFold-pocket US-align max TM >=0.75; transitive closure
UniProt:Q02779:98-360|KLIFS:501:positions1-85	MAP3K10	Q02779	PTC001	323	PASS_EXACT	same KLIFS family OR KLIFS85 identity >=0.70 OR AlphaFold-pocket US-align max TM >=0.75; transitive closure
UniProt:Q04759:380-634|KLIFS:37:positions1-85	PRKCQ	Q04759	PTC001	323	PASS_EXACT	same KLIFS family OR KLIFS85 identity >=0.70 OR AlphaFold-pocket US-align max TM >=0.75; transitive closure
UniProt:Q04771:208-502|KLIFS:516:positions1-85	ACVR1	Q04771	PTC001	323	PASS_EXACT	same KLIFS family OR KLIFS85 identity >=0.70 OR AlphaFold-pocket US-align max TM >=0.75; transitive closure
UniProt:Q04912:1082-1345|KLIFS:447:positions1-85	MST1R	Q04912	PTC001	323	PASS_EXACT	same KLIFS family OR KLIFS85 identity >=0.70 OR AlphaFold-pocket US-align max TM >=0.75; transitive closure
UniProt:Q05397:422-680|KLIFS:425:positions1-85	PTK2	Q05397	PTC001	323	PASS_EXACT	same KLIFS family OR KLIFS85 identity >=0.70 OR AlphaFold-pocket US-align max TM >=0.75; transitive closure
UniProt:Q05655:349-603|KLIFS:36:positions1-85	PRKCD	Q05655	PTC001	323	PASS_EXACT	same KLIFS family OR KLIFS85 identity >=0.70 OR AlphaFold-pocket US-align max TM >=0.75; transitive closure
UniProt:Q06187:402-655|KLIFS:473:positions1-85	BTK	Q06187	PTC001	323	PASS_EXACT	same KLIFS family OR KLIFS85 identity >=0.70 OR AlphaFold-pocket US-align max TM >=0.75; transitive closure
UniProt:Q06418:518-790|KLIFS:399:positions1-85	TYRO3	Q06418	PTC001	323	PASS_EXACT	same KLIFS family OR KLIFS85 identity >=0.70 OR AlphaFold-pocket US-align max TM >=0.75; transitive closure
UniProt:Q07912:126-385|KLIFS:394:positions1-85	TNK2	Q07912	PTC001	323	PASS_EXACT	same KLIFS family OR KLIFS85 identity >=0.70 OR AlphaFold-pocket US-align max TM >=0.75; transitive closure
UniProt:Q08345:610-905|KLIFS:404:positions1-85	DDR1	Q08345	PTC001	323	PASS_EXACT	same KLIFS family OR KLIFS85 identity >=0.70 OR AlphaFold-pocket US-align max TM >=0.75; transitive closure
UniProt:Q08881:363-615|KLIFS:474:positions1-85	ITK	Q08881	PTC001	323	PASS_EXACT	same KLIFS family OR KLIFS85 identity >=0.70 OR AlphaFold-pocket US-align max TM >=0.75; transitive closure
UniProt:Q09013:71-339|KLIFS:5:positions1-85	DMPK	Q09013	PTC001	323	PASS_EXACT	same KLIFS family OR KLIFS85 identity >=0.70 OR AlphaFold-pocket US-align max TM >=0.75; transitive closure
UniProt:Q12851:16-273|KLIFS:1105:positions1-85	MAP4K2	Q12851	PTC001	323	PASS_EXACT	same KLIFS family OR KLIFS85 identity >=0.70 OR AlphaFold-pocket US-align max TM >=0.75; transitive closure
UniProt:Q12852:125-366|KLIFS:498:positions1-85	MAP3K12	Q12852	PTC001	323	PASS_EXACT	same KLIFS family OR KLIFS85 identity >=0.70 OR AlphaFold-pocket US-align max TM >=0.75; transitive closure
UniProt:Q12866:587-858|KLIFS:400:positions1-85	MERTK	Q12866	PTC001	323	PASS_EXACT	same KLIFS family OR KLIFS85 identity >=0.70 OR AlphaFold-pocket US-align max TM >=0.75; transitive closure
UniProt:Q13043:30-281|KLIFS:364:positions1-85	STK4	Q13043	PTC001	323	PASS_EXACT	same KLIFS family OR KLIFS85 identity >=0.70 OR AlphaFold-pocket US-align max TM >=0.75; transitive closure
UniProt:Q13131:27-279|KLIFS:117:positions1-85	PRKAA1	Q13131	PTC001	323	PASS_EXACT	same KLIFS family OR KLIFS85 identity >=0.70 OR AlphaFold-pocket US-align max TM >=0.75; transitive closure
UniProt:Q13153:270-521|KLIFS:367:positions1-85	PAK1	Q13153	PTC001	323	PASS_EXACT	same KLIFS family OR KLIFS85 identity >=0.70 OR AlphaFold-pocket US-align max TM >=0.75; transitive closure
UniProt:Q13163:166-409|KLIFS:388:positions1-85	MAP2K5	Q13163	PTC001	323	BLOCKED_MAPPING	same KLIFS family OR KLIFS85 identity >=0.70 OR AlphaFold-pocket US-align max TM >=0.75; transitive closure
UniProt:Q13164:55-347|KLIFS:243:positions1-85	MAPK7	Q13164	PTC001	323	PASS_EXACT	same KLIFS family OR KLIFS85 identity >=0.70 OR AlphaFold-pocket US-align max TM >=0.75; transitive closure
UniProt:Q13177:249-499|KLIFS:368:positions1-85	PAK2	Q13177	PTC001	323	PASS_EXACT	same KLIFS family OR KLIFS85 identity >=0.70 OR AlphaFold-pocket US-align max TM >=0.75; transitive closure
UniProt:Q13188:27-278|KLIFS:363:positions1-85	STK3	Q13188	PTC001	323	PASS_EXACT	same KLIFS family OR KLIFS85 identity >=0.70 OR AlphaFold-pocket US-align max TM >=0.75; transitive closure
UniProt:Q13233:1243-1508|KLIFS:348:positions1-85	MAP3K1	Q13233	PTC001	323	BLOCKED_MAPPING	same KLIFS family OR KLIFS85 identity >=0.70 OR AlphaFold-pocket US-align max TM >=0.75; transitive closure
UniProt:Q13237:453-711|KLIFS:43:positions1-85	PRKG2	Q13237	PTC001	323	PASS_EXACT	same KLIFS family OR KLIFS85 identity >=0.70 OR AlphaFold-pocket US-align max TM >=0.75; transitive closure
UniProt:Q13464:76-338|KLIFS:9:positions1-85	ROCK1	Q13464	PTC001	323	PASS_EXACT	same KLIFS family OR KLIFS85 identity >=0.70 OR AlphaFold-pocket US-align max TM >=0.75; transitive closure
UniProt:Q13470:116-377|KLIFS:395:positions1-85	TNK1	Q13470	PTC001	323	BLOCKED_MAPPING	same KLIFS family OR KLIFS85 identity >=0.70 OR AlphaFold-pocket US-align max TM >=0.75; transitive closure
UniProt:Q13523:687-1006|KLIFS:236:positions1-85	PRPF4B	Q13523	PTC001	323	PASS_EXACT	same KLIFS family OR KLIFS85 identity >=0.70 OR AlphaFold-pocket US-align max TM >=0.75; transitive closure
UniProt:Q13546:17-289|KLIFS:511:positions1-85	RIPK1	Q13546	PTC001	323	PASS_EXACT	same KLIFS family OR KLIFS85 identity >=0.70 OR AlphaFold-pocket US-align max TM >=0.75; transitive closure
UniProt:Q13554:14-272|KLIFS:114:positions1-85	CAMK2B	Q13554	PTC001	323	PASS_EXACT	same KLIFS family OR KLIFS85 identity >=0.70 OR AlphaFold-pocket US-align max TM >=0.75; transitive closure
UniProt:Q13555:14-272|KLIFS:116:positions1-85	CAMK2G	Q13555	PTC001	323	PASS_EXACT	same KLIFS family OR KLIFS85 identity >=0.70 OR AlphaFold-pocket US-align max TM >=0.75; transitive closure
UniProt:Q13557:14-272|KLIFS:115:positions1-85	CAMK2D	Q13557	PTC001	323	PASS_EXACT	same KLIFS family OR KLIFS85 identity >=0.70 OR AlphaFold-pocket US-align max TM >=0.75; transitive closure
UniProt:Q13627:159-479|KLIFS:227:positions1-85	DYRK1A	Q13627	PTC001	323	PASS_EXACT	same KLIFS family OR KLIFS85 identity >=0.70 OR AlphaFold-pocket US-align max TM >=0.75; transitive closure
UniProt:Q13705:190-480|KLIFS:524:positions1-85	ACVR2B	Q13705	PTC001	323	PASS_EXACT	same KLIFS family OR KLIFS85 identity >=0.70 OR AlphaFold-pocket US-align max TM >=0.75; transitive closure
UniProt:Q13873:203-504|KLIFS:526:positions1-85	BMPR2	Q13873	PTC001	323	BLOCKED_MAPPING	same KLIFS family OR KLIFS85 identity >=0.70 OR AlphaFold-pocket US-align max TM >=0.75; transitive closure
UniProt:Q13882:191-445|KLIFS:468:positions1-85	PTK6	Q13882	PTC001	323	PASS_EXACT	same KLIFS family OR KLIFS85 identity >=0.70 OR AlphaFold-pocket US-align max TM >=0.75; transitive closure
UniProt:Q13976:360-619|KLIFS:42:positions1-85	PRKG1	Q13976	PTC001	323	PASS_EXACT	same KLIFS family OR KLIFS85 identity >=0.70 OR AlphaFold-pocket US-align max TM >=0.75; transitive closure
UniProt:Q14012:20-276|KLIFS:109:positions1-85	CAMK1	Q14012	PTC001	323	PASS_EXACT	same KLIFS family OR KLIFS85 identity >=0.70 OR AlphaFold-pocket US-align max TM >=0.75; transitive closure
UniProt:Q14164:9-315|KLIFS:271:positions1-85	IKBKE	Q14164	PTC001	323	PASS_EXACT	same KLIFS family OR KLIFS85 identity >=0.70 OR AlphaFold-pocket US-align max TM >=0.75; transitive closure
UniProt:Q14289:425-683|KLIFS:424:positions1-85	PTK2B	Q14289	PTC001	323	PASS_EXACT	same KLIFS family OR KLIFS85 identity >=0.70 OR AlphaFold-pocket US-align max TM >=0.75; transitive closure
UniProt:Q14680:11-263|KLIFS:128:positions1-85	MELK	Q14680	PTC001	323	PASS_EXACT	same KLIFS family OR KLIFS85 identity >=0.70 OR AlphaFold-pocket US-align max TM >=0.75; transitive closure
UniProt:Q15139:583-839|KLIFS:163:positions1-85	PRKD1	Q15139	PTC003	3	BLOCKED_MAPPING	same KLIFS family OR KLIFS85 identity >=0.70 OR AlphaFold-pocket US-align max TM >=0.75; transitive closure
UniProt:Q15208:89-382|KLIFS:24:positions1-85	STK38	Q15208	PTC001	323	PASS_EXACT	same KLIFS family OR KLIFS85 identity >=0.70 OR AlphaFold-pocket US-align max TM >=0.75; transitive closure
UniProt:Q15303:718-985|KLIFS:409:positions1-85	ERBB4	Q15303	PTC001	323	PASS_EXACT	same KLIFS family OR KLIFS85 identity >=0.70 OR AlphaFold-pocket US-align max TM >=0.75; transitive closure
UniProt:Q15349:59-318|KLIFS:53:positions1-85	RPS6KA2	Q15349	PTC001	323	PASS_EXACT	same KLIFS family OR KLIFS85 identity >=0.70 OR AlphaFold-pocket US-align max TM >=0.75; transitive closure
UniProt:Q15375:633-894|KLIFS:415:positions1-85	EPHA7	Q15375	PTC001	323	PASS_EXACT	same KLIFS family OR KLIFS85 identity >=0.70 OR AlphaFold-pocket US-align max TM >=0.75; transitive closure
UniProt:Q15418:62-321|KLIFS:54:positions1-85	RPS6KA1	Q15418	PTC001	323	PASS_EXACT	same KLIFS family OR KLIFS85 identity >=0.70 OR AlphaFold-pocket US-align max TM >=0.75; transitive closure
UniProt:Q15569:57-314|KLIFS:492:positions1-85	TESK1	Q15569	PTC001	323	BLOCKED_MAPPING	same KLIFS family OR KLIFS85 identity >=0.70 OR AlphaFold-pocket US-align max TM >=0.75; transitive closure
UniProt:Q15746:1464-1719|KLIFS:153:positions1-85	MYLK	Q15746	PTC005	4	BLOCKED_MAPPING	same KLIFS family OR KLIFS85 identity >=0.70 OR AlphaFold-pocket US-align max TM >=0.75; transitive closure
UniProt:Q15759:24-308|KLIFS:250:positions1-85	MAPK11	Q15759	PTC001	323	PASS_EXACT	same KLIFS family OR KLIFS85 identity >=0.70 OR AlphaFold-pocket US-align max TM >=0.75; transitive closure
UniProt:Q15831:49-309|KLIFS:123:positions1-85	STK11	Q15831	PTC001	323	BLOCKED_MAPPING	same KLIFS family OR KLIFS85 identity >=0.70 OR AlphaFold-pocket US-align max TM >=0.75; transitive closure
UniProt:Q15835:190-455|KLIFS:16:positions1-85	GRK1	Q15835	PTC001	323	PASS_EXACT	same KLIFS family OR KLIFS85 identity >=0.70 OR AlphaFold-pocket US-align max TM >=0.75; transitive closure
UniProt:Q16288:538-839|KLIFS:482:positions1-85	NTRK3	Q16288	PTC001	323	PASS_EXACT	same KLIFS family OR KLIFS85 identity >=0.70 OR AlphaFold-pocket US-align max TM >=0.75; transitive closure
UniProt:Q16512:615-874|KLIFS:44:positions1-85	PKN1	Q16512	PTC001	323	PASS_EXACT	same KLIFS family OR KLIFS85 identity >=0.70 OR AlphaFold-pocket US-align max TM >=0.75; transitive closure
UniProt:Q16513:657-916|KLIFS:45:positions1-85	PKN2	Q16513	PTC001	323	PASS_EXACT	same KLIFS family OR KLIFS85 identity >=0.70 OR AlphaFold-pocket US-align max TM >=0.75; transitive closure
UniProt:Q16539:24-308|KLIFS:249:positions1-85	MAPK14	Q16539	PTC001	323	PASS_EXACT	same KLIFS family OR KLIFS85 identity >=0.70 OR AlphaFold-pocket US-align max TM >=0.75; transitive closure
UniProt:Q16566:46-300|KLIFS:108:positions1-85	CAMK4	Q16566	PTC001	323	BLOCKED_MAPPING	same KLIFS family OR KLIFS85 identity >=0.70 OR AlphaFold-pocket US-align max TM >=0.75; transitive closure
UniProt:Q16584:117-379|KLIFS:502:positions1-85	MAP3K11	Q16584	PTC001	323	PASS_EXACT	same KLIFS family OR KLIFS85 identity >=0.70 OR AlphaFold-pocket US-align max TM >=0.75; transitive closure
UniProt:Q16620:538-807|KLIFS:481:positions1-85	NTRK2	Q16620	PTC001	323	PASS_EXACT	same KLIFS family OR KLIFS85 identity >=0.70 OR AlphaFold-pocket US-align max TM >=0.75; transitive closure
UniProt:Q16659:20-316|KLIFS:242:positions1-85	MAPK6	Q16659	PTC001	323	PASS_EXACT	same KLIFS family OR KLIFS85 identity >=0.70 OR AlphaFold-pocket US-align max TM >=0.75; transitive closure
UniProt:Q16816:20-288|KLIFS:158:positions1-85	PHKG1	Q16816	PTC001	323	PASS_EXACT	same KLIFS family OR KLIFS85 identity >=0.70 OR AlphaFold-pocket US-align max TM >=0.75; transitive closure
UniProt:Q16832:563-849|KLIFS:405:positions1-85	DDR2	Q16832	PTC001	323	PASS_EXACT	same KLIFS family OR KLIFS85 identity >=0.70 OR AlphaFold-pocket US-align max TM >=0.75; transitive closure
UniProt:Q2M2I8:46-315|KLIFS:277:positions1-85	AAK1	Q2M2I8	PTC001	323	PASS_EXACT	same KLIFS family OR KLIFS85 identity >=0.70 OR AlphaFold-pocket US-align max TM >=0.75; transitive closure
UniProt:Q32MK0:515-770|KLIFS:156:positions1-85	MYLK3	Q32MK0	PTC005	4	BLOCKED_MAPPING	same KLIFS family OR KLIFS85 identity >=0.70 OR AlphaFold-pocket US-align max TM >=0.75; transitive closure
UniProt:Q52WX2:53-318|KLIFS:292:positions1-85	SBK1	Q52WX2	PTC006	1	BLOCKED_MAPPING	same KLIFS family OR KLIFS85 identity >=0.70 OR AlphaFold-pocket US-align max TM >=0.75; transitive closure
UniProt:Q59H18:463-723|KLIFS:496:positions1-85	TNNI3K	Q59H18	PTC001	323	PASS_EXACT	same KLIFS family OR KLIFS85 identity >=0.70 OR AlphaFold-pocket US-align max TM >=0.75; transitive closure
UniProt:Q5S007:1879-2138|KLIFS:495:positions1-85	LRRK2	Q5S007	PTC007	1	BLOCKED_MAPPING	same KLIFS family OR KLIFS85 identity >=0.70 OR AlphaFold-pocket US-align max TM >=0.75; transitive closure
UniProt:Q5VT25:77-343|KLIFS:6:positions1-85	CDC42BPA	Q5VT25	PTC001	323	PASS_EXACT	same KLIFS family OR KLIFS85 identity >=0.70 OR AlphaFold-pocket US-align max TM >=0.75; transitive closure
UniProt:Q6DT37:71-337|KLIFS:8:positions1-85	CDC42BPG	Q6DT37	PTC001	323	PASS_EXACT	same KLIFS family OR KLIFS85 identity >=0.70 OR AlphaFold-pocket US-align max TM >=0.75; transitive closure
UniProt:Q6P3R8:4-259|KLIFS:283:positions1-85	NEK5	Q6P3R8	PTC001	323	BLOCKED_MAPPING	same KLIFS family OR KLIFS85 identity >=0.70 OR AlphaFold-pocket US-align max TM >=0.75; transitive closure
UniProt:Q6PHR2:14-270|KLIFS:330:positions1-85	ULK3	Q6PHR2	PTC001	323	PASS_EXACT	same KLIFS family OR KLIFS85 identity >=0.70 OR AlphaFold-pocket US-align max TM >=0.75; transitive closure
UniProt:Q6ZN16:652-908|KLIFS:347:positions1-85	MAP3K15	Q6ZN16	PTC001	323	PASS_EXACT	same KLIFS family OR KLIFS85 identity >=0.70 OR AlphaFold-pocket US-align max TM >=0.75; transitive closure
UniProt:Q7KZI7:53-304|KLIFS:124:positions1-85	MARK2	Q7KZI7	PTC001	323	PASS_EXACT	same KLIFS family OR KLIFS85 identity >=0.70 OR AlphaFold-pocket US-align max TM >=0.75; transitive closure
UniProt:Q7L7X3:28-281|KLIFS:379:positions1-85	TAOK1	Q7L7X3	PTC001	323	PASS_EXACT	same KLIFS family OR KLIFS85 identity >=0.70 OR AlphaFold-pocket US-align max TM >=0.75; transitive closure
UniProt:Q86UE8:462-741|KLIFS:324:positions1-85	TLK2	Q86UE8	PTC001	323	PASS_EXACT	same KLIFS family OR KLIFS85 identity >=0.70 OR AlphaFold-pocket US-align max TM >=0.75; transitive closure
UniProt:Q86UX6:93-353|KLIFS:69:positions1-85	STK32C	Q86UX6	PTC001	323	PASS_EXACT	same KLIFS family OR KLIFS85 identity >=0.70 OR AlphaFold-pocket US-align max TM >=0.75; transitive closure
UniProt:Q86V86:40-293|KLIFS:162:positions1-85	PIM3	Q86V86	PTC001	323	BLOCKED_MAPPING	same KLIFS family OR KLIFS85 identity >=0.70 OR AlphaFold-pocket US-align max TM >=0.75; transitive closure
UniProt:Q86Y07:29-319|KLIFS:194:positions1-85	VRK2	Q86Y07	PTC001	323	PASS_EXACT	same KLIFS family OR KLIFS85 identity >=0.70 OR AlphaFold-pocket US-align max TM >=0.75; transitive closure
UniProt:Q86YV6:106-361|KLIFS:157:positions1-85	MYLK4	Q86YV6	PTC005	4	BLOCKED_MAPPING	same KLIFS family OR KLIFS85 identity >=0.70 OR AlphaFold-pocket US-align max TM >=0.75; transitive closure
UniProt:Q86Z02:190-518|KLIFS:235:positions1-85	HIPK1	Q86Z02	PTC001	323	PASS_EXACT	same KLIFS family OR KLIFS85 identity >=0.70 OR AlphaFold-pocket US-align max TM >=0.75; transitive closure
UniProt:Q8IU85:23-279|KLIFS:110:positions1-85	CAMK1D	Q8IU85	PTC001	323	PASS_EXACT	same KLIFS family OR KLIFS85 identity >=0.70 OR AlphaFold-pocket US-align max TM >=0.75; transitive closure
UniProt:Q8IVH8:16-273|KLIFS:356:positions1-85	MAP4K3	Q8IVH8	PTC001	323	PASS_EXACT	same KLIFS family OR KLIFS85 identity >=0.70 OR AlphaFold-pocket US-align max TM >=0.75; transitive closure
UniProt:Q8IVW4:4-286|KLIFS:219:positions1-85	CDKL3	Q8IVW4	PTC001	323	PASS_EXACT	same KLIFS family OR KLIFS85 identity >=0.70 OR AlphaFold-pocket US-align max TM >=0.75; transitive closure
UniProt:Q8IW41:22-304|KLIFS:149:positions1-85	MAPKAPK5	Q8IW41	PTC001	323	BLOCKED_MAPPING	same KLIFS family OR KLIFS85 identity >=0.70 OR AlphaFold-pocket US-align max TM >=0.75; transitive closure
UniProt:Q8IWQ3:19-270|KLIFS:119:positions1-85	BRSK2	Q8IWQ3	PTC001	323	PASS_EXACT	same KLIFS family OR KLIFS85 identity >=0.70 OR AlphaFold-pocket US-align max TM >=0.75; transitive closure
UniProt:Q8IYT8:9-271|KLIFS:329:positions1-85	ULK2	Q8IYT8	PTC001	323	PASS_EXACT	same KLIFS family OR KLIFS85 identity >=0.70 OR AlphaFold-pocket US-align max TM >=0.75; transitive closure
UniProt:Q8N4C8:25-289|KLIFS:362:positions1-85	MINK1	Q8N4C8	PTC001	323	PASS_EXACT	same KLIFS family OR KLIFS85 identity >=0.70 OR AlphaFold-pocket US-align max TM >=0.75; transitive closure
UniProt:Q8N568:394-651|KLIFS:147:positions1-85	DCLK2	Q8N568	PTC001	323	PASS_EXACT	same KLIFS family OR KLIFS85 identity >=0.70 OR AlphaFold-pocket US-align max TM >=0.75; transitive closure
UniProt:Q8N5S9:128-409|KLIFS:266:positions1-85	CAMKK1	Q8N5S9	PTC001	323	BLOCKED_MAPPING	same KLIFS family OR KLIFS85 identity >=0.70 OR AlphaFold-pocket US-align max TM >=0.75; transitive closure
UniProt:Q8N752:17-285|KLIFS:185:positions1-85	CSNK1A1L	Q8N752	PTC001	323	PASS_EXACT	same KLIFS family OR KLIFS85 identity >=0.70 OR AlphaFold-pocket US-align max TM >=0.75; transitive closure
UniProt:Q8NE63:11-347|KLIFS:234:positions1-85	HIPK4	Q8NE63	PTC001	323	BLOCKED_MAPPING	same KLIFS family OR KLIFS85 identity >=0.70 OR AlphaFold-pocket US-align max TM >=0.75; transitive closure
UniProt:Q8NEV4:21-287|KLIFS:365:positions1-85	MYO3A	Q8NEV4	PTC001	323	BLOCKED_MAPPING	same KLIFS family OR KLIFS85 identity >=0.70 OR AlphaFold-pocket US-align max TM >=0.75; transitive closure
UniProt:Q8NFD2:22-289|KLIFS:515:positions1-85	ANKK1	Q8NFD2	PTC001	323	BLOCKED_MAPPING	same KLIFS family OR KLIFS85 identity >=0.70 OR AlphaFold-pocket US-align max TM >=0.75; transitive closure
UniProt:Q8NG66:29-287|KLIFS:285:positions1-85	NEK11	Q8NG66	PTC001	323	BLOCKED_MAPPING	same KLIFS family OR KLIFS85 identity >=0.70 OR AlphaFold-pocket US-align max TM >=0.75; transitive closure
UniProt:Q8TD08:13-304|KLIFS:244:positions1-85	MAPK15	Q8TD08	PTC001	323	BLOCKED_MAPPING	same KLIFS family OR KLIFS85 identity >=0.70 OR AlphaFold-pocket US-align max TM >=0.75; transitive closure
UniProt:Q8TD19:52-308|KLIFS:290:positions1-85	NEK9	Q8TD19	PTC001	323	BLOCKED_MAPPING	same KLIFS family OR KLIFS85 identity >=0.70 OR AlphaFold-pocket US-align max TM >=0.75; transitive closure
UniProt:Q8TDC3:34-285|KLIFS:120:positions1-85	BRSK1	Q8TDC3	PTC001	323	PASS_EXACT	same KLIFS family OR KLIFS85 identity >=0.70 OR AlphaFold-pocket US-align max TM >=0.75; transitive closure
UniProt:Q8TDR2:202-530|KLIFS:298:positions1-85	STK35	Q8TDR2	PTC008	1	BLOCKED_MAPPING	same KLIFS family OR KLIFS85 identity >=0.70 OR AlphaFold-pocket US-align max TM >=0.75; transitive closure
UniProt:Q8TDX7:34-299|KLIFS:289:positions1-85	NEK7	Q8TDX7	PTC001	323	PASS_EXACT	same KLIFS family OR KLIFS85 identity >=0.70 OR AlphaFold-pocket US-align max TM >=0.75; transitive closure
UniProt:Q8WTQ7:191-454|KLIFS:17:positions1-85	GRK7	Q8WTQ7	PTC001	323	PASS_EXACT	same KLIFS family OR KLIFS85 identity >=0.70 OR AlphaFold-pocket US-align max TM >=0.75; transitive closure
UniProt:Q8WU08:23-281|KLIFS:68:positions1-85	STK32A	Q8WU08	PTC001	323	PASS_EXACT	same KLIFS family OR KLIFS85 identity >=0.70 OR AlphaFold-pocket US-align max TM >=0.75; transitive closure
UniProt:Q8WXR4:27-293|KLIFS:366:positions1-85	MYO3B	Q8WXR4	PTC001	323	BLOCKED_MAPPING	same KLIFS family OR KLIFS85 identity >=0.70 OR AlphaFold-pocket US-align max TM >=0.75; transitive closure
UniProt:Q92630:222-535|KLIFS:230:positions1-85	DYRK2	Q92630	PTC001	323	PASS_EXACT	same KLIFS family OR KLIFS85 identity >=0.70 OR AlphaFold-pocket US-align max TM >=0.75; transitive closure
UniProt:Q92772:4-287|KLIFS:218:positions1-85	CDKL2	Q92772	PTC001	323	PASS_EXACT	same KLIFS family OR KLIFS85 identity >=0.70 OR AlphaFold-pocket US-align max TM >=0.75; transitive closure
UniProt:Q92918:17-274|KLIFS:358:positions1-85	MAP4K1	Q92918	PTC001	323	PASS_EXACT	same KLIFS family OR KLIFS85 identity >=0.70 OR AlphaFold-pocket US-align max TM >=0.75; transitive closure
UniProt:Q96BR1:162-419|KLIFS:66:positions1-85	SGK3	Q96BR1	PTC001	323	PASS_EXACT	same KLIFS family OR KLIFS85 identity >=0.70 OR AlphaFold-pocket US-align max TM >=0.75; transitive closure
UniProt:Q96GD4:77-327|KLIFS:261:positions1-85	AURKB	Q96GD4	PTC001	323	PASS_EXACT	same KLIFS family OR KLIFS85 identity >=0.70 OR AlphaFold-pocket US-align max TM >=0.75; transitive closure
UniProt:Q96L34:59-310|KLIFS:127:positions1-85	MARK4	Q96L34	PTC001	323	PASS_EXACT	same KLIFS family OR KLIFS85 identity >=0.70 OR AlphaFold-pocket US-align max TM >=0.75; transitive closure
UniProt:Q96NX5:23-277|KLIFS:111:positions1-85	CAMK1G	Q96NX5	PTC001	323	PASS_EXACT	same KLIFS family OR KLIFS85 identity >=0.70 OR AlphaFold-pocket US-align max TM >=0.75; transitive closure
UniProt:Q96PY6:4-258|KLIFS:281:positions1-85	NEK1	Q96PY6	PTC001	323	BLOCKED_MAPPING	same KLIFS family OR KLIFS85 identity >=0.70 OR AlphaFold-pocket US-align max TM >=0.75; transitive closure
UniProt:Q96RR4:165-446|KLIFS:265:positions1-85	CAMKK2	Q96RR4	PTC001	323	PASS_EXACT	same KLIFS family OR KLIFS85 identity >=0.70 OR AlphaFold-pocket US-align max TM >=0.75; transitive closure
UniProt:Q96SB4:80-653|KLIFS:256:positions1-85	SRPK1	Q96SB4	PTC001	323	PASS_EXACT	same KLIFS family OR KLIFS85 identity >=0.70 OR AlphaFold-pocket US-align max TM >=0.75; transitive closure
UniProt:Q99640:110-359|KLIFS:334:positions1-85	PKMYT1	Q99640	PTC001	323	PASS_EXACT	same KLIFS family OR KLIFS85 identity >=0.70 OR AlphaFold-pocket US-align max TM >=0.75; transitive closure
UniProt:Q99683:680-938|KLIFS:345:positions1-85	MAP3K5	Q99683	PTC001	323	PASS_EXACT	same KLIFS family OR KLIFS85 identity >=0.70 OR AlphaFold-pocket US-align max TM >=0.75; transitive closure
UniProt:Q99759:362-622|KLIFS:350:positions1-85	MAP3K3	Q99759	PTC001	323	BLOCKED_MAPPING	same KLIFS family OR KLIFS85 identity >=0.70 OR AlphaFold-pocket US-align max TM >=0.75; transitive closure
UniProt:Q9BQI3:167-583|KLIFS:308:positions1-85	EIF2AK1	Q9BQI3	PTC001	323	BLOCKED_MAPPING	same KLIFS family OR KLIFS85 identity >=0.70 OR AlphaFold-pocket US-align max TM >=0.75; transitive closure
UniProt:Q9BUB5:49-374|KLIFS:152:positions1-85	MKNK1	Q9BUB5	PTC001	323	PASS_EXACT	same KLIFS family OR KLIFS85 identity >=0.70 OR AlphaFold-pocket US-align max TM >=0.75; transitive closure
UniProt:Q9BXA7:12-272|KLIFS:181:positions1-85	TSSK1B	Q9BXA7	PTC009	1	BLOCKED_MAPPING	same KLIFS family OR KLIFS85 identity >=0.70 OR AlphaFold-pocket US-align max TM >=0.75; transitive closure
UniProt:Q9BYT3:116-381|KLIFS:137:positions1-85	STK33	Q9BYT3	PTC010	1	BLOCKED_MAPPING	same KLIFS family OR KLIFS85 identity >=0.70 OR AlphaFold-pocket US-align max TM >=0.75; transitive closure
UniProt:Q9BZL6:551-807|KLIFS:165:positions1-85	PRKD2	Q9BZL6	PTC003	3	BLOCKED_MAPPING	same KLIFS family OR KLIFS85 identity >=0.70 OR AlphaFold-pocket US-align max TM >=0.75; transitive closure
UniProt:Q9C098:356-613|KLIFS:146:positions1-85	DCLK3	Q9C098	PTC001	323	PASS_EXACT	same KLIFS family OR KLIFS85 identity >=0.70 OR AlphaFold-pocket US-align max TM >=0.75; transitive closure
UniProt:Q9H093:53-303|KLIFS:131:positions1-85	NUAK2	Q9H093	PTC001	323	PASS_EXACT	same KLIFS family OR KLIFS85 identity >=0.70 OR AlphaFold-pocket US-align max TM >=0.75; transitive closure
UniProt:Q9H0K1:20-271|KLIFS:133:positions1-85	SIK2	Q9H0K1	PTC001	323	PASS_EXACT	same KLIFS family OR KLIFS85 identity >=0.70 OR AlphaFold-pocket US-align max TM >=0.75; transitive closure
UniProt:Q9H1R3:285-540|KLIFS:155:positions1-85	MYLK2	Q9H1R3	PTC005	4	BLOCKED_MAPPING	same KLIFS family OR KLIFS85 identity >=0.70 OR AlphaFold-pocket US-align max TM >=0.75; transitive closure
UniProt:Q9H2G2:34-292|KLIFS:374:positions1-85	SLK	Q9H2G2	PTC001	323	PASS_EXACT	same KLIFS family OR KLIFS85 identity >=0.70 OR AlphaFold-pocket US-align max TM >=0.75; transitive closure
UniProt:Q9H2K8:24-277|KLIFS:378:positions1-85	TAOK3	Q9H2K8	PTC001	323	PASS_EXACT	same KLIFS family OR KLIFS85 identity >=0.70 OR AlphaFold-pocket US-align max TM >=0.75; transitive closure
UniProt:Q9H2X6:199-527|KLIFS:233:positions1-85	HIPK2	Q9H2X6	PTC001	323	PASS_EXACT	same KLIFS family OR KLIFS85 identity >=0.70 OR AlphaFold-pocket US-align max TM >=0.75; transitive closure
UniProt:Q9H3Y6:230-488|KLIFS:469:positions1-85	SRMS	Q9H3Y6	PTC001	323	PASS_EXACT	same KLIFS family OR KLIFS85 identity >=0.70 OR AlphaFold-pocket US-align max TM >=0.75; transitive closure
UniProt:Q9H422:197-525|KLIFS:232:positions1-85	HIPK3	Q9H422	PTC001	323	PASS_EXACT	same KLIFS family OR KLIFS85 identity >=0.70 OR AlphaFold-pocket US-align max TM >=0.75; transitive closure
UniProt:Q9H4B4:62-314|KLIFS:312:positions1-85	PLK3	Q9H4B4	PTC001	323	PASS_EXACT	same KLIFS family OR KLIFS85 identity >=0.70 OR AlphaFold-pocket US-align max TM >=0.75; transitive closure
UniProt:Q9HAZ1:159-475|KLIFS:226:positions1-85	CLK4	Q9HAZ1	PTC001	323	PASS_EXACT	same KLIFS family OR KLIFS85 identity >=0.70 OR AlphaFold-pocket US-align max TM >=0.75; transitive closure
UniProt:Q9HBH9:84-388|KLIFS:151:positions1-85	MKNK2	Q9HBH9	PTC001	323	PASS_EXACT	same KLIFS family OR KLIFS85 identity >=0.70 OR AlphaFold-pocket US-align max TM >=0.75; transitive closure
UniProt:Q9HC98:45-310|KLIFS:288:positions1-85	NEK6	Q9HC98	PTC001	323	PASS_EXACT	same KLIFS family OR KLIFS85 identity >=0.70 OR AlphaFold-pocket US-align max TM >=0.75; transitive closure
UniProt:Q9HCP0:44-315|KLIFS:190:positions1-85	CSNK1G1	Q9HCP0	PTC001	323	PASS_EXACT	same KLIFS family OR KLIFS85 identity >=0.70 OR AlphaFold-pocket US-align max TM >=0.75; transitive closure
UniProt:Q9NQU5:407-658|KLIFS:371:positions1-85	PAK6	Q9NQU5	PTC001	323	PASS_EXACT	same KLIFS family OR KLIFS85 identity >=0.70 OR AlphaFold-pocket US-align max TM >=0.75; transitive closure
UniProt:Q9NRH2:16-269|KLIFS:136:positions1-85	SNRK	Q9NRH2	PTC001	323	PASS_EXACT	same KLIFS family OR KLIFS85 identity >=0.70 OR AlphaFold-pocket US-align max TM >=0.75; transitive closure
UniProt:Q9NRM7:668-973|KLIFS:26:positions1-85	LATS2	Q9NRM7	PTC001	323	PASS_EXACT	same KLIFS family OR KLIFS85 identity >=0.70 OR AlphaFold-pocket US-align max TM >=0.75; transitive closure
UniProt:Q9NRP7:4-254|KLIFS:327:positions1-85	STK36	Q9NRP7	PTC001	323	BLOCKED_MAPPING	same KLIFS family OR KLIFS85 identity >=0.70 OR AlphaFold-pocket US-align max TM >=0.75; transitive closure
UniProt:Q9NSY1:51-316|KLIFS:278:positions1-85	BMP2K	Q9NSY1	PTC001	323	PASS_EXACT	same KLIFS family OR KLIFS85 identity >=0.70 OR AlphaFold-pocket US-align max TM >=0.75; transitive closure
UniProt:Q9NWZ3:186-454|KLIFS:489:positions1-85	IRAK4	Q9NWZ3	PTC001	323	PASS_EXACT	same KLIFS family OR KLIFS85 identity >=0.70 OR AlphaFold-pocket US-align max TM >=0.75; transitive closure
UniProt:Q9NY57:23-283|KLIFS:67:positions1-85	STK32B	Q9NY57	PTC001	323	PASS_EXACT	same KLIFS family OR KLIFS85 identity >=0.70 OR AlphaFold-pocket US-align max TM >=0.75; transitive closure
UniProt:Q9NYY3:82-334|KLIFS:313:positions1-85	PLK2	Q9NYY3	PTC001	323	PASS_EXACT	same KLIFS family OR KLIFS85 identity >=0.70 OR AlphaFold-pocket US-align max TM >=0.75; transitive closure
UniProt:Q9P0L2:60-311|KLIFS:125:positions1-85	MARK1	Q9P0L2	PTC001	323	PASS_EXACT	same KLIFS family OR KLIFS85 identity >=0.70 OR AlphaFold-pocket US-align max TM >=0.75; transitive closure
UniProt:Q9P1W9:32-286|KLIFS:161:positions1-85	PIM2	Q9P1W9	PTC001	323	PASS_EXACT	same KLIFS family OR KLIFS85 identity >=0.70 OR AlphaFold-pocket US-align max TM >=0.75; transitive closure
UniProt:Q9UBE8:138-427|KLIFS:248:positions1-85	NLK	Q9UBE8	PTC001	323	BLOCKED_MAPPING	same KLIFS family OR KLIFS85 identity >=0.70 OR AlphaFold-pocket US-align max TM >=0.75; transitive closure
UniProt:Q9UEE5:61-321|KLIFS:144:positions1-85	STK17A	Q9UEE5	PTC001	323	BLOCKED_MAPPING	same KLIFS family OR KLIFS85 identity >=0.70 OR AlphaFold-pocket US-align max TM >=0.75; transitive closure
UniProt:Q9UEW8:63-337|KLIFS:354:positions1-85	STK39	Q9UEW8	PTC001	323	PASS_EXACT	same KLIFS family OR KLIFS85 identity >=0.70 OR AlphaFold-pocket US-align max TM >=0.75; transitive closure
UniProt:Q9UF33:631-944|KLIFS:423:positions1-85	EPHA6	Q9UF33	PTC001	323	BLOCKED_MAPPING	same KLIFS family OR KLIFS85 identity >=0.70 OR AlphaFold-pocket US-align max TM >=0.75; transitive closure
UniProt:Q9UHD2:9-310|KLIFS:272:positions1-85	TBK1	Q9UHD2	PTC001	323	PASS_EXACT	same KLIFS family OR KLIFS85 identity >=0.70 OR AlphaFold-pocket US-align max TM >=0.75; transitive closure
UniProt:Q9UIK4:23-285|KLIFS:142:positions1-85	DAPK2	Q9UIK4	PTC001	323	PASS_EXACT	same KLIFS family OR KLIFS85 identity >=0.70 OR AlphaFold-pocket US-align max TM >=0.75; transitive closure
UniProt:Q9UK32:73-330|KLIFS:56:positions1-85	RPS6KA6	Q9UK32	PTC001	323	PASS_EXACT	same KLIFS family OR KLIFS85 identity >=0.70 OR AlphaFold-pocket US-align max TM >=0.75; transitive closure
UniProt:Q9UKE5:25-289|KLIFS:360:positions1-85	TNIK	Q9UKE5	PTC001	323	PASS_EXACT	same KLIFS family OR KLIFS85 identity >=0.70 OR AlphaFold-pocket US-align max TM >=0.75; transitive closure
UniProt:Q9UKI8:456-734|KLIFS:323:positions1-85	TLK1	Q9UKI8	PTC001	323	PASS_EXACT	same KLIFS family OR KLIFS85 identity >=0.70 OR AlphaFold-pocket US-align max TM >=0.75; transitive closure
UniProt:Q9UL54:28-281|KLIFS:377:positions1-85	TAOK2	Q9UL54	PTC001	323	PASS_EXACT	same KLIFS family OR KLIFS85 identity >=0.70 OR AlphaFold-pocket US-align max TM >=0.75; transitive closure
UniProt:Q9UM73:1116-1392|KLIFS:396:positions1-85	ALK	Q9UM73	PTC001	323	PASS_EXACT	same KLIFS family OR KLIFS85 identity >=0.70 OR AlphaFold-pocket US-align max TM >=0.75; transitive closure
UniProt:Q9UPE1:79-565|KLIFS:258:positions1-85	SRPK3	Q9UPE1	PTC001	323	PASS_EXACT	same KLIFS family OR KLIFS85 identity >=0.70 OR AlphaFold-pocket US-align max TM >=0.75; transitive closure
UniProt:Q9UPZ9:4-284|KLIFS:255:positions1-85	ICK	Q9UPZ9	PTC004	2	BLOCKED_MAPPING	same KLIFS family OR KLIFS85 identity >=0.70 OR AlphaFold-pocket US-align max TM >=0.75; transitive closure
UniProt:Q9UQB9:43-293|KLIFS:260:positions1-85	AURKC	Q9UQB9	PTC001	323	PASS_EXACT	same KLIFS family OR KLIFS85 identity >=0.70 OR AlphaFold-pocket US-align max TM >=0.75; transitive closure
UniProt:Q9UQM7:13-271|KLIFS:113:positions1-85	CAMK2A	Q9UQM7	PTC001	323	PASS_EXACT	same KLIFS family OR KLIFS85 identity >=0.70 OR AlphaFold-pocket US-align max TM >=0.75; transitive closure
UniProt:Q9Y243:148-405|KLIFS:3:positions1-85	AKT3	Q9Y243	PTC001	323	PASS_EXACT	same KLIFS family OR KLIFS85 identity >=0.70 OR AlphaFold-pocket US-align max TM >=0.75; transitive closure
UniProt:Q9Y2H1:90-383|KLIFS:25:positions1-85	STK38L	Q9Y2H1	PTC001	323	PASS_EXACT	same KLIFS family OR KLIFS85 identity >=0.70 OR AlphaFold-pocket US-align max TM >=0.75; transitive closure
UniProt:Q9Y2H9:374-647|KLIFS:18:positions1-85	MAST1	Q9Y2H9	PTC001	323	PASS_EXACT	same KLIFS family OR KLIFS85 identity >=0.70 OR AlphaFold-pocket US-align max TM >=0.75; transitive closure
UniProt:Q9Y2U5:357-617|KLIFS:351:positions1-85	MAP3K2	Q9Y2U5	PTC001	323	BLOCKED_MAPPING	same KLIFS family OR KLIFS85 identity >=0.70 OR AlphaFold-pocket US-align max TM >=0.75; transitive closure
UniProt:Q9Y463:111-431|KLIFS:228:positions1-85	DYRK1B	Q9Y463	PTC001	323	PASS_EXACT	same KLIFS family OR KLIFS85 identity >=0.70 OR AlphaFold-pocket US-align max TM >=0.75; transitive closure
UniProt:Q9Y4K4:20-277|KLIFS:357:positions1-85	MAP4K5	Q9Y4K4	PTC001	323	PASS_EXACT	same KLIFS family OR KLIFS85 identity >=0.70 OR AlphaFold-pocket US-align max TM >=0.75; transitive closure
UniProt:Q9Y5S2:76-342|KLIFS:7:positions1-85	CDC42BPB	Q9Y5S2	PTC001	323	PASS_EXACT	same KLIFS family OR KLIFS85 identity >=0.70 OR AlphaFold-pocket US-align max TM >=0.75; transitive closure
UniProt:Q9Y616:165-452|KLIFS:488:positions1-85	IRAK3	Q9Y616	PTC001	323	PASS_EXACT	same KLIFS family OR KLIFS85 identity >=0.70 OR AlphaFold-pocket US-align max TM >=0.75; transitive closure
UniProt:Q9Y6E0:36-286|KLIFS:380:positions1-85	STK24	Q9Y6E0	PTC001	323	PASS_EXACT	same KLIFS family OR KLIFS85 identity >=0.70 OR AlphaFold-pocket US-align max TM >=0.75; transitive closure
UniProt:Q9Y6M4:43-313|KLIFS:189:positions1-85	CSNK1G3	Q9Y6M4	PTC001	323	PASS_EXACT	same KLIFS family OR KLIFS85 identity >=0.70 OR AlphaFold-pocket US-align max TM >=0.75; transitive closure
UniProt:Q9Y6R4:1343-1601|KLIFS:352:positions1-85	MAP3K4	Q9Y6R4	PTC001	323	BLOCKED_MAPPING	same KLIFS family OR KLIFS85 identity >=0.70 OR AlphaFold-pocket US-align max TM >=0.75; transitive closure
