estimand_id	gene_symbol	uniprot_accession	strict_global_zero_status	strict_pdb_id	strict_coordinate_sha256	site_unoccupied_status	site_unoccupied_pdb_id	site_unoccupied_coordinate_sha256	site_unoccupied_is_strict_global_zero	site_unoccupied_minimum_foreign_distance_angstrom	site_unoccupied_sidechain_coverage	expanded_coordinate_attempt_cap	expanded_search_truncated
UniProt:O00238:204-494|KLIFS:520:positions1-85	BMPR1B	O00238	NO_QUALIFIED_VIEW			NO_QUALIFIED_VIEW			false			25	false
UniProt:O00444:12-265|KLIFS:314:positions1-85	PLK4	O00444	NO_QUALIFIED_VIEW			NO_QUALIFIED_VIEW			false			25	false
UniProt:O00506:20-270|KLIFS:381:positions1-85	STK25	O00506	NO_QUALIFIED_VIEW			NO_QUALIFIED_VIEW			false			25	false
UniProt:O14733:120-380|KLIFS:389:positions1-85	MAP2K7	O14733	PASS	6YFZ	bb6312b3bf4fd670b1f712e70228417b0bbe84dbcd23e0ccdc1d6b9bf0a7a98c	PASS	6YFZ	bb6312b3bf4fd670b1f712e70228417b0bbe84dbcd23e0ccdc1d6b9bf0a7a98c	true		1.0	25	false
UniProt:O14757:9-265|KLIFS:121:positions1-85	CHEK1	O14757	NO_QUALIFIED_VIEW			SEARCH_TRUNCATED			false			25	true
UniProt:O14920:15-300|KLIFS:270:positions1-85	IKBKB	O14920	NO_QUALIFIED_VIEW			NO_QUALIFIED_VIEW			false			25	false
UniProt:O14936:12-276|KLIFS:139:positions1-85	CASK	O14936	NO_QUALIFIED_VIEW			NO_QUALIFIED_VIEW			false			25	false
UniProt:O14965:133-383|KLIFS:259:positions1-85	AURKA	O14965	NO_QUALIFIED_VIEW			SEARCH_TRUNCATED			false			25	true
UniProt:O14976:40-314|KLIFS:279:positions1-85	GAK	O14976	NO_QUALIFIED_VIEW			NO_QUALIFIED_VIEW			false			25	false
UniProt:O15075:390-647|KLIFS:145:positions1-85	DCLK1	O15075	NO_QUALIFIED_VIEW			NO_QUALIFIED_VIEW			false			25	false
UniProt:O15111:15-302|KLIFS:269:positions1-85	CHUK	O15111	NO_QUALIFIED_VIEW			NO_QUALIFIED_VIEW			false			25	false
UniProt:O15197:670-919|KLIFS:421:positions1-85	EPHB6	O15197	NO_QUALIFIED_VIEW			NO_QUALIFIED_VIEW			false			25	false
UniProt:O15264:25-308|KLIFS:251:positions1-85	MAPK13	O15264	PASS	4YNO	8c1622b81f065546afa61abdcf605078888d13282bb01dbf87a4b548e281fd5b	PASS	4YNO	8c1622b81f065546afa61abdcf605078888d13282bb01dbf87a4b548e281fd5b	true		1.0	25	false
UniProt:O15530:82-342|KLIFS:27:positions1-85	PDPK1	O15530	NO_QUALIFIED_VIEW			SEARCH_TRUNCATED			false			25	true
UniProt:O43283:168-409|KLIFS:499:positions1-85	MAP3K13	O43283	NO_QUALIFIED_VIEW			NO_QUALIFIED_VIEW			false			25	false
UniProt:O43293:13-275|KLIFS:141:positions1-85	DAPK3	O43293	NO_QUALIFIED_VIEW			NO_QUALIFIED_VIEW			false			25	false
UniProt:O43318:36-291|KLIFS:504:positions1-85	MAP3K7	O43318	NO_QUALIFIED_VIEW			NO_QUALIFIED_VIEW			false			25	false
UniProt:O43353:18-294|KLIFS:512:positions1-85	RIPK2	O43353	NO_QUALIFIED_VIEW			NO_QUALIFIED_VIEW			false			25	false
UniProt:O60285:55-306|KLIFS:130:positions1-85	NUAK1	O60285	NO_QUALIFIED_VIEW			NO_QUALIFIED_VIEW			false			25	false
UniProt:O60674:849-1124|KLIFS:436:positions1-85	JAK2	O60674	PASS	29RY	202cecfe69382bb06b8eb625a1d50f2276fc8bb96475e82c734d49ee4f2ce17a	PASS	29RY	202cecfe69382bb06b8eb625a1d50f2276fc8bb96475e82c734d49ee4f2ce17a	true		0.9764705882352941	25	false
UniProt:O75116:92-354|KLIFS:10:positions1-85	ROCK2	O75116	NO_QUALIFIED_VIEW			NO_QUALIFIED_VIEW			false			25	false
UniProt:O75385:16-278|KLIFS:328:positions1-85	ULK1	O75385	NO_QUALIFIED_VIEW			NO_QUALIFIED_VIEW			false			25	false
UniProt:O75460:571-832|KLIFS:273:positions1-85	ERN1	O75460	PASS	6W3B	2a8746eb5dddf86cd5ed828c0c98c80a3291fd66adca8de44ab06edeeb7cc8e2	PASS	6W3B	2a8746eb5dddf86cd5ed828c0c98c80a3291fd66adca8de44ab06edeeb7cc8e2	true		1.0	25	false
UniProt:O75582:49-318|KLIFS:49:positions1-85	RPS6KA5	O75582	NO_QUALIFIED_VIEW			NO_QUALIFIED_VIEW			false			25	false
UniProt:O75676:33-301|KLIFS:47:positions1-85	RPS6KA4	O75676	NO_QUALIFIED_VIEW			NO_QUALIFIED_VIEW			false			25	false
UniProt:O75716:20-293|KLIFS:280:positions1-85	STK16	O75716	NO_QUALIFIED_VIEW			NO_QUALIFIED_VIEW			false			25	false
UniProt:O75914:283-534|KLIFS:369:positions1-85	PAK3	O75914	NO_QUALIFIED_VIEW			NO_QUALIFIED_VIEW			false			25	false
UniProt:O76039:13-297|KLIFS:216:positions1-85	CDKL5	O76039	NO_QUALIFIED_VIEW			NO_QUALIFIED_VIEW			false			25	false
UniProt:O94768:33-293|KLIFS:143:positions1-85	STK17B	O94768	NO_QUALIFIED_VIEW			NO_QUALIFIED_VIEW			false			25	false
UniProt:O94804:36-294|KLIFS:373:positions1-85	STK10	O94804	NO_QUALIFIED_VIEW			NO_QUALIFIED_VIEW			false			25	false
UniProt:O95382:648-906|KLIFS:346:positions1-85	MAP3K6	O95382	NO_QUALIFIED_VIEW			NO_QUALIFIED_VIEW			false			25	false
UniProt:O95747:17-291|KLIFS:353:positions1-85	OXSR1	O95747	NO_QUALIFIED_VIEW			NO_QUALIFIED_VIEW			false			25	false
UniProt:O95819:25-289|KLIFS:359:positions1-85	MAP4K4	O95819	NO_QUALIFIED_VIEW			NO_QUALIFIED_VIEW			false			25	false
UniProt:O95835:705-1010|KLIFS:23:positions1-85	LATS1	O95835	NO_QUALIFIED_VIEW			NO_QUALIFIED_VIEW			false			25	false
UniProt:O96013:321-572|KLIFS:370:positions1-85	PAK4	O96013	PASS	4FIH	0a45446d1f39c3e94d975a2ff45350d5657b3773d068f29957a32260d07f4a1e	PASS	4FIH	0a45446d1f39c3e94d975a2ff45350d5657b3773d068f29957a32260d07f4a1e	true		1.0	25	false
UniProt:O96017:220-486|KLIFS:168:positions1-85	CHEK2	O96017	NO_QUALIFIED_VIEW			SEARCH_TRUNCATED			false			25	true
UniProt:P00533:712-979|KLIFS:406:positions1-85	EGFR	P00533	PASS	1M14	d81fbeac32d1ccaec05c1ab7b40a04c49f5ebc7a435fb7455ed14fd9ec07b36c	PASS	1M14	d81fbeac32d1ccaec05c1ab7b40a04c49f5ebc7a435fb7455ed14fd9ec07b36c	true		1.0	25	false
UniProt:P04049:349-609|KLIFS:510:positions1-85	RAF1	P04049	NO_QUALIFIED_VIEW			SEARCH_TRUNCATED			false			25	true
UniProt:P04626:720-987|KLIFS:407:positions1-85	ERBB2	P04626	NO_QUALIFIED_VIEW			NO_QUALIFIED_VIEW			false			25	false
UniProt:P04629:510-781|KLIFS:480:positions1-85	NTRK1	P04629	PASS	6D22	9b00a133dba52d61c90327c96ff7af550bbc1e11d8ab403afd02652a23d2761d	PASS	6D22	9b00a133dba52d61c90327c96ff7af550bbc1e11d8ab403afd02652a23d2761d	true		1.0	25	false
UniProt:P06213:1023-1298|KLIFS:433:positions1-85	INSR	P06213	NO_QUALIFIED_VIEW			NO_QUALIFIED_VIEW			false			25	false
UniProt:P06239:245-498|KLIFS:466:positions1-85	LCK	P06239	NO_QUALIFIED_VIEW			SEARCH_TRUNCATED			false			25	true
UniProt:P06241:271-524|KLIFS:461:positions1-85	FYN	P06241	NO_QUALIFIED_VIEW			SEARCH_TRUNCATED			false			25	true
UniProt:P07332:561-822|KLIFS:427:positions1-85	FES	P07332	NO_QUALIFIED_VIEW			NO_QUALIFIED_VIEW			false			25	false
UniProt:P07333:582-910|KLIFS:449:positions1-85	CSF1R	P07333	PASS	2OGV	34b5a74b923bff5729b927f1dc44eb581e0d228582b61a2c97f9366e120df0ce	PASS	2OGV	34b5a74b923bff5729b927f1dc44eb581e0d228582b61a2c97f9366e120df0ce	true		0.9882352941176471	25	false
UniProt:P07947:277-530|KLIFS:463:positions1-85	YES1	P07947	NO_QUALIFIED_VIEW			NO_QUALIFIED_VIEW			false			25	false
UniProt:P07948:247-501|KLIFS:467:positions1-85	LYN	P07948	NO_QUALIFIED_VIEW			NO_QUALIFIED_VIEW			false			25	false
UniProt:P07949:724-1016|KLIFS:454:positions1-85	RET	P07949	NO_QUALIFIED_VIEW			NO_QUALIFIED_VIEW			false			25	false
UniProt:P08069:999-1274|KLIFS:432:positions1-85	IGF1R	P08069	NO_QUALIFIED_VIEW			SEARCH_TRUNCATED			false			25	true
UniProt:P08581:1078-1345|KLIFS:446:positions1-85	MET	P08581	PASS	2G15	5731b14d713331acb98bcb784518210ebdf3cd8ac0c1cd3e92b65bdd2f1149a2	PASS	2G15	5731b14d713331acb98bcb784518210ebdf3cd8ac0c1cd3e92b65bdd2f1149a2	true		1.0	25	false
UniProt:P08631:262-515|KLIFS:465:positions1-85	HCK	P08631	NO_QUALIFIED_VIEW			SEARCH_TRUNCATED			false			25	true
UniProt:P08922:1945-2222|KLIFS:458:positions1-85	ROS1	P08922	NO_QUALIFIED_VIEW			NO_QUALIFIED_VIEW			false			25	false
UniProt:P09619:600-962|KLIFS:453:positions1-85	PDGFRB	P09619	NO_QUALIFIED_VIEW			NO_QUALIFIED_VIEW			false			25	false
UniProt:P09769:263-516|KLIFS:460:positions1-85	FGR	P09769	NO_QUALIFIED_VIEW			NO_QUALIFIED_VIEW			false			25	false
UniProt:P0C1S8:212-486|KLIFS:335:positions1-85	WEE2	P0C1S8	NO_QUALIFIED_VIEW			NO_QUALIFIED_VIEW			false			25	false
UniProt:P10721:589-937|KLIFS:451:positions1-85	KIT	P10721	PASS	1T45	386f36675d4cb44bda31c51443b8622b3ef7beb410b11d6e0a94e652449642e9	PASS	1T45	386f36675d4cb44bda31c51443b8622b3ef7beb410b11d6e0a94e652449642e9	true		1.0	25	false
UniProt:P11309:38-290|KLIFS:160:positions1-85	PIM1	P11309	PASS	1XQZ	4938a0b7c4cf65d5ab3124bc6045815955996e6b71d376c06d61be78d7fed6ae	PASS	1XQZ	4938a0b7c4cf65d5ab3124bc6045815955996e6b71d376c06d61be78d7fed6ae	true		1.0	25	false
UniProt:P11362:478-767|KLIFS:428:positions1-85	FGFR1	P11362	NO_QUALIFIED_VIEW			SEARCH_TRUNCATED			false			25	true
UniProt:P12931:270-523|KLIFS:462:positions1-85	SRC	P12931	PASS	1FMK	75f0db744130b96859eb5bf71932f424802ccaa4562ebc7718b9ad4b23782421	PASS	1FMK	75f0db744130b96859eb5bf71932f424802ccaa4562ebc7718b9ad4b23782421	true		1.0	25	false
UniProt:P14616:979-1254|KLIFS:434:positions1-85	INSRR	P14616	NO_QUALIFIED_VIEW			NO_QUALIFIED_VIEW			false			25	false
UniProt:P15056:457-717|KLIFS:509:positions1-85	BRAF	P15056	NO_QUALIFIED_VIEW			SEARCH_TRUNCATED			false			25	true
UniProt:P15735:24-291|KLIFS:159:positions1-85	PHKG2	P15735	NO_QUALIFIED_VIEW			NO_QUALIFIED_VIEW			false			25	false
UniProt:P16234:593-954|KLIFS:452:positions1-85	PDGFRA	P16234	PASS	8PQJ	8789d63ed9e199c12badbe2b699420fada710a391955305dfd12c05d5fd14e75	PASS	8PQJ	8789d63ed9e199c12badbe2b699420fada710a391955305dfd12c05d5fd14e75	true		1.0	25	false
UniProt:P16591:563-816|KLIFS:426:positions1-85	FER	P16591	NO_QUALIFIED_VIEW			NO_QUALIFIED_VIEW			false			25	false
UniProt:P17612:44-298|KLIFS:28:positions1-85	PRKACA	P17612	NO_QUALIFIED_VIEW			SEARCH_TRUNCATED			false			25	true
UniProt:P17948:827-1158|KLIFS:483:positions1-85	FLT1	P17948	NO_QUALIFIED_VIEW			NO_QUALIFIED_VIEW			false			25	false
UniProt:P19525:267-538|KLIFS:310:positions1-85	EIF2AK2	P19525	NO_QUALIFIED_VIEW			NO_QUALIFIED_VIEW			false			25	false
UniProt:P19784:40-325|KLIFS:222:positions1-85	CSNK2A2	P19784	NO_QUALIFIED_VIEW			SEARCH_TRUNCATED			false			25	true
UniProt:P21709:624-884|KLIFS:411:positions1-85	EPHA1	P21709	NO_QUALIFIED_VIEW			NO_QUALIFIED_VIEW			false			25	false
UniProt:P21802:481-770|KLIFS:430:positions1-85	FGFR2	P21802	NO_QUALIFIED_VIEW			SEARCH_TRUNCATED			false			25	true
UniProt:P21860:709-966|KLIFS:408:positions1-85	ERBB3	P21860	NO_QUALIFIED_VIEW			NO_QUALIFIED_VIEW			false			25	false
UniProt:P22455:467-755|KLIFS:431:positions1-85	FGFR4	P22455	NO_QUALIFIED_VIEW			PASS	4TYG	bef7217bf776f98e8bd07fe65a1062078c6c13a562c01e253652666ad641fd6d	false	13.050482941255467	1.0	25	false
UniProt:P22607:472-761|KLIFS:429:positions1-85	FGFR3	P22607	NO_QUALIFIED_VIEW			NO_QUALIFIED_VIEW			false			25	false
UniProt:P22694:44-298|KLIFS:29:positions1-85	PRKACB	P22694	NO_QUALIFIED_VIEW			NO_QUALIFIED_VIEW			false			25	false
UniProt:P23443:91-352|KLIFS:51:positions1-85	RPS6KB1	P23443	NO_QUALIFIED_VIEW			NO_QUALIFIED_VIEW			false			25	false
UniProt:P23458:875-1153|KLIFS:435:positions1-85	JAK1	P23458	NO_QUALIFIED_VIEW			SEARCH_TRUNCATED			false			25	true
UniProt:P24723:355-614|KLIFS:39:positions1-85	PRKCH	P24723	NO_QUALIFIED_VIEW			NO_QUALIFIED_VIEW			false			25	false
UniProt:P24941:4-286|KLIFS:198:positions1-85	CDK2	P24941	PASS	4EK3	8251fce2eaa7274f197349d00351b48a49c7c260687ea0b3e6e1bc50dc287265	PASS	4EK3	8251fce2eaa7274f197349d00351b48a49c7c260687ea0b3e6e1bc50dc287265	true		1.0	25	false
UniProt:P27037:192-485|KLIFS:523:positions1-85	ACVR2A	P27037	NO_QUALIFIED_VIEW			NO_QUALIFIED_VIEW			false			25	false
UniProt:P27361:42-330|KLIFS:240:positions1-85	MAPK3	P27361	NO_QUALIFIED_VIEW			NO_QUALIFIED_VIEW			false			25	false
UniProt:P27448:56-307|KLIFS:126:positions1-85	MARK3	P27448	PASS	2QNJ	e857a33751e8f77a8e9e6c0fee54d2eb5901969c2faa769153f963f0a1465980	PASS	2QNJ	e857a33751e8f77a8e9e6c0fee54d2eb5901969c2faa769153f963f0a1465980	true	16.094178605943206	0.9647058823529412	25	false
UniProt:P28482:25-313|KLIFS:239:positions1-85	MAPK1	P28482	NO_QUALIFIED_VIEW			SEARCH_TRUNCATED			false			25	true
UniProt:P29317:613-875|KLIFS:410:positions1-85	EPHA2	P29317	PASS	4P2K	176bc0d5690e2dd6d13fe58cb15edd9c7850655f463d842d4cd281f72a08b626	PASS	4P2K	176bc0d5690e2dd6d13fe58cb15edd9c7850655f463d842d4cd281f72a08b626	true		1.0	25	false
UniProt:P29320:621-882|KLIFS:412:positions1-85	EPHA3	P29320	PASS	2GSF	aa2dbf58a98512819c6c56b8b25a4f61a53e30b160e4205ad4c34f7a5f4dae46	PASS	2GSF	aa2dbf58a98512819c6c56b8b25a4f61a53e30b160e4205ad4c34f7a5f4dae46	true		1.0	25	false
UniProt:P29322:635-896|KLIFS:416:positions1-85	EPHA8	P29322	NO_QUALIFIED_VIEW			NO_QUALIFIED_VIEW			false			25	false
UniProt:P29323:621-884|KLIFS:418:positions1-85	EPHB2	P29323	NO_QUALIFIED_VIEW			NO_QUALIFIED_VIEW			false			25	false
UniProt:P29376:510-786|KLIFS:397:positions1-85	LTK	P29376	NO_QUALIFIED_VIEW			NO_QUALIFIED_VIEW			false			25	false
UniProt:P29597:897-1176|KLIFS:441:positions1-85	TYK2	P29597	NO_QUALIFIED_VIEW			SEARCH_TRUNCATED			false			25	true
UniProt:P30291:299-569|KLIFS:333:positions1-85	WEE1	P30291	NO_QUALIFIED_VIEW			SEARCH_TRUNCATED			false			25	true
UniProt:P30530:536-807|KLIFS:398:positions1-85	AXL	P30530	NO_QUALIFIED_VIEW			NO_QUALIFIED_VIEW			false			25	false
UniProt:P31749:150-408|KLIFS:1:positions1-85	AKT1	P31749	NO_QUALIFIED_VIEW			SEARCH_TRUNCATED			false			25	true
UniProt:P31751:152-409|KLIFS:2:positions1-85	AKT2	P31751	NO_QUALIFIED_VIEW			NO_QUALIFIED_VIEW			false			25	false
UniProt:P32298:187-449|KLIFS:13:positions1-85	GRK4	P32298	NO_QUALIFIED_VIEW			NO_QUALIFIED_VIEW			false			25	false
UniProt:P33981:525-791|KLIFS:326:positions1-85	TTK	P33981	PASS	3DBQ	a71515656248fb7df7c97743c678504f5be1e2037eef0562e6b8217bea93a291	PASS	3DBQ	a71515656248fb7df7c97743c678504f5be1e2037eef0562e6b8217bea93a291	true		1.0	25	false
UniProt:P35590:839-1118|KLIFS:478:positions1-85	TIE1	P35590	NO_QUALIFIED_VIEW			NO_QUALIFIED_VIEW			false			25	false
UniProt:P35916:845-1173|KLIFS:484:positions1-85	FLT4	P35916	NO_QUALIFIED_VIEW			NO_QUALIFIED_VIEW			false			25	false
UniProt:P35968:834-1162|KLIFS:485:positions1-85	KDR	P35968	NO_QUALIFIED_VIEW			SEARCH_TRUNCATED			false			25	true
UniProt:P36507:72-369|KLIFS:384:positions1-85	MAP2K2	P36507	NO_QUALIFIED_VIEW			NO_QUALIFIED_VIEW			false			25	false
UniProt:P36888:610-943|KLIFS:450:positions1-85	FLT3	P36888	PASS	1RJB	6d7c0f901599a79ac0d0a70777a1b763403e687aa8767ba87d79d3d29db59a53	PASS	1RJB	6d7c0f901599a79ac0d0a70777a1b763403e687aa8767ba87d79d3d29db59a53	true		1.0	25	false
UniProt:P36894:234-525|KLIFS:519:positions1-85	BMPR1A	P36894	NO_QUALIFIED_VIEW			NO_QUALIFIED_VIEW			false			25	false
UniProt:P36896:207-497|KLIFS:517:positions1-85	ACVR1B	P36896	NO_QUALIFIED_VIEW			NO_QUALIFIED_VIEW			false			25	false
UniProt:P36897:205-495|KLIFS:521:positions1-85	TGFBR1	P36897	PASS	5E8S	68e0cbf60a4969a000d0a2c8eada2a6a5b0c55edc50493895cc15a66cc399fcd	PASS	5E8S	68e0cbf60a4969a000d0a2c8eada2a6a5b0c55edc50493895cc15a66cc399fcd	true		0.9882352941176471	25	false
UniProt:P37023:202-492|KLIFS:518:positions1-85	ACVRL1	P37023	NO_QUALIFIED_VIEW			NO_QUALIFIED_VIEW			false			25	false
UniProt:P37173:244-544|KLIFS:527:positions1-85	TGFBR2	P37173	NO_QUALIFIED_VIEW			PASS	5E8V	93fb495e6db8d5a47a92f07a98e3843d3ed5e11caca8cb7c6465bd56f8af640d	false	16.871525123710658	0.9764705882352941	25	false
UniProt:P41240:195-449|KLIFS:402:positions1-85	CSK	P41240	NO_QUALIFIED_VIEW			NO_QUALIFIED_VIEW			false			25	false
UniProt:P41743:254-522|KLIFS:40:positions1-85	PRKCI	P41743	NO_QUALIFIED_VIEW			NO_QUALIFIED_VIEW			false			25	false
UniProt:P42680:370-623|KLIFS:475:positions1-85	TEC	P42680	NO_QUALIFIED_VIEW			NO_QUALIFIED_VIEW			false			25	false
UniProt:P42681:271-527|KLIFS:476:positions1-85	TXK	P42681	NO_QUALIFIED_VIEW			NO_QUALIFIED_VIEW			false			25	false
UniProt:P42684:288-539|KLIFS:393:positions1-85	ABL2	P42684	NO_QUALIFIED_VIEW			NO_QUALIFIED_VIEW			false			25	false
UniProt:P42685:234-491|KLIFS:459:positions1-85	FRK	P42685	NO_QUALIFIED_VIEW			NO_QUALIFIED_VIEW			false			25	false
UniProt:P43403:338-600|KLIFS:471:positions1-85	ZAP70	P43403	NO_QUALIFIED_VIEW			NO_QUALIFIED_VIEW			false			25	false
UniProt:P43405:371-631|KLIFS:470:positions1-85	SYK	P43405	PASS	1XBA	0807de62ea0b38087b930a62262b7a507de665299ab415fef8d999bd4e2d5163	PASS	1XBA	0807de62ea0b38087b930a62262b7a507de665299ab415fef8d999bd4e2d5163	true		0.9294117647058824	25	false
UniProt:P45983:26-321|KLIFS:245:positions1-85	MAPK8	P45983	NO_QUALIFIED_VIEW			SEARCH_TRUNCATED			false			25	true
UniProt:P45984:26-321|KLIFS:246:positions1-85	MAPK9	P45984	NO_QUALIFIED_VIEW			NO_QUALIFIED_VIEW			false			25	false
UniProt:P45985:102-367|KLIFS:387:positions1-85	MAP2K4	P45985	NO_QUALIFIED_VIEW			NO_QUALIFIED_VIEW			false			25	false
UniProt:P46734:64-325|KLIFS:385:positions1-85	MAP2K3	P46734	NO_QUALIFIED_VIEW			NO_QUALIFIED_VIEW			false			25	false
UniProt:P48729:17-285|KLIFS:184:positions1-85	CSNK1A1	P48729	NO_QUALIFIED_VIEW			NO_QUALIFIED_VIEW			false			25	false
UniProt:P48730:9-277|KLIFS:186:positions1-85	CSNK1D	P48730	NO_QUALIFIED_VIEW			SEARCH_TRUNCATED			false			25	true
UniProt:P49137:64-325|KLIFS:150:positions1-85	MAPKAPK2	P49137	PASS	8XX1	de0e8bb0d5b9a532f4131b145d2d90234eb09b1adc2e79380412e574d79affe0	PASS	8XX1	de0e8bb0d5b9a532f4131b145d2d90234eb09b1adc2e79380412e574d79affe0	true		1.0	25	false
UniProt:P49336:21-335|KLIFS:205:positions1-85	CDK8	P49336	NO_QUALIFIED_VIEW			SEARCH_TRUNCATED			false			25	true
UniProt:P49674:9-277|KLIFS:187:positions1-85	CSNK1E	P49674	NO_QUALIFIED_VIEW			NO_QUALIFIED_VIEW			false			25	false
UniProt:P49759:161-477|KLIFS:223:positions1-85	CLK1	P49759	NO_QUALIFIED_VIEW			SEARCH_TRUNCATED			false			25	true
UniProt:P49760:163-479|KLIFS:224:positions1-85	CLK2	P49760	NO_QUALIFIED_VIEW			NO_QUALIFIED_VIEW			false			25	false
UniProt:P49761:156-472|KLIFS:225:positions1-85	CLK3	P49761	NO_QUALIFIED_VIEW			NO_QUALIFIED_VIEW			false			25	false
UniProt:P49840:119-403|KLIFS:237:positions1-85	GSK3A	P49840	NO_QUALIFIED_VIEW			NO_QUALIFIED_VIEW			false			25	false
UniProt:P49841:56-340|KLIFS:238:positions1-85	GSK3B	P49841	NO_QUALIFIED_VIEW			SEARCH_TRUNCATED			false			25	true
UniProt:P50613:12-295|KLIFS:204:positions1-85	CDK7	P50613	NO_QUALIFIED_VIEW			NO_QUALIFIED_VIEW			false			25	false
UniProt:P50750:19-315|KLIFS:207:positions1-85	CDK9	P50750	NO_QUALIFIED_VIEW			NO_QUALIFIED_VIEW			false			25	false
UniProt:P51451:241-494|KLIFS:464:positions1-85	BLK	P51451	NO_QUALIFIED_VIEW			NO_QUALIFIED_VIEW			false			25	false
UniProt:P51617:212-521|KLIFS:486:positions1-85	IRAK1	P51617	NO_QUALIFIED_VIEW			NO_QUALIFIED_VIEW			false			25	false
UniProt:P51812:68-327|KLIFS:55:positions1-85	RPS6KA3	P51812	NO_QUALIFIED_VIEW			NO_QUALIFIED_VIEW			false			25	false
UniProt:P51813:417-675|KLIFS:472:positions1-85	BMX	P51813	NO_QUALIFIED_VIEW			NO_QUALIFIED_VIEW			false			25	false
UniProt:P51817:49-303|KLIFS:31:positions1-85	PRKX	P51817	NO_QUALIFIED_VIEW			NO_QUALIFIED_VIEW			false			25	false
UniProt:P52333:822-1111|KLIFS:437:positions1-85	JAK3	P52333	NO_QUALIFIED_VIEW			SEARCH_TRUNCATED			false			25	true
UniProt:P52564:53-314|KLIFS:386:positions1-85	MAP2K6	P52564	NO_QUALIFIED_VIEW			NO_QUALIFIED_VIEW			false			25	false
UniProt:P53350:53-305|KLIFS:311:positions1-85	PLK1	P53350	NO_QUALIFIED_VIEW			SEARCH_TRUNCATED			false			25	true
UniProt:P53355:13-275|KLIFS:140:positions1-85	DAPK1	P53355	PASS	1JKS	454708655c739e77e047f7b9ccd9759ada13cda4f5f3e41cbdf4c1ab9fe03d90	PASS	1JKS	454708655c739e77e047f7b9ccd9759ada13cda4f5f3e41cbdf4c1ab9fe03d90	true		1.0	25	false
UniProt:P53667:339-604|KLIFS:490:positions1-85	LIMK1	P53667	NO_QUALIFIED_VIEW			NO_QUALIFIED_VIEW			false			25	false
UniProt:P53671:331-608|KLIFS:491:positions1-85	LIMK2	P53671	NO_QUALIFIED_VIEW			NO_QUALIFIED_VIEW			false			25	false
UniProt:P53778:27-311|KLIFS:252:positions1-85	MAPK12	P53778	NO_QUALIFIED_VIEW			NO_QUALIFIED_VIEW			false			25	false
UniProt:P53779:64-359|KLIFS:247:positions1-85	MAPK10	P53779	PASS	4KKG	18a3d6c871eed5947f42a8d3afb0fc68bd363bfa8395413f714a30910c8cc4b3	PASS	4KKG	18a3d6c871eed5947f42a8d3afb0fc68bd363bfa8395413f714a30910c8cc4b3	true		1.0	25	false
UniProt:P54646:16-268|KLIFS:118:positions1-85	PRKAA2	P54646	PASS	2H6D	ba48d69961b0f14b027e165b43dfe6085831889ac5f7d159ac2fefba37424627	PASS	2H6D	ba48d69961b0f14b027e165b43dfe6085831889ac5f7d159ac2fefba37424627	true		1.0	25	false
UniProt:P54753:633-896|KLIFS:419:positions1-85	EPHB3	P54753	NO_QUALIFIED_VIEW			NO_QUALIFIED_VIEW			false			25	false
UniProt:P54756:675-936|KLIFS:414:positions1-85	EPHA5	P54756	NO_QUALIFIED_VIEW			NO_QUALIFIED_VIEW			false			25	false
UniProt:P54760:615-899|KLIFS:420:positions1-85	EPHB4	P54760	NO_QUALIFIED_VIEW			NO_QUALIFIED_VIEW			false			25	false
UniProt:P54762:619-882|KLIFS:417:positions1-85	EPHB1	P54762	NO_QUALIFIED_VIEW			NO_QUALIFIED_VIEW			false			25	false
UniProt:P54764:621-882|KLIFS:413:positions1-85	EPHA4	P54764	NO_QUALIFIED_VIEW			NO_QUALIFIED_VIEW			false			25	false
UniProt:P57059:27-278|KLIFS:135:positions1-85	SIK1	P57059	NO_QUALIFIED_VIEW			NO_QUALIFIED_VIEW			false			25	false
UniProt:P68400:39-324|KLIFS:221:positions1-85	CSNK2A1	P68400	PASS	1NA7	0f3cefb0dfc0d7689180ae20d0f25f611c846b888b4bd9b714f563ccb01f455c	PASS	1NA7	0f3cefb0dfc0d7689180ae20d0f25f611c846b888b4bd9b714f563ccb01f455c	true		1.0	25	false
UniProt:P78362:81-684|KLIFS:257:positions1-85	SRPK2	P78362	NO_QUALIFIED_VIEW			NO_QUALIFIED_VIEW			false			25	false
UniProt:P78368:46-316|KLIFS:188:positions1-85	CSNK1G2	P78368	NO_QUALIFIED_VIEW			NO_QUALIFIED_VIEW			false			25	false
UniProt:P80192:144-412|KLIFS:500:positions1-85	MAP3K9	P80192	PASS	4UY9	171edb6458eeeb2fa81893c60c9c6d83a31d049522e6aaccfcdb53fcacd51a31	PASS	4UY9	171edb6458eeeb2fa81893c60c9c6d83a31d049522e6aaccfcdb53fcacd51a31	true	13.689422120747102	0.9882352941176471	25	false
UniProt:Q00526:4-286|KLIFS:199:positions1-85	CDK3	Q00526	NO_QUALIFIED_VIEW			NO_QUALIFIED_VIEW			false			25	false
UniProt:Q00532:4-287|KLIFS:217:positions1-85	CDKL1	Q00532	NO_QUALIFIED_VIEW			NO_QUALIFIED_VIEW			false			25	false
UniProt:Q00535:4-286|KLIFS:203:positions1-85	CDK5	Q00535	NO_QUALIFIED_VIEW			NO_QUALIFIED_VIEW			false			25	false
UniProt:Q02156:408-668|KLIFS:38:positions1-85	PRKCE	Q02156	NO_QUALIFIED_VIEW			NO_QUALIFIED_VIEW			false			25	false
UniProt:Q02750:68-361|KLIFS:383:positions1-85	MAP2K1	Q02750	NO_QUALIFIED_VIEW			SEARCH_TRUNCATED			false			25	true
UniProt:Q02763:824-1096|KLIFS:477:positions1-85	TEK	Q02763	NO_QUALIFIED_VIEW			NO_QUALIFIED_VIEW			false			25	false
UniProt:Q02779:98-360|KLIFS:501:positions1-85	MAP3K10	Q02779	NO_QUALIFIED_VIEW			NO_QUALIFIED_VIEW			false			25	false
UniProt:Q04759:380-634|KLIFS:37:positions1-85	PRKCQ	Q04759	NO_QUALIFIED_VIEW			NO_QUALIFIED_VIEW			false			25	false
UniProt:Q04771:208-502|KLIFS:516:positions1-85	ACVR1	Q04771	NO_QUALIFIED_VIEW			SEARCH_TRUNCATED			false			25	true
UniProt:Q04912:1082-1345|KLIFS:447:positions1-85	MST1R	Q04912	NO_QUALIFIED_VIEW			NO_QUALIFIED_VIEW			false			25	false
UniProt:Q05397:422-680|KLIFS:425:positions1-85	PTK2	Q05397	NO_QUALIFIED_VIEW			SEARCH_TRUNCATED			false			25	true
UniProt:Q05655:349-603|KLIFS:36:positions1-85	PRKCD	Q05655	NO_QUALIFIED_VIEW			NO_QUALIFIED_VIEW			false			25	false
UniProt:Q06187:402-655|KLIFS:473:positions1-85	BTK	Q06187	NO_QUALIFIED_VIEW			SEARCH_TRUNCATED			false			25	true
UniProt:Q06418:518-790|KLIFS:399:positions1-85	TYRO3	Q06418	NO_QUALIFIED_VIEW			NO_QUALIFIED_VIEW			false			25	false
UniProt:Q07912:126-385|KLIFS:394:positions1-85	TNK2	Q07912	NO_QUALIFIED_VIEW			NO_QUALIFIED_VIEW			false			25	false
UniProt:Q08345:610-905|KLIFS:404:positions1-85	DDR1	Q08345	NO_QUALIFIED_VIEW			SEARCH_TRUNCATED			false			25	true
UniProt:Q08881:363-615|KLIFS:474:positions1-85	ITK	Q08881	NO_QUALIFIED_VIEW			SEARCH_TRUNCATED			false			25	true
UniProt:Q09013:71-339|KLIFS:5:positions1-85	DMPK	Q09013	NO_QUALIFIED_VIEW			NO_QUALIFIED_VIEW			false			25	false
UniProt:Q12851:16-273|KLIFS:1105:positions1-85	MAP4K2	Q12851	NO_QUALIFIED_VIEW			NO_QUALIFIED_VIEW			false			25	false
UniProt:Q12852:125-366|KLIFS:498:positions1-85	MAP3K12	Q12852	PASS	5CEN	909eda13f155ab1925ad2603bede6098d410925bcb6ac0495f9de809846d1857	PASS	5CEN	909eda13f155ab1925ad2603bede6098d410925bcb6ac0495f9de809846d1857	true		1.0	25	false
UniProt:Q12866:587-858|KLIFS:400:positions1-85	MERTK	Q12866	NO_QUALIFIED_VIEW			SEARCH_TRUNCATED			false			25	true
UniProt:Q13043:30-281|KLIFS:364:positions1-85	STK4	Q13043	NO_QUALIFIED_VIEW			NO_QUALIFIED_VIEW			false			25	false
UniProt:Q13131:27-279|KLIFS:117:positions1-85	PRKAA1	Q13131	NO_QUALIFIED_VIEW			NO_QUALIFIED_VIEW			false			25	false
UniProt:Q13153:270-521|KLIFS:367:positions1-85	PAK1	Q13153	NO_QUALIFIED_VIEW			SEARCH_TRUNCATED			false			25	true
UniProt:Q13164:55-347|KLIFS:243:positions1-85	MAPK7	Q13164	NO_QUALIFIED_VIEW			NO_QUALIFIED_VIEW			false			25	false
UniProt:Q13177:249-499|KLIFS:368:positions1-85	PAK2	Q13177	NO_QUALIFIED_VIEW			NO_QUALIFIED_VIEW			false			25	false
UniProt:Q13188:27-278|KLIFS:363:positions1-85	STK3	Q13188	NO_QUALIFIED_VIEW			NO_QUALIFIED_VIEW			false			25	false
UniProt:Q13237:453-711|KLIFS:43:positions1-85	PRKG2	Q13237	NO_QUALIFIED_VIEW			NO_QUALIFIED_VIEW			false			25	false
UniProt:Q13464:76-338|KLIFS:9:positions1-85	ROCK1	Q13464	NO_QUALIFIED_VIEW			NO_QUALIFIED_VIEW			false			25	false
UniProt:Q13523:687-1006|KLIFS:236:positions1-85	PRPF4B	Q13523	NO_QUALIFIED_VIEW			NO_QUALIFIED_VIEW			false			25	false
UniProt:Q13546:17-289|KLIFS:511:positions1-85	RIPK1	Q13546	NO_QUALIFIED_VIEW			SEARCH_TRUNCATED			false			25	true
UniProt:Q13554:14-272|KLIFS:114:positions1-85	CAMK2B	Q13554	NO_QUALIFIED_VIEW			NO_QUALIFIED_VIEW			false			25	false
UniProt:Q13555:14-272|KLIFS:116:positions1-85	CAMK2G	Q13555	NO_QUALIFIED_VIEW			NO_QUALIFIED_VIEW			false			25	false
UniProt:Q13557:14-272|KLIFS:115:positions1-85	CAMK2D	Q13557	NO_QUALIFIED_VIEW			NO_QUALIFIED_VIEW			false			25	false
UniProt:Q13627:159-479|KLIFS:227:positions1-85	DYRK1A	Q13627	NO_QUALIFIED_VIEW			SEARCH_TRUNCATED			false			25	true
UniProt:Q13705:190-480|KLIFS:524:positions1-85	ACVR2B	Q13705	NO_QUALIFIED_VIEW			NO_QUALIFIED_VIEW			false			25	false
UniProt:Q13882:191-445|KLIFS:468:positions1-85	PTK6	Q13882	PASS	6CZ2	4f09145202d60e196679318cad72d93b118a5efc0ff04df46168943dbde47170	PASS	6CZ2	4f09145202d60e196679318cad72d93b118a5efc0ff04df46168943dbde47170	true		1.0	25	false
UniProt:Q13976:360-619|KLIFS:42:positions1-85	PRKG1	Q13976	NO_QUALIFIED_VIEW			NO_QUALIFIED_VIEW			false			25	false
UniProt:Q14012:20-276|KLIFS:109:positions1-85	CAMK1	Q14012	PASS	4FGB	f3a63870d3f09938fd76c7a2c5df223fb0e5a843ab476de2418f87e2d7718535	PASS	4FGB	f3a63870d3f09938fd76c7a2c5df223fb0e5a843ab476de2418f87e2d7718535	true		0.9529411764705882	25	false
UniProt:Q14164:9-315|KLIFS:271:positions1-85	IKBKE	Q14164	NO_QUALIFIED_VIEW			NO_QUALIFIED_VIEW			false			25	false
UniProt:Q14289:425-683|KLIFS:424:positions1-85	PTK2B	Q14289	PASS	3FZO	68d4674affa5b5a5337c6ae3a19cc567488bd1923e0340d0f315902b106d5aa5	PASS	3FZO	68d4674affa5b5a5337c6ae3a19cc567488bd1923e0340d0f315902b106d5aa5	true		1.0	25	false
UniProt:Q14680:11-263|KLIFS:128:positions1-85	MELK	Q14680	NO_QUALIFIED_VIEW			SEARCH_TRUNCATED			false			25	true
UniProt:Q15208:89-382|KLIFS:24:positions1-85	STK38	Q15208	NO_QUALIFIED_VIEW			NO_QUALIFIED_VIEW			false			25	false
UniProt:Q15303:718-985|KLIFS:409:positions1-85	ERBB4	Q15303	NO_QUALIFIED_VIEW			PASS	3BCE	faa23d6a8fae65aac040ee7d6a8efd31522fa331c2b1e8892c0c6cab811105b7	false	8.113124983629922	1.0	25	false
UniProt:Q15349:59-318|KLIFS:53:positions1-85	RPS6KA2	Q15349	NO_QUALIFIED_VIEW			NO_QUALIFIED_VIEW			false			25	false
UniProt:Q15375:633-894|KLIFS:415:positions1-85	EPHA7	Q15375	NO_QUALIFIED_VIEW			NO_QUALIFIED_VIEW			false			25	false
UniProt:Q15418:62-321|KLIFS:54:positions1-85	RPS6KA1	Q15418	NO_QUALIFIED_VIEW			NO_QUALIFIED_VIEW			false			25	false
UniProt:Q15759:24-308|KLIFS:250:positions1-85	MAPK11	Q15759	NO_QUALIFIED_VIEW			NO_QUALIFIED_VIEW			false			25	false
UniProt:Q15835:190-455|KLIFS:16:positions1-85	GRK1	Q15835	NO_QUALIFIED_VIEW			NO_QUALIFIED_VIEW			false			25	false
UniProt:Q16288:538-839|KLIFS:482:positions1-85	NTRK3	Q16288	NO_QUALIFIED_VIEW			NO_QUALIFIED_VIEW			false			25	false
UniProt:Q16512:615-874|KLIFS:44:positions1-85	PKN1	Q16512	PASS	4OTD	420fc5a76c38e3049209b12a5348883f12529577ff17492d1cea340f581b338f	PASS	4OTD	420fc5a76c38e3049209b12a5348883f12529577ff17492d1cea340f581b338f	true		0.9764705882352941	25	false
UniProt:Q16513:657-916|KLIFS:45:positions1-85	PKN2	Q16513	NO_QUALIFIED_VIEW			NO_QUALIFIED_VIEW			false			25	false
UniProt:Q16539:24-308|KLIFS:249:positions1-85	MAPK14	Q16539	NO_QUALIFIED_VIEW			PASS	3OEF	4229764a3f0b464cf351dde77befd33c86ea0a8f6b3327aae5061764cff211e0	false	8.158161373741022	1.0	25	false
UniProt:Q16584:117-379|KLIFS:502:positions1-85	MAP3K11	Q16584	NO_QUALIFIED_VIEW			NO_QUALIFIED_VIEW			false			25	false
UniProt:Q16620:538-807|KLIFS:481:positions1-85	NTRK2	Q16620	NO_QUALIFIED_VIEW			NO_QUALIFIED_VIEW			false			25	false
UniProt:Q16659:20-316|KLIFS:242:positions1-85	MAPK6	Q16659	NO_QUALIFIED_VIEW			NO_QUALIFIED_VIEW			false			25	false
UniProt:Q16816:20-288|KLIFS:158:positions1-85	PHKG1	Q16816	NO_QUALIFIED_VIEW			NO_QUALIFIED_VIEW			false			25	false
UniProt:Q16832:563-849|KLIFS:405:positions1-85	DDR2	Q16832	NO_QUALIFIED_VIEW			NO_QUALIFIED_VIEW			false			25	false
UniProt:Q2M2I8:46-315|KLIFS:277:positions1-85	AAK1	Q2M2I8	NO_QUALIFIED_VIEW			NO_QUALIFIED_VIEW			false			25	false
UniProt:Q59H18:463-723|KLIFS:496:positions1-85	TNNI3K	Q59H18	NO_QUALIFIED_VIEW			NO_QUALIFIED_VIEW			false			25	false
UniProt:Q5VT25:77-343|KLIFS:6:positions1-85	CDC42BPA	Q5VT25	NO_QUALIFIED_VIEW			NO_QUALIFIED_VIEW			false			25	false
UniProt:Q6DT37:71-337|KLIFS:8:positions1-85	CDC42BPG	Q6DT37	NO_QUALIFIED_VIEW			NO_QUALIFIED_VIEW			false			25	false
UniProt:Q6PHR2:14-270|KLIFS:330:positions1-85	ULK3	Q6PHR2	NO_QUALIFIED_VIEW			NO_QUALIFIED_VIEW			false			25	false
UniProt:Q6ZN16:652-908|KLIFS:347:positions1-85	MAP3K15	Q6ZN16	NO_QUALIFIED_VIEW			NO_QUALIFIED_VIEW			false			25	false
UniProt:Q7KZI7:53-304|KLIFS:124:positions1-85	MARK2	Q7KZI7	NO_QUALIFIED_VIEW			NO_QUALIFIED_VIEW			false			25	false
UniProt:Q7L7X3:28-281|KLIFS:379:positions1-85	TAOK1	Q7L7X3	NO_QUALIFIED_VIEW			NO_QUALIFIED_VIEW			false			25	false
UniProt:Q86UE8:462-741|KLIFS:324:positions1-85	TLK2	Q86UE8	NO_QUALIFIED_VIEW			NO_QUALIFIED_VIEW			false			25	false
UniProt:Q86UX6:93-353|KLIFS:69:positions1-85	STK32C	Q86UX6	NO_QUALIFIED_VIEW			NO_QUALIFIED_VIEW			false			25	false
UniProt:Q86Y07:29-319|KLIFS:194:positions1-85	VRK2	Q86Y07	NO_QUALIFIED_VIEW			NO_QUALIFIED_VIEW			false			25	false
UniProt:Q86Z02:190-518|KLIFS:235:positions1-85	HIPK1	Q86Z02	NO_QUALIFIED_VIEW			NO_QUALIFIED_VIEW			false			25	false
UniProt:Q8IU85:23-279|KLIFS:110:positions1-85	CAMK1D	Q8IU85	NO_QUALIFIED_VIEW			NO_QUALIFIED_VIEW			false			25	false
UniProt:Q8IVH8:16-273|KLIFS:356:positions1-85	MAP4K3	Q8IVH8	NO_QUALIFIED_VIEW			NO_QUALIFIED_VIEW			false			25	false
UniProt:Q8IVW4:4-286|KLIFS:219:positions1-85	CDKL3	Q8IVW4	NO_QUALIFIED_VIEW			NO_QUALIFIED_VIEW			false			25	false
UniProt:Q8IWQ3:19-270|KLIFS:119:positions1-85	BRSK2	Q8IWQ3	NO_QUALIFIED_VIEW			NO_QUALIFIED_VIEW			false			25	false
UniProt:Q8IYT8:9-271|KLIFS:329:positions1-85	ULK2	Q8IYT8	NO_QUALIFIED_VIEW			NO_QUALIFIED_VIEW			false			25	false
UniProt:Q8N4C8:25-289|KLIFS:362:positions1-85	MINK1	Q8N4C8	NO_QUALIFIED_VIEW			NO_QUALIFIED_VIEW			false			25	false
UniProt:Q8N568:394-651|KLIFS:147:positions1-85	DCLK2	Q8N568	NO_QUALIFIED_VIEW			NO_QUALIFIED_VIEW			false			25	false
UniProt:Q8N752:17-285|KLIFS:185:positions1-85	CSNK1A1L	Q8N752	NO_QUALIFIED_VIEW			NO_QUALIFIED_VIEW			false			25	false
UniProt:Q8TDC3:34-285|KLIFS:120:positions1-85	BRSK1	Q8TDC3	NO_QUALIFIED_VIEW			NO_QUALIFIED_VIEW			false			25	false
UniProt:Q8TDX7:34-299|KLIFS:289:positions1-85	NEK7	Q8TDX7	NO_QUALIFIED_VIEW			NO_QUALIFIED_VIEW			false			25	false
UniProt:Q8WTQ7:191-454|KLIFS:17:positions1-85	GRK7	Q8WTQ7	NO_QUALIFIED_VIEW			NO_QUALIFIED_VIEW			false			25	false
UniProt:Q8WU08:23-281|KLIFS:68:positions1-85	STK32A	Q8WU08	NO_QUALIFIED_VIEW			NO_QUALIFIED_VIEW			false			25	false
UniProt:Q92630:222-535|KLIFS:230:positions1-85	DYRK2	Q92630	NO_QUALIFIED_VIEW			NO_QUALIFIED_VIEW			false			25	false
UniProt:Q92772:4-287|KLIFS:218:positions1-85	CDKL2	Q92772	NO_QUALIFIED_VIEW			NO_QUALIFIED_VIEW			false			25	false
UniProt:Q92918:17-274|KLIFS:358:positions1-85	MAP4K1	Q92918	NO_QUALIFIED_VIEW			SEARCH_TRUNCATED			false			25	true
UniProt:Q96BR1:162-419|KLIFS:66:positions1-85	SGK3	Q96BR1	NO_QUALIFIED_VIEW			NO_QUALIFIED_VIEW			false			25	false
UniProt:Q96GD4:77-327|KLIFS:261:positions1-85	AURKB	Q96GD4	NO_QUALIFIED_VIEW			NO_QUALIFIED_VIEW			false			25	false
UniProt:Q96L34:59-310|KLIFS:127:positions1-85	MARK4	Q96L34	NO_QUALIFIED_VIEW			NO_QUALIFIED_VIEW			false			25	false
UniProt:Q96NX5:23-277|KLIFS:111:positions1-85	CAMK1G	Q96NX5	NO_QUALIFIED_VIEW			NO_QUALIFIED_VIEW			false			25	false
UniProt:Q96RR4:165-446|KLIFS:265:positions1-85	CAMKK2	Q96RR4	NO_QUALIFIED_VIEW			NO_QUALIFIED_VIEW			false			25	false
UniProt:Q96SB4:80-653|KLIFS:256:positions1-85	SRPK1	Q96SB4	PASS	7DD1	3495c97fe1d65ee7606ca0ada1a1d6d44f85a6e16de3639110e30ed73ad83161	PASS	7DD1	3495c97fe1d65ee7606ca0ada1a1d6d44f85a6e16de3639110e30ed73ad83161	true	13.657796820863899	1.0	25	false
UniProt:Q99640:110-359|KLIFS:334:positions1-85	PKMYT1	Q99640	NO_QUALIFIED_VIEW			SEARCH_TRUNCATED			false			25	true
UniProt:Q99683:680-938|KLIFS:345:positions1-85	MAP3K5	Q99683	NO_QUALIFIED_VIEW			NO_QUALIFIED_VIEW			false			25	false
UniProt:Q9BUB5:49-374|KLIFS:152:positions1-85	MKNK1	Q9BUB5	NO_QUALIFIED_VIEW			NO_QUALIFIED_VIEW			false			25	false
UniProt:Q9C098:356-613|KLIFS:146:positions1-85	DCLK3	Q9C098	NO_QUALIFIED_VIEW			NO_QUALIFIED_VIEW			false			25	false
UniProt:Q9H093:53-303|KLIFS:131:positions1-85	NUAK2	Q9H093	NO_QUALIFIED_VIEW			NO_QUALIFIED_VIEW			false			25	false
UniProt:Q9H0K1:20-271|KLIFS:133:positions1-85	SIK2	Q9H0K1	NO_QUALIFIED_VIEW			NO_QUALIFIED_VIEW			false			25	false
UniProt:Q9H2G2:34-292|KLIFS:374:positions1-85	SLK	Q9H2G2	NO_QUALIFIED_VIEW			NO_QUALIFIED_VIEW			false			25	false
UniProt:Q9H2K8:24-277|KLIFS:378:positions1-85	TAOK3	Q9H2K8	NO_QUALIFIED_VIEW			NO_QUALIFIED_VIEW			false			25	false
UniProt:Q9H2X6:199-527|KLIFS:233:positions1-85	HIPK2	Q9H2X6	NO_QUALIFIED_VIEW			NO_QUALIFIED_VIEW			false			25	false
UniProt:Q9H3Y6:230-488|KLIFS:469:positions1-85	SRMS	Q9H3Y6	NO_QUALIFIED_VIEW			NO_QUALIFIED_VIEW			false			25	false
UniProt:Q9H422:197-525|KLIFS:232:positions1-85	HIPK3	Q9H422	NO_QUALIFIED_VIEW			NO_QUALIFIED_VIEW			false			25	false
UniProt:Q9H4B4:62-314|KLIFS:312:positions1-85	PLK3	Q9H4B4	NO_QUALIFIED_VIEW			NO_QUALIFIED_VIEW			false			25	false
UniProt:Q9HAZ1:159-475|KLIFS:226:positions1-85	CLK4	Q9HAZ1	NO_QUALIFIED_VIEW			NO_QUALIFIED_VIEW			false			25	false
UniProt:Q9HBH9:84-388|KLIFS:151:positions1-85	MKNK2	Q9HBH9	NO_QUALIFIED_VIEW			PASS	2AC3	6df723b572144f5e193e634ba54e6e65debd513a5764f22cee90a2e6efac86e2	false	19.09867840977485	1.0	25	false
UniProt:Q9HC98:45-310|KLIFS:288:positions1-85	NEK6	Q9HC98	NO_QUALIFIED_VIEW			NO_QUALIFIED_VIEW			false			25	false
UniProt:Q9HCP0:44-315|KLIFS:190:positions1-85	CSNK1G1	Q9HCP0	NO_QUALIFIED_VIEW			NO_QUALIFIED_VIEW			false			25	false
UniProt:Q9NQU5:407-658|KLIFS:371:positions1-85	PAK6	Q9NQU5	NO_QUALIFIED_VIEW			NO_QUALIFIED_VIEW			false			25	false
UniProt:Q9NRH2:16-269|KLIFS:136:positions1-85	SNRK	Q9NRH2	NO_QUALIFIED_VIEW			NO_QUALIFIED_VIEW			false			25	false
UniProt:Q9NRM7:668-973|KLIFS:26:positions1-85	LATS2	Q9NRM7	NO_QUALIFIED_VIEW			NO_QUALIFIED_VIEW			false			25	false
UniProt:Q9NSY1:51-316|KLIFS:278:positions1-85	BMP2K	Q9NSY1	NO_QUALIFIED_VIEW			NO_QUALIFIED_VIEW			false			25	false
UniProt:Q9NWZ3:186-454|KLIFS:489:positions1-85	IRAK4	Q9NWZ3	NO_QUALIFIED_VIEW			SEARCH_TRUNCATED			false			25	true
UniProt:Q9NY57:23-283|KLIFS:67:positions1-85	STK32B	Q9NY57	NO_QUALIFIED_VIEW			NO_QUALIFIED_VIEW			false			25	false
UniProt:Q9NYY3:82-334|KLIFS:313:positions1-85	PLK2	Q9NYY3	NO_QUALIFIED_VIEW			NO_QUALIFIED_VIEW			false			25	false
UniProt:Q9P0L2:60-311|KLIFS:125:positions1-85	MARK1	Q9P0L2	NO_QUALIFIED_VIEW			NO_QUALIFIED_VIEW			false			25	false
UniProt:Q9P1W9:32-286|KLIFS:161:positions1-85	PIM2	Q9P1W9	NO_QUALIFIED_VIEW			NO_QUALIFIED_VIEW			false			25	false
UniProt:Q9UEW8:63-337|KLIFS:354:positions1-85	STK39	Q9UEW8	NO_QUALIFIED_VIEW			NO_QUALIFIED_VIEW			false			25	false
UniProt:Q9UHD2:9-310|KLIFS:272:positions1-85	TBK1	Q9UHD2	NO_QUALIFIED_VIEW			NO_QUALIFIED_VIEW			false			25	false
UniProt:Q9UIK4:23-285|KLIFS:142:positions1-85	DAPK2	Q9UIK4	NO_QUALIFIED_VIEW			NO_QUALIFIED_VIEW			false			25	false
UniProt:Q9UK32:73-330|KLIFS:56:positions1-85	RPS6KA6	Q9UK32	NO_QUALIFIED_VIEW			NO_QUALIFIED_VIEW			false			25	false
UniProt:Q9UKE5:25-289|KLIFS:360:positions1-85	TNIK	Q9UKE5	NO_QUALIFIED_VIEW			NO_QUALIFIED_VIEW			false			25	false
UniProt:Q9UKI8:456-734|KLIFS:323:positions1-85	TLK1	Q9UKI8	NO_QUALIFIED_VIEW			NO_QUALIFIED_VIEW			false			25	false
UniProt:Q9UL54:28-281|KLIFS:377:positions1-85	TAOK2	Q9UL54	NO_QUALIFIED_VIEW			NO_QUALIFIED_VIEW			false			25	false
UniProt:Q9UM73:1116-1392|KLIFS:396:positions1-85	ALK	Q9UM73	NO_QUALIFIED_VIEW			SEARCH_TRUNCATED			false			25	true
UniProt:Q9UPE1:79-565|KLIFS:258:positions1-85	SRPK3	Q9UPE1	NO_QUALIFIED_VIEW			NO_QUALIFIED_VIEW			false			25	false
UniProt:Q9UQB9:43-293|KLIFS:260:positions1-85	AURKC	Q9UQB9	NO_QUALIFIED_VIEW			NO_QUALIFIED_VIEW			false			25	false
UniProt:Q9UQM7:13-271|KLIFS:113:positions1-85	CAMK2A	Q9UQM7	NO_QUALIFIED_VIEW			NO_QUALIFIED_VIEW			false			25	false
UniProt:Q9Y243:148-405|KLIFS:3:positions1-85	AKT3	Q9Y243	NO_QUALIFIED_VIEW			NO_QUALIFIED_VIEW			false			25	false
UniProt:Q9Y2H1:90-383|KLIFS:25:positions1-85	STK38L	Q9Y2H1	NO_QUALIFIED_VIEW			NO_QUALIFIED_VIEW			false			25	false
UniProt:Q9Y2H9:374-647|KLIFS:18:positions1-85	MAST1	Q9Y2H9	NO_QUALIFIED_VIEW			NO_QUALIFIED_VIEW			false			25	false
UniProt:Q9Y463:111-431|KLIFS:228:positions1-85	DYRK1B	Q9Y463	NO_QUALIFIED_VIEW			NO_QUALIFIED_VIEW			false			25	false
UniProt:Q9Y4K4:20-277|KLIFS:357:positions1-85	MAP4K5	Q9Y4K4	NO_QUALIFIED_VIEW			NO_QUALIFIED_VIEW			false			25	false
UniProt:Q9Y5S2:76-342|KLIFS:7:positions1-85	CDC42BPB	Q9Y5S2	NO_QUALIFIED_VIEW			NO_QUALIFIED_VIEW			false			25	false
UniProt:Q9Y616:165-452|KLIFS:488:positions1-85	IRAK3	Q9Y616	NO_QUALIFIED_VIEW			NO_QUALIFIED_VIEW			false			25	false
UniProt:Q9Y6E0:36-286|KLIFS:380:positions1-85	STK24	Q9Y6E0	PASS	3A7F	9594169fbbfb159fe9d9f559619f8617f59a1ff296784c33d0c4b65efe03d4f4	PASS	3A7F	9594169fbbfb159fe9d9f559619f8617f59a1ff296784c33d0c4b65efe03d4f4	true		1.0	25	false
UniProt:Q9Y6M4:43-313|KLIFS:189:positions1-85	CSNK1G3	Q9Y6M4	NO_QUALIFIED_VIEW			NO_QUALIFIED_VIEW			false			25	false
