split	fold	model	chosen_alpha	inner_scores_json
union_component_leave_one_out	component-01	nuisance_ridge	100.0	"[{""alpha"":0.01,""inner_rmse"":1.7486687501619746},{""alpha"":0.1,""inner_rmse"":1.7477653906579083},{""alpha"":1.0,""inner_rmse"":1.7392266089219799},{""alpha"":10.0,""inner_rmse"":1.6815015514623153},{""alpha"":100.0,""inner_rmse"":1.526450771618042}]"
union_component_leave_one_out	component-01	ligand_ecfp_ridge	1.0	"[{""alpha"":0.01,""inner_rmse"":1.3337087352392605},{""alpha"":0.1,""inner_rmse"":1.3337077583335568},{""alpha"":1.0,""inner_rmse"":1.3337013711146348},{""alpha"":10.0,""inner_rmse"":1.3339134715420335},{""alpha"":100.0,""inner_rmse"":1.3431231580937073}]"
union_component_leave_one_out	component-01	ligand_gmolai_ridge	100.0	"[{""alpha"":0.01,""inner_rmse"":2.4659127771467224},{""alpha"":0.1,""inner_rmse"":2.230585729462104},{""alpha"":1.0,""inner_rmse"":1.9402014614528953},{""alpha"":10.0,""inner_rmse"":1.8855002533013583},{""alpha"":100.0,""inner_rmse"":1.626182809874561}]"
union_component_leave_one_out	component-01	protein_sequence_ridge	100.0	"[{""alpha"":0.01,""inner_rmse"":1.4432201934681834},{""alpha"":0.1,""inner_rmse"":1.4432201111299765},{""alpha"":1.0,""inner_rmse"":1.4432192878350298},{""alpha"":10.0,""inner_rmse"":1.4432110635958448},{""alpha"":100.0,""inner_rmse"":1.4431296899345665}]"
union_component_leave_one_out	component-01	concat_ecfp_sequence_ridge	0.01	"[{""alpha"":0.01,""inner_rmse"":1.2236620681262644},{""alpha"":0.1,""inner_rmse"":1.2236854365032228},{""alpha"":1.0,""inner_rmse"":1.2239196058643205},{""alpha"":10.0,""inner_rmse"":1.2262885644776773},{""alpha"":100.0,""inner_rmse"":1.2477726170092254}]"
union_component_leave_one_out	component-01	pocket_composition_ridge_S0	100.0	"[{""alpha"":0.01,""inner_rmse"":4.401037041821507},{""alpha"":0.1,""inner_rmse"":4.2927231582058205},{""alpha"":1.0,""inner_rmse"":2.617188050060138},{""alpha"":10.0,""inner_rmse"":1.6770370434033472},{""alpha"":100.0,""inner_rmse"":1.651882963113036}]"
union_component_leave_one_out	component-01	pocket_structure_ridge_S0	10.0	"[{""alpha"":0.01,""inner_rmse"":7.348366250658936},{""alpha"":0.1,""inner_rmse"":4.066199114422853},{""alpha"":1.0,""inner_rmse"":2.113178167179583},{""alpha"":10.0,""inner_rmse"":1.658954562530169},{""alpha"":100.0,""inner_rmse"":1.7362163847841359}]"
union_component_leave_one_out	component-01	concat_ecfp_pocket_ridge_S0	0.01	"[{""alpha"":0.01,""inner_rmse"":1.3966937419260694},{""alpha"":0.1,""inner_rmse"":1.396741364055374},{""alpha"":1.0,""inner_rmse"":1.3972129202361678},{""alpha"":10.0,""inner_rmse"":1.4015193806010038},{""alpha"":100.0,""inner_rmse"":1.4265422602383835}]"
union_component_leave_one_out	component-01	concat_gmolai_pocket_ridge_S0	100.0	"[{""alpha"":0.01,""inner_rmse"":2.409398446074629},{""alpha"":0.1,""inner_rmse"":2.1976091113471856},{""alpha"":1.0,""inner_rmse"":1.7727221581304524},{""alpha"":10.0,""inner_rmse"":1.5791004050044308},{""alpha"":100.0,""inner_rmse"":1.459052971749675}]"
union_component_leave_one_out	component-01	pocket_composition_ridge_S1	100.0	"[{""alpha"":0.01,""inner_rmse"":1.7278432299473072},{""alpha"":0.1,""inner_rmse"":1.7277837418785191},{""alpha"":1.0,""inner_rmse"":1.7271901581199653},{""alpha"":10.0,""inner_rmse"":1.7213813872819919},{""alpha"":100.0,""inner_rmse"":1.673780151758819}]"
union_component_leave_one_out	component-01	pocket_structure_ridge_S1	100.0	"[{""alpha"":0.01,""inner_rmse"":1.7499931004164175},{""alpha"":0.1,""inner_rmse"":1.7499650404531728},{""alpha"":1.0,""inner_rmse"":1.7496847118802437},{""alpha"":10.0,""inner_rmse"":1.7469083629086355},{""alpha"":100.0,""inner_rmse"":1.7216509441623338}]"
union_component_leave_one_out	component-01	concat_ecfp_pocket_ridge_S1	0.01	"[{""alpha"":0.01,""inner_rmse"":1.421653945933528},{""alpha"":0.1,""inner_rmse"":1.421656962869813},{""alpha"":1.0,""inner_rmse"":1.42169044452873},{""alpha"":10.0,""inner_rmse"":1.4222920820978002},{""alpha"":100.0,""inner_rmse"":1.4340770887693504}]"
union_component_leave_one_out	component-01	concat_gmolai_pocket_ridge_S1	100.0	"[{""alpha"":0.01,""inner_rmse"":1.9407344970013225},{""alpha"":0.1,""inner_rmse"":1.8294386352041137},{""alpha"":1.0,""inner_rmse"":1.6859057570007614},{""alpha"":10.0,""inner_rmse"":1.592002569394483},{""alpha"":100.0,""inner_rmse"":1.4864911986798552}]"
union_component_leave_one_out	component-01	negative_pocket_permuted_concat_gmolai_S0	100.0	"[{""alpha"":0.01,""inner_rmse"":1.6827598847212617},{""alpha"":0.1,""inner_rmse"":1.6129847442418723},{""alpha"":1.0,""inner_rmse"":1.5281318456162325},{""alpha"":10.0,""inner_rmse"":1.4834101833454416},{""alpha"":100.0,""inner_rmse"":1.425342539618185}]"
union_component_leave_one_out	component-02	nuisance_ridge	100.0	"[{""alpha"":0.01,""inner_rmse"":1.7668119268403872},{""alpha"":0.1,""inner_rmse"":1.7660273464516738},{""alpha"":1.0,""inner_rmse"":1.7584557798084852},{""alpha"":10.0,""inner_rmse"":1.7017952666802787},{""alpha"":100.0,""inner_rmse"":1.5432198315186025}]"
union_component_leave_one_out	component-02	ligand_ecfp_ridge	10.0	"[{""alpha"":0.01,""inner_rmse"":1.262917279469107},{""alpha"":0.1,""inner_rmse"":1.2629129102445138},{""alpha"":1.0,""inner_rmse"":1.2628732323646845},{""alpha"":10.0,""inner_rmse"":1.2628120542314463},{""alpha"":100.0,""inner_rmse"":1.2726595152126294}]"
union_component_leave_one_out	component-02	ligand_gmolai_ridge	100.0	"[{""alpha"":0.01,""inner_rmse"":1.7774336972658031},{""alpha"":0.1,""inner_rmse"":1.7648086492749908},{""alpha"":1.0,""inner_rmse"":1.715888388645555},{""alpha"":10.0,""inner_rmse"":1.6197661463034234},{""alpha"":100.0,""inner_rmse"":1.3741475508480636}]"
union_component_leave_one_out	component-02	protein_sequence_ridge	100.0	"[{""alpha"":0.01,""inner_rmse"":1.493977779191638},{""alpha"":0.1,""inner_rmse"":1.493976728291425},{""alpha"":1.0,""inner_rmse"":1.4939662213464446},{""alpha"":10.0,""inner_rmse"":1.4938613572049468},{""alpha"":100.0,""inner_rmse"":1.4928328474649906}]"
union_component_leave_one_out	component-02	concat_ecfp_sequence_ridge	0.01	"[{""alpha"":0.01,""inner_rmse"":1.2263833773804411},{""alpha"":0.1,""inner_rmse"":1.2263925406910847},{""alpha"":1.0,""inner_rmse"":1.2264866423920335},{""alpha"":10.0,""inner_rmse"":1.2276291570971682},{""alpha"":100.0,""inner_rmse"":1.244496333978876}]"
union_component_leave_one_out	component-02	pocket_composition_ridge_S0	100.0	"[{""alpha"":0.01,""inner_rmse"":5.8189871011839305},{""alpha"":0.1,""inner_rmse"":5.339269968760372},{""alpha"":1.0,""inner_rmse"":2.9671063643791706},{""alpha"":10.0,""inner_rmse"":2.127441139772848},{""alpha"":100.0,""inner_rmse"":1.9604216443470979}]"
union_component_leave_one_out	component-02	pocket_structure_ridge_S0	0.1	"[{""alpha"":0.01,""inner_rmse"":5.145155031930119},{""alpha"":0.1,""inner_rmse"":2.065901983688872},{""alpha"":1.0,""inner_rmse"":2.3579363755010947},{""alpha"":10.0,""inner_rmse"":2.6010571336229225},{""alpha"":100.0,""inner_rmse"":2.2246663968105844}]"
union_component_leave_one_out	component-02	concat_ecfp_pocket_ridge_S0	0.01	"[{""alpha"":0.01,""inner_rmse"":1.3331391029010418},{""alpha"":0.1,""inner_rmse"":1.3332102681893683},{""alpha"":1.0,""inner_rmse"":1.333915749114869},{""alpha"":10.0,""inner_rmse"":1.3404296782591074},{""alpha"":100.0,""inner_rmse"":1.381338300324014}]"
union_component_leave_one_out	component-02	concat_gmolai_pocket_ridge_S0	100.0	"[{""alpha"":0.01,""inner_rmse"":2.064612298915089},{""alpha"":0.1,""inner_rmse"":2.061406597575178},{""alpha"":1.0,""inner_rmse"":2.039774164387257},{""alpha"":10.0,""inner_rmse"":1.8746716666494612},{""alpha"":100.0,""inner_rmse"":1.5053867186570928}]"
union_component_leave_one_out	component-02	pocket_composition_ridge_S1	100.0	"[{""alpha"":0.01,""inner_rmse"":2.090653407839272},{""alpha"":0.1,""inner_rmse"":2.0905011274423515},{""alpha"":1.0,""inner_rmse"":2.088981663366913},{""alpha"":10.0,""inner_rmse"":2.0741151815332026},{""alpha"":100.0,""inner_rmse"":1.9530334444916406}]"
union_component_leave_one_out	component-02	pocket_structure_ridge_S1	100.0	"[{""alpha"":0.01,""inner_rmse"":2.1201256474138783},{""alpha"":0.1,""inner_rmse"":2.1200529924009373},{""alpha"":1.0,""inner_rmse"":2.119327023273931},{""alpha"":10.0,""inner_rmse"":2.112125602915139},{""alpha"":100.0,""inner_rmse"":2.045926766520265}]"
union_component_leave_one_out	component-02	concat_ecfp_pocket_ridge_S1	0.01	"[{""alpha"":0.01,""inner_rmse"":1.3524685159871892},{""alpha"":0.1,""inner_rmse"":1.3525015841662085},{""alpha"":1.0,""inner_rmse"":1.3528326243205548},{""alpha"":10.0,""inner_rmse"":1.356158991223576},{""alpha"":100.0,""inner_rmse"":1.385535424738756}]"
union_component_leave_one_out	component-02	concat_gmolai_pocket_ridge_S1	100.0	"[{""alpha"":0.01,""inner_rmse"":2.066602677794492},{""alpha"":0.1,""inner_rmse"":2.049338954478153},{""alpha"":1.0,""inner_rmse"":1.9779130880540516},{""alpha"":10.0,""inner_rmse"":1.825346887024479},{""alpha"":100.0,""inner_rmse"":1.524452973175389}]"
union_component_leave_one_out	component-02	negative_pocket_permuted_concat_gmolai_S0	100.0	"[{""alpha"":0.01,""inner_rmse"":1.9049876340098002},{""alpha"":0.1,""inner_rmse"":1.901540783397089},{""alpha"":1.0,""inner_rmse"":1.8882852522652838},{""alpha"":10.0,""inner_rmse"":1.7566934861715544},{""alpha"":100.0,""inner_rmse"":1.445824660716798}]"
union_component_leave_one_out	component-03	nuisance_ridge	100.0	"[{""alpha"":0.01,""inner_rmse"":1.55101776052264},{""alpha"":0.1,""inner_rmse"":1.5515394495736234},{""alpha"":1.0,""inner_rmse"":1.5559597104243774},{""alpha"":10.0,""inner_rmse"":1.5631818480482624},{""alpha"":100.0,""inner_rmse"":1.4816054803973184}]"
union_component_leave_one_out	component-03	ligand_ecfp_ridge	0.01	"[{""alpha"":0.01,""inner_rmse"":1.3144395863748026},{""alpha"":0.1,""inner_rmse"":1.3144493683300964},{""alpha"":1.0,""inner_rmse"":1.3145450247188875},{""alpha"":10.0,""inner_rmse"":1.3153276030481416},{""alpha"":100.0,""inner_rmse"":1.3188222922267674}]"
union_component_leave_one_out	component-03	ligand_gmolai_ridge	100.0	"[{""alpha"":0.01,""inner_rmse"":2.704677465019151},{""alpha"":0.1,""inner_rmse"":2.422200682773561},{""alpha"":1.0,""inner_rmse"":2.0454887349268995},{""alpha"":10.0,""inner_rmse"":1.8623579194496536},{""alpha"":100.0,""inner_rmse"":1.646705726478537}]"
union_component_leave_one_out	component-03	protein_sequence_ridge	100.0	"[{""alpha"":0.01,""inner_rmse"":1.3894797599682096},{""alpha"":0.1,""inner_rmse"":1.389479588155343},{""alpha"":1.0,""inner_rmse"":1.3894778710132558},{""alpha"":10.0,""inner_rmse"":1.3894607979547264},{""alpha"":100.0,""inner_rmse"":1.389299615387166}]"
union_component_leave_one_out	component-03	concat_ecfp_sequence_ridge	0.01	"[{""alpha"":0.01,""inner_rmse"":1.285500677708618},{""alpha"":0.1,""inner_rmse"":1.2855291684206664},{""alpha"":1.0,""inner_rmse"":1.2858092733171065},{""alpha"":10.0,""inner_rmse"":1.288212386595317},{""alpha"":100.0,""inner_rmse"":1.2996135061438006}]"
union_component_leave_one_out	component-03	pocket_composition_ridge_S0	100.0	"[{""alpha"":0.01,""inner_rmse"":5.859047594065947},{""alpha"":0.1,""inner_rmse"":5.069624686928771},{""alpha"":1.0,""inner_rmse"":3.195702973348484},{""alpha"":10.0,""inner_rmse"":2.0266995669457497},{""alpha"":100.0,""inner_rmse"":1.780238728810462}]"
union_component_leave_one_out	component-03	pocket_structure_ridge_S0	100.0	"[{""alpha"":0.01,""inner_rmse"":14.689887353258028},{""alpha"":0.1,""inner_rmse"":6.168191335929756},{""alpha"":1.0,""inner_rmse"":1.8107656503729421},{""alpha"":10.0,""inner_rmse"":1.707323070644455},{""alpha"":100.0,""inner_rmse"":1.6216116038555288}]"
union_component_leave_one_out	component-03	concat_ecfp_pocket_ridge_S0	0.01	"[{""alpha"":0.01,""inner_rmse"":1.3767355262554748},{""alpha"":0.1,""inner_rmse"":1.376776835491478},{""alpha"":1.0,""inner_rmse"":1.3771815242487415},{""alpha"":10.0,""inner_rmse"":1.380520949160537},{""alpha"":100.0,""inner_rmse"":1.3902096475075567}]"
union_component_leave_one_out	component-03	concat_gmolai_pocket_ridge_S0	100.0	"[{""alpha"":0.01,""inner_rmse"":2.7363282681415253},{""alpha"":0.1,""inner_rmse"":2.5030845844114764},{""alpha"":1.0,""inner_rmse"":1.9788363856936955},{""alpha"":10.0,""inner_rmse"":1.6955696297706075},{""alpha"":100.0,""inner_rmse"":1.592636974327027}]"
union_component_leave_one_out	component-03	pocket_composition_ridge_S1	100.0	"[{""alpha"":0.01,""inner_rmse"":1.8802885657124906},{""alpha"":0.1,""inner_rmse"":1.8801588086152148},{""alpha"":1.0,""inner_rmse"":1.8788652288209222},{""alpha"":10.0,""inner_rmse"":1.8663159296869554},{""alpha"":100.0,""inner_rmse"":1.770069382305705}]"
union_component_leave_one_out	component-03	pocket_structure_ridge_S1	100.0	"[{""alpha"":0.01,""inner_rmse"":1.5556563362086442},{""alpha"":0.1,""inner_rmse"":1.5556393335668999},{""alpha"":1.0,""inner_rmse"":1.5554695296907244},{""alpha"":10.0,""inner_rmse"":1.5537934185276212},{""alpha"":100.0,""inner_rmse"":1.5389477873030042}]"
union_component_leave_one_out	component-03	concat_ecfp_pocket_ridge_S1	100.0	"[{""alpha"":0.01,""inner_rmse"":1.3822689590371386},{""alpha"":0.1,""inner_rmse"":1.3822733889917673},{""alpha"":1.0,""inner_rmse"":1.3823157060215912},{""alpha"":10.0,""inner_rmse"":1.3825801163514195},{""alpha"":100.0,""inner_rmse"":1.3817148701018296}]"
union_component_leave_one_out	component-03	concat_gmolai_pocket_ridge_S1	100.0	"[{""alpha"":0.01,""inner_rmse"":2.24115697935728},{""alpha"":0.1,""inner_rmse"":2.1411472101213254},{""alpha"":1.0,""inner_rmse"":1.9879507905062386},{""alpha"":10.0,""inner_rmse"":1.709513076039607},{""alpha"":100.0,""inner_rmse"":1.5863627028345926}]"
union_component_leave_one_out	component-03	negative_pocket_permuted_concat_gmolai_S0	100.0	"[{""alpha"":0.01,""inner_rmse"":2.844255200800129},{""alpha"":0.1,""inner_rmse"":2.636278530603803},{""alpha"":1.0,""inner_rmse"":2.151058102250645},{""alpha"":10.0,""inner_rmse"":1.7815892152202664},{""alpha"":100.0,""inner_rmse"":1.6174503519733248}]"
union_component_leave_one_out	component-04	nuisance_ridge	100.0	"[{""alpha"":0.01,""inner_rmse"":1.5884192025693993},{""alpha"":0.1,""inner_rmse"":1.5877804044949404},{""alpha"":1.0,""inner_rmse"":1.5815857213726259},{""alpha"":10.0,""inner_rmse"":1.5335997878221916},{""alpha"":100.0,""inner_rmse"":1.3890395829170274}]"
union_component_leave_one_out	component-04	ligand_ecfp_ridge	0.01	"[{""alpha"":0.01,""inner_rmse"":1.2522435300182384},{""alpha"":0.1,""inner_rmse"":1.2522471448777386},{""alpha"":1.0,""inner_rmse"":1.2522833621491225},{""alpha"":10.0,""inner_rmse"":1.2526459283563751},{""alpha"":100.0,""inner_rmse"":1.2552378919275158}]"
union_component_leave_one_out	component-04	ligand_gmolai_ridge	100.0	"[{""alpha"":0.01,""inner_rmse"":2.2202528296974395},{""alpha"":0.1,""inner_rmse"":2.010191764898302},{""alpha"":1.0,""inner_rmse"":1.7533162077141105},{""alpha"":10.0,""inner_rmse"":1.5737105491253751},{""alpha"":100.0,""inner_rmse"":1.439812566695768}]"
union_component_leave_one_out	component-04	protein_sequence_ridge	100.0	"[{""alpha"":0.01,""inner_rmse"":1.3507039027792875},{""alpha"":0.1,""inner_rmse"":1.350702407913818},{""alpha"":1.0,""inner_rmse"":1.350687462834525},{""alpha"":10.0,""inner_rmse"":1.3505383687587955},{""alpha"":100.0,""inner_rmse"":1.3490822951316652}]"
union_component_leave_one_out	component-04	concat_ecfp_sequence_ridge	0.01	"[{""alpha"":0.01,""inner_rmse"":1.2381104531037879},{""alpha"":0.1,""inner_rmse"":1.2381227229045806},{""alpha"":1.0,""inner_rmse"":1.2382447035345716},{""alpha"":10.0,""inner_rmse"":1.2393957878758615},{""alpha"":100.0,""inner_rmse"":1.2470285738177753}]"
union_component_leave_one_out	component-04	pocket_composition_ridge_S0	100.0	"[{""alpha"":0.01,""inner_rmse"":2.8180699414759793},{""alpha"":0.1,""inner_rmse"":2.4972831853192936},{""alpha"":1.0,""inner_rmse"":1.7725285853556203},{""alpha"":10.0,""inner_rmse"":1.6187864423594205},{""alpha"":100.0,""inner_rmse"":1.5406797233014284}]"
union_component_leave_one_out	component-04	pocket_structure_ridge_S0	100.0	"[{""alpha"":0.01,""inner_rmse"":4.236013623074273},{""alpha"":0.1,""inner_rmse"":2.5398659276764572},{""alpha"":1.0,""inner_rmse"":1.8422437036575396},{""alpha"":10.0,""inner_rmse"":1.6347985258347018},{""alpha"":100.0,""inner_rmse"":1.508683641749463}]"
union_component_leave_one_out	component-04	concat_ecfp_pocket_ridge_S0	0.01	"[{""alpha"":0.01,""inner_rmse"":1.251695036991098},{""alpha"":0.1,""inner_rmse"":1.2517421417160872},{""alpha"":1.0,""inner_rmse"":1.2522078191750967},{""alpha"":10.0,""inner_rmse"":1.2563916324984512},{""alpha"":100.0,""inner_rmse"":1.2775819591052782}]"
union_component_leave_one_out	component-04	concat_gmolai_pocket_ridge_S0	100.0	"[{""alpha"":0.01,""inner_rmse"":2.4658671488409856},{""alpha"":0.1,""inner_rmse"":2.296616092668457},{""alpha"":1.0,""inner_rmse"":1.9708688632997526},{""alpha"":10.0,""inner_rmse"":1.6992131542115498},{""alpha"":100.0,""inner_rmse"":1.459433590085018}]"
union_component_leave_one_out	component-04	pocket_composition_ridge_S1	100.0	"[{""alpha"":0.01,""inner_rmse"":1.623644193021772},{""alpha"":0.1,""inner_rmse"":1.6235442417998105},{""alpha"":1.0,""inner_rmse"":1.6225480195040907},{""alpha"":10.0,""inner_rmse"":1.6129039725961838},{""alpha"":100.0,""inner_rmse"":1.5402500240674852}]"
union_component_leave_one_out	component-04	pocket_structure_ridge_S1	100.0	"[{""alpha"":0.01,""inner_rmse"":1.555284910747857},{""alpha"":0.1,""inner_rmse"":1.5552526358110377},{""alpha"":1.0,""inner_rmse"":1.5549303819311961},{""alpha"":10.0,""inner_rmse"":1.5517565426079303},{""alpha"":100.0,""inner_rmse"":1.5241730442832866}]"
union_component_leave_one_out	component-04	concat_ecfp_pocket_ridge_S1	0.01	"[{""alpha"":0.01,""inner_rmse"":1.2731365340496767},{""alpha"":0.1,""inner_rmse"":1.2731605316765606},{""alpha"":1.0,""inner_rmse"":1.2733992236384206},{""alpha"":10.0,""inner_rmse"":1.2756618132594704},{""alpha"":100.0,""inner_rmse"":1.2902003158115791}]"
union_component_leave_one_out	component-04	concat_gmolai_pocket_ridge_S1	100.0	"[{""alpha"":0.01,""inner_rmse"":2.362011531651175},{""alpha"":0.1,""inner_rmse"":2.1734786481781185},{""alpha"":1.0,""inner_rmse"":1.8885795949418378},{""alpha"":10.0,""inner_rmse"":1.6086651093617281},{""alpha"":100.0,""inner_rmse"":1.4391314708703236}]"
union_component_leave_one_out	component-04	negative_pocket_permuted_concat_gmolai_S0	100.0	"[{""alpha"":0.01,""inner_rmse"":2.2329840936151935},{""alpha"":0.1,""inner_rmse"":2.0128071797902245},{""alpha"":1.0,""inner_rmse"":1.7201605668739957},{""alpha"":10.0,""inner_rmse"":1.560683997468558},{""alpha"":100.0,""inner_rmse"":1.413656546541232}]"
union_component_leave_one_out	component-05	nuisance_ridge	100.0	"[{""alpha"":0.01,""inner_rmse"":1.9209900700213194},{""alpha"":0.1,""inner_rmse"":1.914310466841531},{""alpha"":1.0,""inner_rmse"":1.8523575741018106},{""alpha"":10.0,""inner_rmse"":1.5033846839381564},{""alpha"":100.0,""inner_rmse"":1.1407404597039652}]"
union_component_leave_one_out	component-05	ligand_ecfp_ridge	100.0	"[{""alpha"":0.01,""inner_rmse"":1.0235269677023637},{""alpha"":0.1,""inner_rmse"":1.0234749738728885},{""alpha"":1.0,""inner_rmse"":1.022964658942835},{""alpha"":10.0,""inner_rmse"":1.0186703445129661},{""alpha"":100.0,""inner_rmse"":1.0047810898633847}]"
union_component_leave_one_out	component-05	ligand_gmolai_ridge	100.0	"[{""alpha"":0.01,""inner_rmse"":2.110458097224592},{""alpha"":0.1,""inner_rmse"":1.8887732811595184},{""alpha"":1.0,""inner_rmse"":1.592532092416536},{""alpha"":10.0,""inner_rmse"":1.2411314754621223},{""alpha"":100.0,""inner_rmse"":1.1407928485131138}]"
union_component_leave_one_out	component-05	protein_sequence_ridge	100.0	"[{""alpha"":0.01,""inner_rmse"":1.2324533763093313},{""alpha"":0.1,""inner_rmse"":1.2324511687635888},{""alpha"":1.0,""inner_rmse"":1.2324290983066222},{""alpha"":10.0,""inner_rmse"":1.232208892701185},{""alpha"":100.0,""inner_rmse"":1.2300556739669053}]"
union_component_leave_one_out	component-05	concat_ecfp_sequence_ridge	100.0	"[{""alpha"":0.01,""inner_rmse"":1.0132792510521282},{""alpha"":0.1,""inner_rmse"":1.0132463071191944},{""alpha"":1.0,""inner_rmse"":1.0129259417553629},{""alpha"":10.0,""inner_rmse"":1.0104742203282253},{""alpha"":100.0,""inner_rmse"":1.0104174820966032}]"
union_component_leave_one_out	component-05	pocket_composition_ridge_S0	100.0	"[{""alpha"":0.01,""inner_rmse"":5.046233261843197},{""alpha"":0.1,""inner_rmse"":3.9085668772481204},{""alpha"":1.0,""inner_rmse"":1.8760072408442376},{""alpha"":10.0,""inner_rmse"":1.2565015886444664},{""alpha"":100.0,""inner_rmse"":1.205198146493746}]"
union_component_leave_one_out	component-05	pocket_structure_ridge_S0	100.0	"[{""alpha"":0.01,""inner_rmse"":16.711997945292282},{""alpha"":0.1,""inner_rmse"":6.886366702088755},{""alpha"":1.0,""inner_rmse"":2.058969280581559},{""alpha"":10.0,""inner_rmse"":1.4849960827684856},{""alpha"":100.0,""inner_rmse"":1.268205163072193}]"
union_component_leave_one_out	component-05	concat_ecfp_pocket_ridge_S0	100.0	"[{""alpha"":0.01,""inner_rmse"":0.967320684316011},{""alpha"":0.1,""inner_rmse"":0.9672923499218885},{""alpha"":1.0,""inner_rmse"":0.9670158772765332},{""alpha"":10.0,""inner_rmse"":0.9648237062112913},{""alpha"":100.0,""inner_rmse"":0.9624565316767306}]"
union_component_leave_one_out	component-05	concat_gmolai_pocket_ridge_S0	100.0	"[{""alpha"":0.01,""inner_rmse"":2.7394081215683155},{""alpha"":0.1,""inner_rmse"":2.377876072280246},{""alpha"":1.0,""inner_rmse"":1.6440824233614457},{""alpha"":10.0,""inner_rmse"":1.280286747318528},{""alpha"":100.0,""inner_rmse"":1.1861774800847367}]"
union_component_leave_one_out	component-05	pocket_composition_ridge_S1	100.0	"[{""alpha"":0.01,""inner_rmse"":1.2549098131842602},{""alpha"":0.1,""inner_rmse"":1.2548470271710064},{""alpha"":1.0,""inner_rmse"":1.25422188831411},{""alpha"":10.0,""inner_rmse"":1.248231830993281},{""alpha"":100.0,""inner_rmse"":1.2068104415132246}]"
union_component_leave_one_out	component-05	pocket_structure_ridge_S1	100.0	"[{""alpha"":0.01,""inner_rmse"":1.2556075792649488},{""alpha"":0.1,""inner_rmse"":1.255574826030401},{""alpha"":1.0,""inner_rmse"":1.2552481670630673},{""alpha"":10.0,""inner_rmse"":1.2520665266769873},{""alpha"":100.0,""inner_rmse"":1.2268959029568083}]"
union_component_leave_one_out	component-05	concat_ecfp_pocket_ridge_S1	100.0	"[{""alpha"":0.01,""inner_rmse"":0.9668673891261612},{""alpha"":0.1,""inner_rmse"":0.9668343470748684},{""alpha"":1.0,""inner_rmse"":0.9665116097379576},{""alpha"":10.0,""inner_rmse"":0.9639249897338168},{""alpha"":100.0,""inner_rmse"":0.9601446828266179}]"
union_component_leave_one_out	component-05	concat_gmolai_pocket_ridge_S1	100.0	"[{""alpha"":0.01,""inner_rmse"":2.2231243625221007},{""alpha"":0.1,""inner_rmse"":1.9214580233365315},{""alpha"":1.0,""inner_rmse"":1.5569237182033373},{""alpha"":10.0,""inner_rmse"":1.268179974575047},{""alpha"":100.0,""inner_rmse"":1.182999009378137}]"
union_component_leave_one_out	component-05	negative_pocket_permuted_concat_gmolai_S0	100.0	"[{""alpha"":0.01,""inner_rmse"":2.040353910710499},{""alpha"":0.1,""inner_rmse"":1.9213260781566455},{""alpha"":1.0,""inner_rmse"":1.6565622561039601},{""alpha"":10.0,""inner_rmse"":1.3847335489123198},{""alpha"":100.0,""inner_rmse"":1.2161182292690342}]"
union_component_leave_one_out	component-06	nuisance_ridge	100.0	"[{""alpha"":0.01,""inner_rmse"":2.069831073741625},{""alpha"":0.1,""inner_rmse"":2.067214173314188},{""alpha"":1.0,""inner_rmse"":2.0427655146225945},{""alpha"":10.0,""inner_rmse"":1.8951155189983648},{""alpha"":100.0,""inner_rmse"":1.6458319029579993}]"
union_component_leave_one_out	component-06	ligand_ecfp_ridge	0.01	"[{""alpha"":0.01,""inner_rmse"":1.412954753611798},{""alpha"":0.1,""inner_rmse"":1.4129715991601255},{""alpha"":1.0,""inner_rmse"":1.4131395350603926},{""alpha"":10.0,""inner_rmse"":1.4147703327595733},{""alpha"":100.0,""inner_rmse"":1.427959479580291}]"
union_component_leave_one_out	component-06	ligand_gmolai_ridge	100.0	"[{""alpha"":0.01,""inner_rmse"":2.1334621359430654},{""alpha"":0.1,""inner_rmse"":1.9329247156772262},{""alpha"":1.0,""inner_rmse"":1.6958204939602597},{""alpha"":10.0,""inner_rmse"":1.6035264731940144},{""alpha"":100.0,""inner_rmse"":1.3840395171349011}]"
union_component_leave_one_out	component-06	protein_sequence_ridge	100.0	"[{""alpha"":0.01,""inner_rmse"":1.5485589458055717},{""alpha"":0.1,""inner_rmse"":1.5485584853284435},{""alpha"":1.0,""inner_rmse"":1.5485538821397804},{""alpha"":10.0,""inner_rmse"":1.5485080080525497},{""alpha"":100.0,""inner_rmse"":1.548064596809675}]"
union_component_leave_one_out	component-06	concat_ecfp_sequence_ridge	0.01	"[{""alpha"":0.01,""inner_rmse"":1.3918804778254332},{""alpha"":0.1,""inner_rmse"":1.391885536804678},{""alpha"":1.0,""inner_rmse"":1.3919364354651618},{""alpha"":10.0,""inner_rmse"":1.3924748593042295},{""alpha"":100.0,""inner_rmse"":1.3996668106344199}]"
union_component_leave_one_out	component-06	pocket_composition_ridge_S0	100.0	"[{""alpha"":0.01,""inner_rmse"":7.668415482946619},{""alpha"":0.1,""inner_rmse"":6.971320417465257},{""alpha"":1.0,""inner_rmse"":4.498133772911303},{""alpha"":10.0,""inner_rmse"":2.052949032278184},{""alpha"":100.0,""inner_rmse"":1.6845429227087434}]"
union_component_leave_one_out	component-06	pocket_structure_ridge_S0	100.0	"[{""alpha"":0.01,""inner_rmse"":9.740329708768044},{""alpha"":0.1,""inner_rmse"":4.063422439740918},{""alpha"":1.0,""inner_rmse"":3.3888908916478724},{""alpha"":10.0,""inner_rmse"":2.4129566070026653},{""alpha"":100.0,""inner_rmse"":1.8667139172996885}]"
union_component_leave_one_out	component-06	concat_ecfp_pocket_ridge_S0	0.01	"[{""alpha"":0.01,""inner_rmse"":1.4121866688956801},{""alpha"":0.1,""inner_rmse"":1.4122049981663767},{""alpha"":1.0,""inner_rmse"":1.4123877805574094},{""alpha"":10.0,""inner_rmse"":1.414168550168609},{""alpha"":100.0,""inner_rmse"":1.4291348563334267}]"
union_component_leave_one_out	component-06	concat_gmolai_pocket_ridge_S0	100.0	"[{""alpha"":0.01,""inner_rmse"":2.0781386727452276},{""alpha"":0.1,""inner_rmse"":2.0059293889611793},{""alpha"":1.0,""inner_rmse"":1.8410667899552708},{""alpha"":10.0,""inner_rmse"":1.6421163280571691},{""alpha"":100.0,""inner_rmse"":1.3604146180723442}]"
union_component_leave_one_out	component-06	pocket_composition_ridge_S1	100.0	"[{""alpha"":0.01,""inner_rmse"":1.6571487929316193},{""alpha"":0.1,""inner_rmse"":1.6571235289313724},{""alpha"":1.0,""inner_rmse"":1.6568712904799934},{""alpha"":10.0,""inner_rmse"":1.6543893196382884},{""alpha"":100.0,""inner_rmse"":1.6334786936585333}]"
union_component_leave_one_out	component-06	pocket_structure_ridge_S1	100.0	"[{""alpha"":0.01,""inner_rmse"":1.6965783215099357},{""alpha"":0.1,""inner_rmse"":1.6965621135183802},{""alpha"":1.0,""inner_rmse"":1.696400022398726},{""alpha"":10.0,""inner_rmse"":1.6947785587128883},{""alpha"":100.0,""inner_rmse"":1.678919225917112}]"
union_component_leave_one_out	component-06	concat_ecfp_pocket_ridge_S1	0.01	"[{""alpha"":0.01,""inner_rmse"":1.3966094834118499},{""alpha"":0.1,""inner_rmse"":1.3966273307497943},{""alpha"":1.0,""inner_rmse"":1.39680525881659},{""alpha"":10.0,""inner_rmse"":1.3985346057683434},{""alpha"":100.0,""inner_rmse"":1.4129825076213471}]"
union_component_leave_one_out	component-06	concat_gmolai_pocket_ridge_S1	100.0	"[{""alpha"":0.01,""inner_rmse"":2.1376944345001077},{""alpha"":0.1,""inner_rmse"":1.9247378841559397},{""alpha"":1.0,""inner_rmse"":1.6571651332140849},{""alpha"":10.0,""inner_rmse"":1.5505011479094049},{""alpha"":100.0,""inner_rmse"":1.3420134949713294}]"
union_component_leave_one_out	component-06	negative_pocket_permuted_concat_gmolai_S0	100.0	"[{""alpha"":0.01,""inner_rmse"":2.2525026481591572},{""alpha"":0.1,""inner_rmse"":2.0622788809446657},{""alpha"":1.0,""inner_rmse"":1.709452322143603},{""alpha"":10.0,""inner_rmse"":1.5835117812176063},{""alpha"":100.0,""inner_rmse"":1.3642881132417903}]"
stratified_random_pair_5fold_non_headline	random-01	nuisance_ridge	100.0	"[{""alpha"":0.01,""inner_rmse"":1.6120398559716669},{""alpha"":0.1,""inner_rmse"":1.6110825728506821},{""alpha"":1.0,""inner_rmse"":1.6020711403178347},{""alpha"":10.0,""inner_rmse"":1.5452658511523434},{""alpha"":100.0,""inner_rmse"":1.4294743297760255}]"
stratified_random_pair_5fold_non_headline	random-01	ligand_ecfp_ridge	0.01	"[{""alpha"":0.01,""inner_rmse"":1.2733028910107305},{""alpha"":0.1,""inner_rmse"":1.2733073474992898},{""alpha"":1.0,""inner_rmse"":1.2733529372424202},{""alpha"":10.0,""inner_rmse"":1.2738925826818983},{""alpha"":100.0,""inner_rmse"":1.2812142073920014}]"
stratified_random_pair_5fold_non_headline	random-01	ligand_gmolai_ridge	100.0	"[{""alpha"":0.01,""inner_rmse"":1.810827370854368},{""alpha"":0.1,""inner_rmse"":1.7327655295914248},{""alpha"":1.0,""inner_rmse"":1.5173281941529777},{""alpha"":10.0,""inner_rmse"":1.5412317666300872},{""alpha"":100.0,""inner_rmse"":1.4110683300044373}]"
stratified_random_pair_5fold_non_headline	random-01	protein_sequence_ridge	100.0	"[{""alpha"":0.01,""inner_rmse"":1.4060384429754131},{""alpha"":0.1,""inner_rmse"":1.4060371915957581},{""alpha"":1.0,""inner_rmse"":1.4060246814573556},{""alpha"":10.0,""inner_rmse"":1.4058999448339058},{""alpha"":100.0,""inner_rmse"":1.4046880298466042}]"
stratified_random_pair_5fold_non_headline	random-01	concat_ecfp_sequence_ridge	0.01	"[{""alpha"":0.01,""inner_rmse"":1.2239002827906258},{""alpha"":0.1,""inner_rmse"":1.2239216294068618},{""alpha"":1.0,""inner_rmse"":1.2241349022609078},{""alpha"":10.0,""inner_rmse"":1.226242705759382},{""alpha"":100.0,""inner_rmse"":1.2440783402271625}]"
stratified_random_pair_5fold_non_headline	random-01	pocket_composition_ridge_S0	100.0	"[{""alpha"":0.01,""inner_rmse"":5.9810249660626},{""alpha"":0.1,""inner_rmse"":4.744216218683973},{""alpha"":1.0,""inner_rmse"":2.4713061164191132},{""alpha"":10.0,""inner_rmse"":1.8304538416076321},{""alpha"":100.0,""inner_rmse"":1.6623826416802734}]"
stratified_random_pair_5fold_non_headline	random-01	pocket_structure_ridge_S0	100.0	"[{""alpha"":0.01,""inner_rmse"":10.964374431090167},{""alpha"":0.1,""inner_rmse"":5.468387865727458},{""alpha"":1.0,""inner_rmse"":2.426245390711326},{""alpha"":10.0,""inner_rmse"":1.7424666198168912},{""alpha"":100.0,""inner_rmse"":1.6257217155310817}]"
stratified_random_pair_5fold_non_headline	random-01	concat_ecfp_pocket_ridge_S0	0.01	"[{""alpha"":0.01,""inner_rmse"":1.3061805784131202},{""alpha"":0.1,""inner_rmse"":1.306210253003341},{""alpha"":1.0,""inner_rmse"":1.3065049836261629},{""alpha"":10.0,""inner_rmse"":1.3092696313716716},{""alpha"":100.0,""inner_rmse"":1.3273537143568468}]"
stratified_random_pair_5fold_non_headline	random-01	concat_gmolai_pocket_ridge_S0	100.0	"[{""alpha"":0.01,""inner_rmse"":1.891579827883965},{""alpha"":0.1,""inner_rmse"":1.841595166997835},{""alpha"":1.0,""inner_rmse"":1.6425305361833784},{""alpha"":10.0,""inner_rmse"":1.523710542741726},{""alpha"":100.0,""inner_rmse"":1.4113198075092463}]"
stratified_random_pair_5fold_non_headline	random-01	pocket_composition_ridge_S1	100.0	"[{""alpha"":0.01,""inner_rmse"":1.7752303230278634},{""alpha"":0.1,""inner_rmse"":1.7750739076939488},{""alpha"":1.0,""inner_rmse"":1.773516366815498},{""alpha"":10.0,""inner_rmse"":1.7585743309922377},{""alpha"":100.0,""inner_rmse"":1.6532690191656882}]"
stratified_random_pair_5fold_non_headline	random-01	pocket_structure_ridge_S1	100.0	"[{""alpha"":0.01,""inner_rmse"":1.6215559384192588},{""alpha"":0.1,""inner_rmse"":1.621515296810844},{""alpha"":1.0,""inner_rmse"":1.62110977021386},{""alpha"":10.0,""inner_rmse"":1.6171411592951384},{""alpha"":100.0,""inner_rmse"":1.5843437319842149}]"
stratified_random_pair_5fold_non_headline	random-01	concat_ecfp_pocket_ridge_S1	0.01	"[{""alpha"":0.01,""inner_rmse"":1.3156254645044727},{""alpha"":0.1,""inner_rmse"":1.3156384245550286},{""alpha"":1.0,""inner_rmse"":1.3157685223560358},{""alpha"":10.0,""inner_rmse"":1.3171044615719814},{""alpha"":100.0,""inner_rmse"":1.3294601928618572}]"
stratified_random_pair_5fold_non_headline	random-01	concat_gmolai_pocket_ridge_S1	100.0	"[{""alpha"":0.01,""inner_rmse"":1.9220573019703713},{""alpha"":0.1,""inner_rmse"":1.8295104493968615},{""alpha"":1.0,""inner_rmse"":1.521065160966266},{""alpha"":10.0,""inner_rmse"":1.4831720716296988},{""alpha"":100.0,""inner_rmse"":1.4106459233623838}]"
stratified_random_pair_5fold_non_headline	random-01	negative_pocket_permuted_concat_gmolai_S0	100.0	"[{""alpha"":0.01,""inner_rmse"":1.6665503373726185},{""alpha"":0.1,""inner_rmse"":1.613101935929372},{""alpha"":1.0,""inner_rmse"":1.4360105327736357},{""alpha"":10.0,""inner_rmse"":1.4460475168727696},{""alpha"":100.0,""inner_rmse"":1.3900659810669946}]"
stratified_random_pair_5fold_non_headline	random-02	nuisance_ridge	100.0	"[{""alpha"":0.01,""inner_rmse"":1.5778409982638648},{""alpha"":0.1,""inner_rmse"":1.5772468969862725},{""alpha"":1.0,""inner_rmse"":1.5715585972214334},{""alpha"":10.0,""inner_rmse"":1.5304636686656317},{""alpha"":100.0,""inner_rmse"":1.4138198850923451}]"
stratified_random_pair_5fold_non_headline	random-02	ligand_ecfp_ridge	10.0	"[{""alpha"":0.01,""inner_rmse"":1.2170788420323144},{""alpha"":0.1,""inner_rmse"":1.217063125744863},{""alpha"":1.0,""inner_rmse"":1.2169107445896477},{""alpha"":10.0,""inner_rmse"":1.2157922242431842},{""alpha"":100.0,""inner_rmse"":1.2186613594957176}]"
stratified_random_pair_5fold_non_headline	random-02	ligand_gmolai_ridge	100.0	"[{""alpha"":0.01,""inner_rmse"":1.3992680134093147},{""alpha"":0.1,""inner_rmse"":1.4055872408621886},{""alpha"":1.0,""inner_rmse"":1.4276421917803734},{""alpha"":10.0,""inner_rmse"":1.3783932987918242},{""alpha"":100.0,""inner_rmse"":1.2000746395530208}]"
stratified_random_pair_5fold_non_headline	random-02	protein_sequence_ridge	100.0	"[{""alpha"":0.01,""inner_rmse"":1.3842036944895748},{""alpha"":0.1,""inner_rmse"":1.3842024476596413},{""alpha"":1.0,""inner_rmse"":1.3841899829033695},{""alpha"":10.0,""inner_rmse"":1.3840656886405254},{""alpha"":100.0,""inner_rmse"":1.3828570974078764}]"
stratified_random_pair_5fold_non_headline	random-02	concat_ecfp_sequence_ridge	10.0	"[{""alpha"":0.01,""inner_rmse"":1.1937494154044896},{""alpha"":0.1,""inner_rmse"":1.193743239921274},{""alpha"":1.0,""inner_rmse"":1.1936849408045267},{""alpha"":10.0,""inner_rmse"":1.1933945719580594},{""alpha"":100.0,""inner_rmse"":1.2008002631303294}]"
stratified_random_pair_5fold_non_headline	random-02	pocket_composition_ridge_S0	100.0	"[{""alpha"":0.01,""inner_rmse"":7.6123868066144},{""alpha"":0.1,""inner_rmse"":5.89914606127585},{""alpha"":1.0,""inner_rmse"":2.7758583494142344},{""alpha"":10.0,""inner_rmse"":1.766576922318129},{""alpha"":100.0,""inner_rmse"":1.5877718599213135}]"
stratified_random_pair_5fold_non_headline	random-02	pocket_structure_ridge_S0	100.0	"[{""alpha"":0.01,""inner_rmse"":7.392643163721705},{""alpha"":0.1,""inner_rmse"":3.007235277226739},{""alpha"":1.0,""inner_rmse"":2.253076454178841},{""alpha"":10.0,""inner_rmse"":1.9291827276519},{""alpha"":100.0,""inner_rmse"":1.6075503680447734}]"
stratified_random_pair_5fold_non_headline	random-02	concat_ecfp_pocket_ridge_S0	0.01	"[{""alpha"":0.01,""inner_rmse"":1.2141960018881295},{""alpha"":0.1,""inner_rmse"":1.2142231035699012},{""alpha"":1.0,""inner_rmse"":1.2144929444666632},{""alpha"":10.0,""inner_rmse"":1.2170840886427223},{""alpha"":100.0,""inner_rmse"":1.2370457945419455}]"
stratified_random_pair_5fold_non_headline	random-02	concat_gmolai_pocket_ridge_S0	100.0	"[{""alpha"":0.01,""inner_rmse"":1.5622338880216196},{""alpha"":0.1,""inner_rmse"":1.5699073444571583},{""alpha"":1.0,""inner_rmse"":1.598682040303445},{""alpha"":10.0,""inner_rmse"":1.4963336824890314},{""alpha"":100.0,""inner_rmse"":1.2420494753856943}]"
stratified_random_pair_5fold_non_headline	random-02	pocket_composition_ridge_S1	100.0	"[{""alpha"":0.01,""inner_rmse"":1.6771400062975041},{""alpha"":0.1,""inner_rmse"":1.6770101602847762},{""alpha"":1.0,""inner_rmse"":1.6757172206603959},{""alpha"":10.0,""inner_rmse"":1.6633165052286707},{""alpha"":100.0,""inner_rmse"":1.5760785645732671}]"
stratified_random_pair_5fold_non_headline	random-02	pocket_structure_ridge_S1	100.0	"[{""alpha"":0.01,""inner_rmse"":1.5497282513278197},{""alpha"":0.1,""inner_rmse"":1.5496948627613971},{""alpha"":1.0,""inner_rmse"":1.549361710154038},{""alpha"":10.0,""inner_rmse"":1.546101575608573},{""alpha"":100.0,""inner_rmse"":1.5191633605887152}]"
stratified_random_pair_5fold_non_headline	random-02	concat_ecfp_pocket_ridge_S1	0.01	"[{""alpha"":0.01,""inner_rmse"":1.2183015303100475},{""alpha"":0.1,""inner_rmse"":1.2183033839790633},{""alpha"":1.0,""inner_rmse"":1.2183250786821382},{""alpha"":10.0,""inner_rmse"":1.218804650561176},{""alpha"":100.0,""inner_rmse"":1.231264885534901}]"
stratified_random_pair_5fold_non_headline	random-02	concat_gmolai_pocket_ridge_S1	100.0	"[{""alpha"":0.01,""inner_rmse"":1.4536374178963754},{""alpha"":0.1,""inner_rmse"":1.4611042344244998},{""alpha"":1.0,""inner_rmse"":1.4836216199278087},{""alpha"":10.0,""inner_rmse"":1.4081326497713267},{""alpha"":100.0,""inner_rmse"":1.2225450489125278}]"
stratified_random_pair_5fold_non_headline	random-02	negative_pocket_permuted_concat_gmolai_S0	100.0	"[{""alpha"":0.01,""inner_rmse"":1.3581129896889625},{""alpha"":0.1,""inner_rmse"":1.367428309916593},{""alpha"":1.0,""inner_rmse"":1.4040255961803993},{""alpha"":10.0,""inner_rmse"":1.3667962078554325},{""alpha"":100.0,""inner_rmse"":1.203391078989291}]"
stratified_random_pair_5fold_non_headline	random-03	nuisance_ridge	100.0	"[{""alpha"":0.01,""inner_rmse"":1.6934189057365148},{""alpha"":0.1,""inner_rmse"":1.6928083045562867},{""alpha"":1.0,""inner_rmse"":1.6869419763521356},{""alpha"":10.0,""inner_rmse"":1.6432784564043257},{""alpha"":100.0,""inner_rmse"":1.5099741426030597}]"
stratified_random_pair_5fold_non_headline	random-03	ligand_ecfp_ridge	0.01	"[{""alpha"":0.01,""inner_rmse"":1.2932550828182148},{""alpha"":0.1,""inner_rmse"":1.2932582431681556},{""alpha"":1.0,""inner_rmse"":1.29329154705037},{""alpha"":10.0,""inner_rmse"":1.2937626678858152},{""alpha"":100.0,""inner_rmse"":1.302074057584093}]"
stratified_random_pair_5fold_non_headline	random-03	ligand_gmolai_ridge	100.0	"[{""alpha"":0.01,""inner_rmse"":2.0555071634092},{""alpha"":0.1,""inner_rmse"":1.8829148824419975},{""alpha"":1.0,""inner_rmse"":1.7693785842592005},{""alpha"":10.0,""inner_rmse"":1.756170627974669},{""alpha"":100.0,""inner_rmse"":1.5359868050812506}]"
stratified_random_pair_5fold_non_headline	random-03	protein_sequence_ridge	100.0	"[{""alpha"":0.01,""inner_rmse"":1.498603429492215},{""alpha"":0.1,""inner_rmse"":1.4986013486291059},{""alpha"":1.0,""inner_rmse"":1.4985805458464583},{""alpha"":10.0,""inner_rmse"":1.4983731012321055},{""alpha"":100.0,""inner_rmse"":1.4963553879740028}]"
stratified_random_pair_5fold_non_headline	random-03	concat_ecfp_sequence_ridge	0.01	"[{""alpha"":0.01,""inner_rmse"":1.2819253133728823},{""alpha"":0.1,""inner_rmse"":1.2819474109418445},{""alpha"":1.0,""inner_rmse"":1.2821684146902488},{""alpha"":10.0,""inner_rmse"":1.2843673190758702},{""alpha"":100.0,""inner_rmse"":1.303145177075337}]"
stratified_random_pair_5fold_non_headline	random-03	pocket_composition_ridge_S0	100.0	"[{""alpha"":0.01,""inner_rmse"":6.127711153450473},{""alpha"":0.1,""inner_rmse"":4.857254093096028},{""alpha"":1.0,""inner_rmse"":2.608818727977276},{""alpha"":10.0,""inner_rmse"":1.9261304745120513},{""alpha"":100.0,""inner_rmse"":1.7463468340030124}]"
stratified_random_pair_5fold_non_headline	random-03	pocket_structure_ridge_S0	100.0	"[{""alpha"":0.01,""inner_rmse"":5.984109120628514},{""alpha"":0.1,""inner_rmse"":3.2890861305174584},{""alpha"":1.0,""inner_rmse"":2.1312784004479357},{""alpha"":10.0,""inner_rmse"":2.1111698948822006},{""alpha"":100.0,""inner_rmse"":1.751374378202443}]"
stratified_random_pair_5fold_non_headline	random-03	concat_ecfp_pocket_ridge_S0	0.01	"[{""alpha"":0.01,""inner_rmse"":1.324403671899663},{""alpha"":0.1,""inner_rmse"":1.3244380040103467},{""alpha"":1.0,""inner_rmse"":1.3247787501605826},{""alpha"":10.0,""inner_rmse"":1.3279559571506163},{""alpha"":100.0,""inner_rmse"":1.3487374967996046}]"
stratified_random_pair_5fold_non_headline	random-03	concat_gmolai_pocket_ridge_S0	100.0	"[{""alpha"":0.01,""inner_rmse"":2.5254942036748083},{""alpha"":0.1,""inner_rmse"":2.2829150529163136},{""alpha"":1.0,""inner_rmse"":1.9248311780808807},{""alpha"":10.0,""inner_rmse"":1.7743006134947568},{""alpha"":100.0,""inner_rmse"":1.5443133363825654}]"
stratified_random_pair_5fold_non_headline	random-03	pocket_composition_ridge_S1	100.0	"[{""alpha"":0.01,""inner_rmse"":1.872675444743133},{""alpha"":0.1,""inner_rmse"":1.8725036351773112},{""alpha"":1.0,""inner_rmse"":1.870792730546115},{""alpha"":10.0,""inner_rmse"":1.8543731305770417},{""alpha"":100.0,""inner_rmse"":1.738464593678833}]"
stratified_random_pair_5fold_non_headline	random-03	pocket_structure_ridge_S1	100.0	"[{""alpha"":0.01,""inner_rmse"":1.7048564797101255},{""alpha"":0.1,""inner_rmse"":1.70480934535043},{""alpha"":1.0,""inner_rmse"":1.7043390815590107},{""alpha"":10.0,""inner_rmse"":1.6997415975748014},{""alpha"":100.0,""inner_rmse"":1.6620888274828933}]"
stratified_random_pair_5fold_non_headline	random-03	concat_ecfp_pocket_ridge_S1	0.01	"[{""alpha"":0.01,""inner_rmse"":1.3287199713714286},{""alpha"":0.1,""inner_rmse"":1.3287350675974128},{""alpha"":1.0,""inner_rmse"":1.3288870201706244},{""alpha"":10.0,""inner_rmse"":1.330478638564155},{""alpha"":100.0,""inner_rmse"":1.3460997726628736}]"
stratified_random_pair_5fold_non_headline	random-03	concat_gmolai_pocket_ridge_S1	100.0	"[{""alpha"":0.01,""inner_rmse"":2.27300839542336},{""alpha"":0.1,""inner_rmse"":2.0542101645375217},{""alpha"":1.0,""inner_rmse"":1.8346262020833233},{""alpha"":10.0,""inner_rmse"":1.6961614472357547},{""alpha"":100.0,""inner_rmse"":1.528136664342442}]"
stratified_random_pair_5fold_non_headline	random-03	negative_pocket_permuted_concat_gmolai_S0	100.0	"[{""alpha"":0.01,""inner_rmse"":2.140029804708104},{""alpha"":0.1,""inner_rmse"":2.0010853937235153},{""alpha"":1.0,""inner_rmse"":1.7945311229199636},{""alpha"":10.0,""inner_rmse"":1.7201436919448614},{""alpha"":100.0,""inner_rmse"":1.5321183205385573}]"
stratified_random_pair_5fold_non_headline	random-04	nuisance_ridge	100.0	"[{""alpha"":0.01,""inner_rmse"":1.6671871015623503},{""alpha"":0.1,""inner_rmse"":1.6664763244038543},{""alpha"":1.0,""inner_rmse"":1.659545213857835},{""alpha"":10.0,""inner_rmse"":1.6038218752209676},{""alpha"":100.0,""inner_rmse"":1.431389611191529}]"
stratified_random_pair_5fold_non_headline	random-04	ligand_ecfp_ridge	0.01	"[{""alpha"":0.01,""inner_rmse"":1.287296067468152},{""alpha"":0.1,""inner_rmse"":1.2872981935897747},{""alpha"":1.0,""inner_rmse"":1.2873193373212661},{""alpha"":10.0,""inner_rmse"":1.2875196851301798},{""alpha"":100.0,""inner_rmse"":1.2889096843503396}]"
stratified_random_pair_5fold_non_headline	random-04	ligand_gmolai_ridge	100.0	"[{""alpha"":0.01,""inner_rmse"":1.5046528478473984},{""alpha"":0.1,""inner_rmse"":1.5008878298501125},{""alpha"":1.0,""inner_rmse"":1.53832701961428},{""alpha"":10.0,""inner_rmse"":1.5017637090050866},{""alpha"":100.0,""inner_rmse"":1.3134853531467516}]"
stratified_random_pair_5fold_non_headline	random-04	protein_sequence_ridge	100.0	"[{""alpha"":0.01,""inner_rmse"":1.4516676825009984},{""alpha"":0.1,""inner_rmse"":1.4516645577930896},{""alpha"":1.0,""inner_rmse"":1.4516333193679645},{""alpha"":10.0,""inner_rmse"":1.4513217981287736},{""alpha"":100.0,""inner_rmse"":1.448290565963163}]"
stratified_random_pair_5fold_non_headline	random-04	concat_ecfp_sequence_ridge	0.01	"[{""alpha"":0.01,""inner_rmse"":1.3197523381728644},{""alpha"":0.1,""inner_rmse"":1.3197597746149643},{""alpha"":1.0,""inner_rmse"":1.3198338766929714},{""alpha"":10.0,""inner_rmse"":1.3205504742279734},{""alpha"":100.0,""inner_rmse"":1.326271322433118}]"
stratified_random_pair_5fold_non_headline	random-04	pocket_composition_ridge_S0	100.0	"[{""alpha"":0.01,""inner_rmse"":4.9653623279609835},{""alpha"":0.1,""inner_rmse"":2.8405117031103657},{""alpha"":1.0,""inner_rmse"":1.985428080160328},{""alpha"":10.0,""inner_rmse"":1.833332817075722},{""alpha"":100.0,""inner_rmse"":1.6928976341526272}]"
stratified_random_pair_5fold_non_headline	random-04	pocket_structure_ridge_S0	100.0	"[{""alpha"":0.01,""inner_rmse"":7.320462319059364},{""alpha"":0.1,""inner_rmse"":3.313358155143877},{""alpha"":1.0,""inner_rmse"":2.313157791995302},{""alpha"":10.0,""inner_rmse"":1.8988935519249894},{""alpha"":100.0,""inner_rmse"":1.6677893672212682}]"
stratified_random_pair_5fold_non_headline	random-04	concat_ecfp_pocket_ridge_S0	0.01	"[{""alpha"":0.01,""inner_rmse"":1.301205182187601},{""alpha"":0.1,""inner_rmse"":1.3012249666017763},{""alpha"":1.0,""inner_rmse"":1.301421919683186},{""alpha"":10.0,""inner_rmse"":1.303306942432484},{""alpha"":100.0,""inner_rmse"":1.316676455240699}]"
stratified_random_pair_5fold_non_headline	random-04	concat_gmolai_pocket_ridge_S0	100.0	"[{""alpha"":0.01,""inner_rmse"":2.3863469961493973},{""alpha"":0.1,""inner_rmse"":2.3529859104222384},{""alpha"":1.0,""inner_rmse"":2.2151062468298406},{""alpha"":10.0,""inner_rmse"":1.8289972343069267},{""alpha"":100.0,""inner_rmse"":1.4403252099114976}]"
stratified_random_pair_5fold_non_headline	random-04	pocket_composition_ridge_S1	100.0	"[{""alpha"":0.01,""inner_rmse"":1.8361852087822124},{""alpha"":0.1,""inner_rmse"":1.8359933004989688},{""alpha"":1.0,""inner_rmse"":1.8340822540015123},{""alpha"":10.0,""inner_rmse"":1.8157416213967394},{""alpha"":100.0,""inner_rmse"":1.6860593303346594}]"
stratified_random_pair_5fold_non_headline	random-04	pocket_structure_ridge_S1	100.0	"[{""alpha"":0.01,""inner_rmse"":1.6662979493473664},{""alpha"":0.1,""inner_rmse"":1.6662421134105134},{""alpha"":1.0,""inner_rmse"":1.6656851576199463},{""alpha"":10.0,""inner_rmse"":1.6602514801309454},{""alpha"":100.0,""inner_rmse"":1.6162456677739685}]"
stratified_random_pair_5fold_non_headline	random-04	concat_ecfp_pocket_ridge_S1	0.01	"[{""alpha"":0.01,""inner_rmse"":1.2918987714700618},{""alpha"":0.1,""inner_rmse"":1.2919211086328775},{""alpha"":1.0,""inner_rmse"":1.2921434214594574},{""alpha"":10.0,""inner_rmse"":1.2942666013849615},{""alpha"":100.0,""inner_rmse"":1.309154017567706}]"
stratified_random_pair_5fold_non_headline	random-04	concat_gmolai_pocket_ridge_S1	100.0	"[{""alpha"":0.01,""inner_rmse"":1.9000593435752133},{""alpha"":0.1,""inner_rmse"":1.8656119587454447},{""alpha"":1.0,""inner_rmse"":1.7926181143701903},{""alpha"":10.0,""inner_rmse"":1.6388028435261095},{""alpha"":100.0,""inner_rmse"":1.401799025352596}]"
stratified_random_pair_5fold_non_headline	random-04	negative_pocket_permuted_concat_gmolai_S0	100.0	"[{""alpha"":0.01,""inner_rmse"":1.7915472710104097},{""alpha"":0.1,""inner_rmse"":1.7662110601435652},{""alpha"":1.0,""inner_rmse"":1.6995122994512768},{""alpha"":10.0,""inner_rmse"":1.5932725539321613},{""alpha"":100.0,""inner_rmse"":1.386855850155791}]"
stratified_random_pair_5fold_non_headline	random-05	nuisance_ridge	100.0	"[{""alpha"":0.01,""inner_rmse"":1.6368406051582867},{""alpha"":0.1,""inner_rmse"":1.6362690797375221},{""alpha"":1.0,""inner_rmse"":1.6307934556050996},{""alpha"":10.0,""inner_rmse"":1.5898007980442415},{""alpha"":100.0,""inner_rmse"":1.4545779574817252}]"
stratified_random_pair_5fold_non_headline	random-05	ligand_ecfp_ridge	0.01	"[{""alpha"":0.01,""inner_rmse"":1.2050281870874497},{""alpha"":0.1,""inner_rmse"":1.2050419000572692},{""alpha"":1.0,""inner_rmse"":1.2051785102310744},{""alpha"":10.0,""inner_rmse"":1.2064966611942212},{""alpha"":100.0,""inner_rmse"":1.2169730160019496}]"
stratified_random_pair_5fold_non_headline	random-05	ligand_gmolai_ridge	100.0	"[{""alpha"":0.01,""inner_rmse"":1.8394571004748355},{""alpha"":0.1,""inner_rmse"":1.8148377653012797},{""alpha"":1.0,""inner_rmse"":1.6760711624203446},{""alpha"":10.0,""inner_rmse"":1.507178641826553},{""alpha"":100.0,""inner_rmse"":1.3538005978792633}]"
stratified_random_pair_5fold_non_headline	random-05	protein_sequence_ridge	100.0	"[{""alpha"":0.01,""inner_rmse"":1.4337881474798604},{""alpha"":0.1,""inner_rmse"":1.4337861437460013},{""alpha"":1.0,""inner_rmse"":1.4337661122651868},{""alpha"":10.0,""inner_rmse"":1.4335663815318558},{""alpha"":100.0,""inner_rmse"":1.431625826764191}]"
stratified_random_pair_5fold_non_headline	random-05	concat_ecfp_sequence_ridge	0.01	"[{""alpha"":0.01,""inner_rmse"":1.2152082681260485},{""alpha"":0.1,""inner_rmse"":1.2152201340515725},{""alpha"":1.0,""inner_rmse"":1.2153386690299701},{""alpha"":10.0,""inner_rmse"":1.2165133527870224},{""alpha"":100.0,""inner_rmse"":1.2278084860776783}]"
stratified_random_pair_5fold_non_headline	random-05	pocket_composition_ridge_S0	100.0	"[{""alpha"":0.01,""inner_rmse"":7.254127327837938},{""alpha"":0.1,""inner_rmse"":5.441549427692174},{""alpha"":1.0,""inner_rmse"":2.63260703201104},{""alpha"":10.0,""inner_rmse"":1.8563691077365485},{""alpha"":100.0,""inner_rmse"":1.6765596036883397}]"
stratified_random_pair_5fold_non_headline	random-05	pocket_structure_ridge_S0	100.0	"[{""alpha"":0.01,""inner_rmse"":5.24251662058422},{""alpha"":0.1,""inner_rmse"":3.994426974332069},{""alpha"":1.0,""inner_rmse"":2.2773758398099875},{""alpha"":10.0,""inner_rmse"":1.9678388609533917},{""alpha"":100.0,""inner_rmse"":1.6654442497147715}]"
stratified_random_pair_5fold_non_headline	random-05	concat_ecfp_pocket_ridge_S0	0.01	"[{""alpha"":0.01,""inner_rmse"":1.2461671944696364},{""alpha"":0.1,""inner_rmse"":1.2461861571120822},{""alpha"":1.0,""inner_rmse"":1.2463751621034398},{""alpha"":10.0,""inner_rmse"":1.2482069986530997},{""alpha"":100.0,""inner_rmse"":1.2628331064560216}]"
stratified_random_pair_5fold_non_headline	random-05	concat_gmolai_pocket_ridge_S0	100.0	"[{""alpha"":0.01,""inner_rmse"":1.8690536302655818},{""alpha"":0.1,""inner_rmse"":1.8518641570691616},{""alpha"":1.0,""inner_rmse"":1.725681918029984},{""alpha"":10.0,""inner_rmse"":1.4449109691530115},{""alpha"":100.0,""inner_rmse"":1.282412712089636}]"
stratified_random_pair_5fold_non_headline	random-05	pocket_composition_ridge_S1	100.0	"[{""alpha"":0.01,""inner_rmse"":1.7945554805192507},{""alpha"":0.1,""inner_rmse"":1.794393605977669},{""alpha"":1.0,""inner_rmse"":1.7927815718785656},{""alpha"":10.0,""inner_rmse"":1.7773046289971466},{""alpha"":100.0,""inner_rmse"":1.667625494528709}]"
stratified_random_pair_5fold_non_headline	random-05	pocket_structure_ridge_S1	100.0	"[{""alpha"":0.01,""inner_rmse"":1.6230633994995034},{""alpha"":0.1,""inner_rmse"":1.6230199314895917},{""alpha"":1.0,""inner_rmse"":1.6225862369855988},{""alpha"":10.0,""inner_rmse"":1.6183452442111368},{""alpha"":100.0,""inner_rmse"":1.583525313688549}]"
stratified_random_pair_5fold_non_headline	random-05	concat_ecfp_pocket_ridge_S1	0.01	"[{""alpha"":0.01,""inner_rmse"":1.2346578401241681},{""alpha"":0.1,""inner_rmse"":1.2346797552049753},{""alpha"":1.0,""inner_rmse"":1.2348981222190796},{""alpha"":10.0,""inner_rmse"":1.2370082363923587},{""alpha"":100.0,""inner_rmse"":1.253462318793003}]"
stratified_random_pair_5fold_non_headline	random-05	concat_gmolai_pocket_ridge_S1	100.0	"[{""alpha"":0.01,""inner_rmse"":1.7669680257807825},{""alpha"":0.1,""inner_rmse"":1.7445499641241253},{""alpha"":1.0,""inner_rmse"":1.6062965715080466},{""alpha"":10.0,""inner_rmse"":1.3871010287945256},{""alpha"":100.0,""inner_rmse"":1.2783780294276532}]"
stratified_random_pair_5fold_non_headline	random-05	negative_pocket_permuted_concat_gmolai_S0	100.0	"[{""alpha"":0.01,""inner_rmse"":1.860870188186489},{""alpha"":0.1,""inner_rmse"":1.834906329230396},{""alpha"":1.0,""inner_rmse"":1.6758549947354822},{""alpha"":10.0,""inner_rmse"":1.4155736010994218},{""alpha"":100.0,""inner_rmse"":1.2735637402421813}]"
