series_id	pdb_id	target_names	publication_id	ligand_count	nonempty_murcko_scaffold_count	pKd_range	protein_entity_id	protein_asym_ids	alignment_identity	alignment_entity_coverage	aligned_residues	druglike_ligand_entities	assay_ligand_entity_matches	resolution_angstrom	experimental_methods	within_series_metadata_rank
G3S-014e4407ee50fa22	8CK4	Endothelial PAS domain-containing protein 1	doi:10.1021/acs.jmedchem.3c00332	37	8	4.56507643	1	A	0.991071429	0.949152542	112	1	1	2.29	X-RAY DIFFRACTION	1
G3S-014e4407ee50fa22	8CK8	Endothelial PAS domain-containing protein 1	doi:10.1021/acs.jmedchem.3c00332	37	8	4.56507643	1	A	0.991071429	0.949152542	112	1	1	2.302	X-RAY DIFFRACTION	2
G3S-03ecbf7361b64421	5X74	Retinal rod rhodopsin-sensitive cGMP 3',5'-cyclic phosphodiesterase subunit delta	doi:10.1021/acs.jmedchem.7b01243	10	10	2.01360318	1	A	0.993333333	1	150	1	0	2.25	X-RAY DIFFRACTION	1
G3S-05e5316778a15c3d	5BVW	Epithelial discoidin domain-containing receptor 1	doi:10.1038/nbt.1990	44	44	4.5563025	1	A	1	0.984567901	319	1	1	1.94	X-RAY DIFFRACTION	1
G3S-05e5316778a15c3d	6BSD	Epithelial discoidin domain-containing receptor 1	doi:10.1038/nbt.1990	44	44	4.5563025	1	A	1	1	351	1	1	2.606	X-RAY DIFFRACTION	2
G3S-06eb960dd9e53349	4U43	Mitogen-activated protein kinase kinase kinase kinase 4	doi:10.1016/j.bmcl.2014.07.071	8	6	1.90121398	1	A;B	1	0.984939759	327	1	1	2.18	X-RAY DIFFRACTION	1
G3S-0adfbd2895adde2d	1R5L	Alpha-tocopherol transfer protein	doi:10.1016/j.bmc.2009.10.046	9	3	2.66118144	1	A	1	0.984732824	258	1	0	1.5	X-RAY DIFFRACTION	1
G3S-0adfbd2895adde2d	1OIP	Alpha-tocopherol transfer protein	doi:10.1016/j.bmc.2009.10.046	9	3	2.66118144	1	A	1	1	278	1	0	1.95	X-RAY DIFFRACTION	2
G3S-0b24543ec45bef8f	4N9B	Nicotinamide phosphoribosyltransferase	doi:10.1016/j.bmcl.2013.12.062	16	13	1.96614173	1	A;B	1	0.98003992	491	1	1	2.859	X-RAY DIFFRACTION	1
G3S-0bab6c6bc8b2a701	4U7Z	Dual specificity mitogen-activated protein kinase kinase 1	doi:10.1038/nbt.1990	28	28	3.16350213	1	A	1	0.973607038	332	2	1	2.805	X-RAY DIFFRACTION	1
G3S-0bab6c6bc8b2a701	7M0T	Dual specificity mitogen-activated protein kinase kinase 1	doi:10.1038/nbt.1990	28	28	3.16350213	1	A	0.994910941	0.989924433	393	2	1	3.19	X-RAY DIFFRACTION	2
G3S-0c2b41bb223d8483	6D55	Son of sevenless homolog 1	doi:10.1021/acs.jmedchem.8b01108	32	17	2.06694679	2	B	1	0.997925311	481	3	1	1.68	X-RAY DIFFRACTION	1
G3S-0c2b41bb223d8483	6D5J	Son of sevenless homolog 1	doi:10.1021/acs.jmedchem.8b01108	32	17	2.06694679	2	B	1	0.997925311	481	3	1	1.751	X-RAY DIFFRACTION	2
G3S-0c3aa3eea1cd9401	9GGU	GTPase KRas	pmid:40162713	14	8	3.05695257	1	A	0.99408284	0.98255814	169	2	1	1.6	X-RAY DIFFRACTION	1
G3S-0c3aa3eea1cd9401	9GGT	GTPase KRas	pmid:40162713	14	8	3.05695257	1	A	0.99408284	0.98255814	169	2	1	1.71	X-RAY DIFFRACTION	2
G3S-0d24eaa6dbc2665b	3HS4	Carbonic anhydrase 2	doi:10.1021/jm00039a023	24	16	2.84509804	1	A	1	1	260	2	1	1.1	X-RAY DIFFRACTION	1
G3S-0d24eaa6dbc2665b	3V2M	Carbonic anhydrase 2	doi:10.1021/jm00039a023	24	16	2.84509804	1	A	1	1	260	1	1	1.471	X-RAY DIFFRACTION	2
G3S-0d3a03dece105f57	4BLJ	Galectin-3	doi:10.1021/jm801077j	13	9	2.9015136	1	A	1	0.992753623	137	1	0	1.2	X-RAY DIFFRACTION	1
G3S-0d5679149226e010	1QPC	Tyrosine-protein kinase Lck	doi:10.1016/s0960-894x(99)00403-5	14	4	1.99270076	1	A	1	1	279	1	0	1.6	X-RAY DIFFRACTION	1
G3S-0d5679149226e010	6PDJ	Tyrosine-protein kinase Lck	doi:10.1016/s0960-894x(99)00403-5	14	4	1.99270076	1	A	1	0.989583333	285	2	0	1.81	X-RAY DIFFRACTION	2
G3S-0d6ea790d633fb5e	7Q6Q	Kelch-like ECH-associated protein 1	doi:10.1021/acs.jmedchem.1c01975	32	19	4.15842417	1	A;B	0.993079585	0.979661017	289	1	0	2.55	X-RAY DIFFRACTION	1
G3S-0db14b95f9edbd42	8IA5	Protein Mdm4	pmid:39185935	21	14	4.81023252	1	A	1	0.988888889	89	2	0	1.93	X-RAY DIFFRACTION	1
G3S-0db14b95f9edbd42	2N0W	Protein Mdm4	pmid:39185935	21	14	4.81023252	1	A	1	1	89	1	0	nan	SOLUTION NMR	2
G3S-0e7a45fa2fa81e87	5AJQ	Serine/threonine-protein kinase 10	doi:10.1038/nbt.1990	48	48	5.40952188	1	A;B	1	0.993220339	293	1	1	2.2	X-RAY DIFFRACTION	1
G3S-0e7a45fa2fa81e87	5OWR	Serine/threonine-protein kinase 10	doi:10.1038/nbt.1990	48	48	5.40952188	1	A	1	0.993377483	300	1	1	2.3	X-RAY DIFFRACTION	2
G3S-0ea60d28ec9de0d1	4YX4	Carbonic anhydrase 2	doi:10.1016/j.bmc.2013.01.008	31	18	3.21146035	1	A	1	1	260	2	1	1.01	X-RAY DIFFRACTION	1
G3S-0ea60d28ec9de0d1	6SD7	Carbonic anhydrase 2	doi:10.1016/j.bmc.2013.01.008	31	18	3.21146035	1	A	1	0.981132075	260	3	1	1.05	X-RAY DIFFRACTION	2
G3S-0f56c3503b93c6f6	6RWJ	Bromodomain-containing protein 4	doi:10.1021/acs.jmedchem.0c00478	10	9	2.69291468	1	A	0.992125984	1	127	1	1	1.4	X-RAY DIFFRACTION	1
G3S-0f56c3503b93c6f6	6S6K	Bromodomain-containing protein 4	doi:10.1021/acs.jmedchem.0c00478	10	9	2.69291468	1	A	0.992125984	1	127	2	1	1.4	X-RAY DIFFRACTION	2
G3S-123baf453e4557f4	5U12	Dihydropteroate synthase	doi:10.1021/jm501417f	12	7	1.67783499	1	A;B	1	0.992957746	282	1	1	1.839	X-RAY DIFFRACTION	1
G3S-133873650167b89b	7MS7	Ubiquitin carboxyl-terminal hydrolase 5	pmid:34648286	53	25	1.91994346	1	A;B	1	0.991735537	120	1	1	1.45	X-RAY DIFFRACTION	1
G3S-133873650167b89b	7MS6	Ubiquitin carboxyl-terminal hydrolase 5	pmid:34648286	53	25	1.91994346	1	A	1	0.991735537	120	1	1	1.55	X-RAY DIFFRACTION	2
G3S-1374f9d15f999eed	5ANV	Oxidized purine nucleoside triphosphate hydrolase	doi:10.1021/acs.jmedchem.5b01760	8	7	3.34242268	1	A	1	0.987341772	156	1	1	1.16	X-RAY DIFFRACTION	1
G3S-1374f9d15f999eed	5ANU	Oxidized purine nucleoside triphosphate hydrolase	doi:10.1021/acs.jmedchem.5b01760	8	7	3.34242268	1	A	1	0.987341772	156	1	1	1.8	X-RAY DIFFRACTION	2
G3S-158f366d0b3aab6a	5L4Q	AP2-associated protein kinase 1	doi:10.1021/acs.jmedchem.9b00136	8	3	1.32314431	1	A;B	1	0.979768786	339	1	1	1.97	X-RAY DIFFRACTION	1
G3S-162593d06eae2cfe	7NM2	Mixed lineage kinase domain-like protein	doi:10.1021/acs.jmedchem.1c00686	8	6	2.04359803	1	A	1	0.974522293	153	1	0	nan	SOLUTION NMR	1
G3S-162593d06eae2cfe	7NM4	Mixed lineage kinase domain-like protein	doi:10.1021/acs.jmedchem.1c00686	8	6	2.04359803	1	A	1	0.974522293	153	1	0	nan	SOLUTION NMR	2
G3S-16762270570b655a	1AZM	Carbonic anhydrase 1	doi:10.3109/14756366.2012.757223	43	5	3.82260651	1	A	1	1	260	1	1	2	X-RAY DIFFRACTION	1
G3S-16762270570b655a	3W6H	Carbonic anhydrase 1	doi:10.3109/14756366.2012.757223	43	5	3.82260651	1	A;B	1	1	260	2	1	2.964	X-RAY DIFFRACTION	2
G3S-17044cfb391f4718	3VQH	cAMP-dependent protein kinase catalytic subunit alpha	doi:10.1021/jm800797n	22	5	5.29534715	1	A	0.98005698	1	351	2	0	1.95	X-RAY DIFFRACTION	1
G3S-197e79eddc015708	8YG7	Albumin	doi:10.1021/acs.jmedchem.1c01791	18	7	2.71745341	1	A;B	1	1	581	2	1	2.09	X-RAY DIFFRACTION	1
G3S-197e79eddc015708	2BXK	Albumin	doi:10.1021/acs.jmedchem.1c01791	18	7	2.71745341	1	A	0.998290598	1	585	3	1	2.4	X-RAY DIFFRACTION	2
G3S-1a63362a8e320bf6	8R4Q	Serine/threonine-protein kinase SIK3 [59-1321]	doi:10.1038/nbt.1990	14	14	3.92830678	1	A;C;E;G;I;K	0.990825688	0.99695122	327	1	1	2.838	X-RAY DIFFRACTION	1
G3S-1b71410cb988afba	1Z11	Cytochrome P450 2A6	doi:10.1124/dmd.112.045161	9	8	2.83958895	1	A;B;C;D	1	0.978991597	466	1	1	2.05	X-RAY DIFFRACTION	1
G3S-1b71410cb988afba	3T3Q	Cytochrome P450 2A6	doi:10.1124/dmd.112.045161	9	8	2.83958895	1	A;B;C;D	0.991416309	0.978991597	466	1	0	2.1	X-RAY DIFFRACTION	2
G3S-1c0e277b223f8a0b	8B99	Tyrosine-protein kinase JAK2	doi:10.1038/nbt1358	10	10	3.14612804	1	A	0.989169675	0.958477509	277	2	1	1.6	X-RAY DIFFRACTION	1
G3S-1c0e277b223f8a0b	5USY	Tyrosine-protein kinase JAK2	doi:10.1038/nbt1358	10	10	3.14612804	1	A;B	1	0.92721519	293	2	1	2	X-RAY DIFFRACTION	2
G3S-1c80cc3e3508e1eb	5II2	Protein polybromo-1	doi:10.1021/acs.jmedchem.6b00355	8	5	2.47712125	1	A;B	1	0.983870968	122	2	1	2.1	X-RAY DIFFRACTION	1
G3S-1d6a948c781cf9b6	3IMG	Pantothenate synthetase	doi:10.1021/jm101121s	10	7	3.10689423	1	A;B	0.993333333	0.996677741	300	3	2	1.8	X-RAY DIFFRACTION	1
G3S-1d6a948c781cf9b6	3LE8	Pantothenate synthetase	doi:10.1021/jm101121s	10	7	3.10689423	1	A;B	0.993333333	1	300	2	1	1.7	X-RAY DIFFRACTION	2
G3S-1da601ed70459098	4KNN	Carbonic anhydrase 13	doi:10.1021/acs.jmedchem.5b01723	15	8	3.21427308	1	A;B	1	0.996197719	262	3	1	1.404	X-RAY DIFFRACTION	1
G3S-1da601ed70459098	5LLA	Carbonic anhydrase 13	doi:10.1021/acs.jmedchem.5b01723	15	8	3.21427308	1	A;B	1	0.996197719	262	2	1	1.5	X-RAY DIFFRACTION	2
G3S-1da6d0a5126035e0	4TQN	CREB-binding protein	doi:10.1021/acs.jmedchem.5b00172	9	5	2.21441664	1	A	1	0.983193277	117	1	1	1.7	X-RAY DIFFRACTION	1
G3S-1eca1a7c2461b4f9	5LL5	Carbonic anhydrase 12	doi:10.1021/acs.jmedchem.7b01408	15	8	3.34678749	1	A;B;C;D	1	0.996197719	262	1	1	1.42	X-RAY DIFFRACTION	1
G3S-1eca1a7c2461b4f9	4KP5	Carbonic anhydrase 12	doi:10.1021/acs.jmedchem.7b01408	15	8	3.34678749	1	A;B;C;D	1	0.996197719	262	1	1	1.45	X-RAY DIFFRACTION	2
G3S-1f6e9ae98fcbd583	4NBL	Caspase-6	doi:10.1021/acs.jmedchem.3c00590	23	22	4.1383027	1	A;B	0.996296296	0.957446809	270	1	1	1.756	X-RAY DIFFRACTION	1
G3S-1f6e9ae98fcbd583	8F97	Caspase-6	doi:10.1021/acs.jmedchem.3c00590	23	22	4.1383027	1	A;B;C;D	0.996587031	0.97993311	293	3	1	2.32	X-RAY DIFFRACTION	2
G3S-202cfb8f48e8667e	7AVL	Son of sevenless homolog 1	doi:10.1021/acs.jmedchem.0c01949	13	4	3.80843605	1	A;B	1	0.997946612	486	1	0	1.718	X-RAY DIFFRACTION	1
G3S-202cfb8f48e8667e	6SCM	Son of sevenless homolog 1	doi:10.1021/acs.jmedchem.0c01949	13	4	3.80843605	1	A	1	0.997946612	486	1	0	1.866	X-RAY DIFFRACTION	2
G3S-202ee41d5bfc94ab	4Z69	Albumin	doi:10.1021/jm7012826	11	10	2.84009487	1	A;B	1	1	585	3	1	2.187	X-RAY DIFFRACTION	1
G3S-202ee41d5bfc94ab	2BXF	Albumin	doi:10.1021/jm7012826	11	10	2.84009487	1	A;B	1	1	585	1	1	2.95	X-RAY DIFFRACTION	2
G3S-21fe6c72eaf35f5a	6PBI	Thiol:disulfide interchange protein DsbA	doi:10.1021/acs.jmedchem.0c00111	8	7	1.249001	1	A;B	1	1	189	1	1	1.9	X-RAY DIFFRACTION	1
G3S-21fe6c72eaf35f5a	6PG2	Thiol:disulfide interchange protein DsbA	doi:10.1021/acs.jmedchem.0c00111	8	7	1.249001	1	A;B	1	1	189	1	1	1.91	X-RAY DIFFRACTION	2
G3S-226cff22b3a4602b	9J6V	Sodium-dependent dopamine transporter	doi:10.1016/s0960-894x(98)00062-6	19	11	3.22530928	1	A	1	1	555	2	1	3.5	ELECTRON MICROSCOPY	1
G3S-2354cf7fdafa877f	4IA9	WD repeat-containing protein 5	doi:10.1021/acs.jmedchem.5b01630	14	10	1.38021124	1	A	1	0.996794872	311	1	1	1.66	X-RAY DIFFRACTION	1
G3S-237de531113c65a9	3B9L	Albumin	doi:10.1016/j.bmcl.2015.05.099	11	8	1.40201588	1	A	1	1	585	2	0	2.6	X-RAY DIFFRACTION	1
G3S-237de531113c65a9	3B9M	Albumin	doi:10.1016/j.bmcl.2015.05.099	11	8	1.40201588	1	A	1	1	585	3	0	2.7	X-RAY DIFFRACTION	2
G3S-23caf31f263f2dc4	5VGY	Carbonic anhydrase 2	doi:10.1021/acs.jmedchem.7b00606	9	7	2.56863624	1	A	1	1	260	1	0	1.39	X-RAY DIFFRACTION	1
G3S-245cbc82df72cf29	6FNM	Ephrin type-B receptor 4	doi:10.1038/nbt1358	8	8	3.91567911	1	A	0.989830508	0.993265993	295	1	1	1.157	X-RAY DIFFRACTION	1
G3S-250da33ec2756fd5	3HS4	Carbonic anhydrase 2	doi:10.3109/14756366.2012.757223	43	5	4.37145812	1	A	1	1	260	2	1	1.1	X-RAY DIFFRACTION	1
G3S-250da33ec2756fd5	5LL4	Carbonic anhydrase 2	doi:10.3109/14756366.2012.757223	43	5	4.37145812	1	A;B	1	1	260	4	1	1.12	X-RAY DIFFRACTION	2
G3S-26ebb6597af3437e	3G5D	Proto-oncogene tyrosine-protein kinase Src	doi:10.1038/nbt1358	18	18	4.41814339	1	A;B	0.989399293	0.98951049	283	2	1	2.2	X-RAY DIFFRACTION	1
G3S-26ebb6597af3437e	3QLG	Proto-oncogene tyrosine-protein kinase Src	doi:10.1038/nbt1358	18	18	4.41814339	1	A;B	0.989399293	0.98951049	283	1	1	2.75	X-RAY DIFFRACTION	2
G3S-2a143dedddd90694	4M5I	2-amino-4-hydroxy-6-hydroxymethyldihydropteridine pyrophosphokinase	doi:10.1016/j.bmc.2014.02.022	14	7	1.56987531	1	A	1	0.981481481	159	2	1	1.08	X-RAY DIFFRACTION	1
G3S-2a143dedddd90694	4M5L	2-amino-4-hydroxy-6-hydroxymethyldihydropteridine pyrophosphokinase	doi:10.1016/j.bmc.2014.02.022	14	7	1.56987531	1	A	1	0.981481481	159	3	1	1.094	X-RAY DIFFRACTION	2
G3S-2ab56c621d50b8ba	9R25	Mitogen-activated protein kinase 14	doi:10.1038/nbt1358	8	8	4.41406951	1	A	1	1	360	2	1	1.8	X-RAY DIFFRACTION	1
G3S-2ab56c621d50b8ba	3GCS	Mitogen-activated protein kinase 14	doi:10.1038/nbt1358	8	8	4.41406951	1	A	0.988857939	0.997222222	359	2	1	2.1	X-RAY DIFFRACTION	2
G3S-2b9565c8dc248e0b	6U6W	WD repeat-containing protein 5	doi:10.1021/acs.jmedchem.9b01411	71	9	3.38886035	1	A;B	1	1	311	1	1	1.2	X-RAY DIFFRACTION	1
G3S-2b9565c8dc248e0b	6U8B	WD repeat-containing protein 5	doi:10.1021/acs.jmedchem.9b01411	71	9	3.38886035	1	A;B	1	1	311	1	1	1.261	X-RAY DIFFRACTION	2
G3S-2c433f19c7979794	5BVW	Epithelial discoidin domain-containing receptor 1	doi:10.1038/nbt1358	24	23	4.01848341	1	A	1	0.984567901	319	1	1	1.94	X-RAY DIFFRACTION	1
G3S-2c433f19c7979794	6BSD	Epithelial discoidin domain-containing receptor 1	doi:10.1038/nbt1358	24	23	4.01848341	1	A	1	1	351	1	1	2.606	X-RAY DIFFRACTION	2
G3S-2dbb6ecb3aae7915	7XM2	Kelch-like ECH-associated protein 1	pmid:35687391	19	12	1.62911822	1	A	1	0.989726027	289	1	1	2.3	X-RAY DIFFRACTION	1
G3S-2dbb6ecb3aae7915	9J71	Kelch-like ECH-associated protein 1	pmid:35687391	19	12	1.62911822	1	A;B;C;D	1	1	288	1	1	2.993	X-RAY DIFFRACTION	2
G3S-3021d6a688e870ed	1HVI	Gag-Pol polyprotein [489-587]	doi:10.1021/jm0105833	11	8	4.34985778	1	A;B	0.98989899	1	99	1	0	1.8	X-RAY DIFFRACTION	1
G3S-3021d6a688e870ed	1HVK	Gag-Pol polyprotein [489-587]	doi:10.1021/jm0105833	11	8	4.34985778	1	A;B	0.98989899	1	99	1	0	1.8	X-RAY DIFFRACTION	2
G3S-3046f9edaa2c72bf	4BKT	von Hippel-Lindau disease tumor suppressor	doi:10.1021/ml400296c	8	8	3.51410482	3	C;F;I;L	1	0.987654321	160	3	0	2.35	X-RAY DIFFRACTION	1
G3S-3046f9edaa2c72bf	4AWJ	von Hippel-Lindau disease tumor suppressor	doi:10.1021/ml400296c	8	8	3.51410482	3	C;F;I;L	1	0.981595092	160	2	0	2.5	X-RAY DIFFRACTION	2
G3S-31c5deaefd112d8c	6QLR	Galectin-3	doi:10.1021/acs.jmedchem.7b01626	22	8	5.10983249	1	A	1	1	138	1	0	0.97	X-RAY DIFFRACTION	1
G3S-31c5deaefd112d8c	6QLN	Galectin-3	doi:10.1021/acs.jmedchem.7b01626	22	8	5.10983249	1	A	1	1	138	1	0	1	X-RAY DIFFRACTION	2
G3S-320a13ed3c3022cf	2F2U	Rho-associated protein kinase 2	doi:10.1016/j.bmcl.2012.03.101	12	6	5.33099322	1	A;B	0.982543641	0.997512438	401	1	1	2.4	X-RAY DIFFRACTION	1
G3S-3269f6b57b640fb6	1FCY	Retinoic acid receptor gamma	doi:10.1021/jm9502293	8	5	4.1638568	1	A	1	0.995762712	235	2	1	1.3	X-RAY DIFFRACTION	1
G3S-3269f6b57b640fb6	1FCX	Retinoic acid receptor gamma	doi:10.1021/jm9502293	8	5	4.1638568	1	A	1	1	235	2	0	1.47	X-RAY DIFFRACTION	2
G3S-32c08173ec26bea9	6FE0	Carbonic anhydrase 9	doi:10.1021/acs.jmedchem.7b01408	14	7	5.13621975	1	A;B;C;D	0.992217899	1	257	1	1	1.91	X-RAY DIFFRACTION	1
G3S-32c08173ec26bea9	6FE1	Carbonic anhydrase 9	doi:10.1021/acs.jmedchem.7b01408	14	7	5.13621975	1	A;B;C;D	0.992217899	1	257	1	1	1.95	X-RAY DIFFRACTION	2
G3S-34388e65af3203f8	5I6X	Sodium-dependent serotonin transporter	doi:10.1016/s0960-894x(98)00062-6	19	11	5.12410275	1	A	0.987179487	0.994535519	546	4	0	3.14	X-RAY DIFFRACTION	1
G3S-34388e65af3203f8	6VRH	Sodium-dependent serotonin transporter	doi:10.1016/s0960-894x(98)00062-6	19	11	5.12410275	1	A	1	1	630	3	0	3.3	ELECTRON MICROSCOPY	2
G3S-36aa31d3bfd96971	1CIL	Carbonic anhydrase 2	doi:10.1021/acs.jmedchem.5b00043	8	2	1.37161107	1	A	1	1	259	1	0	1.6	X-RAY DIFFRACTION	1
G3S-36aa31d3bfd96971	4K13	Carbonic anhydrase 2	doi:10.1021/acs.jmedchem.5b00043	8	2	1.37161107	1	A	0.980544747	1	257	1	0	1.6	X-RAY DIFFRACTION	2
G3S-376e479668e27e8e	2O3P	Serine/threonine-protein kinase pim-1	doi:10.1021/jm0504858	9	5	2.25181197	1	A	1	0.972696246	285	1	1	2.24	X-RAY DIFFRACTION	1
G3S-376e479668e27e8e	4LMU	Serine/threonine-protein kinase pim-1	doi:10.1021/jm0504858	9	5	2.25181197	1	A	1	0.956375839	285	2	1	2.38	X-RAY DIFFRACTION	2
G3S-38a11588e38c3bdc	2VKU	Lanosterol 14-alpha demethylase	doi:10.1128/aac.00311-07	13	13	2.41497335	1	A	0.99556541	0.991208791	451	1	1	1.95	X-RAY DIFFRACTION	1
G3S-38a11588e38c3bdc	1EA1	Lanosterol 14-alpha demethylase	doi:10.1128/aac.00311-07	13	13	2.41497335	1	A	1	0.991208791	451	1	1	2.21	X-RAY DIFFRACTION	2
G3S-3a221f3683b786e1	4MRH	CD44 antigen	doi:10.1021/jm5000276	11	8	3.29419057	1	A	1	0.993333333	149	1	1	1.12	X-RAY DIFFRACTION	1
G3S-3a221f3683b786e1	4MRF	CD44 antigen	doi:10.1021/jm5000276	11	8	3.29419057	1	A	1	0.993333333	149	2	1	1.55	X-RAY DIFFRACTION	2
G3S-3a4ac119455247b0	5T9Z	Peptidyl-prolyl cis-trans isomerase A	doi:10.1021/acs.jmedchem.6b01329	8	4	2.37358066	1	A	1	1	163	1	0	1.4	X-RAY DIFFRACTION	1
G3S-3a4ac119455247b0	5TA2	Peptidyl-prolyl cis-trans isomerase A	doi:10.1021/acs.jmedchem.6b01329	8	4	2.37358066	1	A	1	1	163	1	0	1.48	X-RAY DIFFRACTION	2
G3S-3aac8f4c8810a918	5ETT	2-amino-4-hydroxy-6-hydroxymethyldihydropteridine diphosphokinase	doi:10.1021/acs.jmedchem.6b00002	48	6	2.58357659	1	A;B	0.993670886	0.98136646	158	2	1	1.55	X-RAY DIFFRACTION	1
G3S-3aac8f4c8810a918	5ETV	2-amino-4-hydroxy-6-hydroxymethyldihydropteridine diphosphokinase	doi:10.1021/acs.jmedchem.6b00002	48	6	2.58357659	1	A	0.993670886	0.98136646	158	2	1	1.72	X-RAY DIFFRACTION	2
G3S-3bfb2092ea669ef8	6UE6	Histone-lysine N-methyltransferase NSD2	doi:10.1021/acs.jmedchem.0c01768	13	10	1.78446797	1	A;B;C;D;E;F;G;H	1	0.992907801	140	1	1	2.4	X-RAY DIFFRACTION	1
G3S-3c0a0829e923c91d	6S17	Dual specificity tyrosine-phosphorylation-regulated kinase 1A	pmid:36876904	33	29	3.61008784	1	A	1	0.994459834	359	1	1	1.1	X-RAY DIFFRACTION	1
G3S-3c0a0829e923c91d	7O7K	Dual specificity tyrosine-phosphorylation-regulated kinase 1A	pmid:36876904	33	29	3.61008784	1	A;B	1	0.994459834	359	3	1	1.82	X-RAY DIFFRACTION	2
G3S-3c840aaf07c196c4	1RML	Fibroblast growth factor 1	doi:10.1021/jm030447t	18	13	5.88169184	1	A	1	1	155	1	1	nan	SOLUTION NMR	1
G3S-3ca3d879e4e8435d	9OS6	Epidermal growth factor receptor	doi:10.1038/nbt.1990	12	12	4.57022545	1	A	1	1	327	1	1	2.75	X-RAY DIFFRACTION	1
G3S-3ca3d879e4e8435d	4I22	Epidermal growth factor receptor	doi:10.1038/nbt.1990	12	12	4.57022545	1	A	0.990853659	0.996960486	328	1	0	1.71	X-RAY DIFFRACTION	2
G3S-3da15c929579feff	4NRA	Bromodomain adjacent to zinc finger domain protein 2B	doi:10.1021/jm401582c	8	2	1.93826948	1	A	1	0.982905983	115	1	1	1.85	X-RAY DIFFRACTION	1
G3S-3e5852180ea6848b	5H2U	Protein-tyrosine kinase 6	doi:10.1038/nbt1358	10	9	2.94041431	1	A;B;C;D	0.996183206	0.981273408	262	2	1	2.24	X-RAY DIFFRACTION	1
G3S-3f9407e3bd4a47f8	5NZP	D-3-phosphoglycerate dehydrogenase	doi:10.1021/acs.jmedchem.6b01167	8	7	4.71321044	1	A;B	1	1	204	1	1	1.3	X-RAY DIFFRACTION	1
G3S-3f9407e3bd4a47f8	5N53	D-3-phosphoglycerate dehydrogenase	doi:10.1021/acs.jmedchem.6b01167	8	7	4.71321044	1	A;B	1	1	195	1	1	1.48	X-RAY DIFFRACTION	2
G3S-40a467bbafdc73d8	4KP5	Carbonic anhydrase 12	doi:10.1016/j.bmc.2013.09.029	43	6	2.3643425	1	A;B;C;D	1	0.996197719	262	1	1	1.45	X-RAY DIFFRACTION	1
G3S-40a467bbafdc73d8	1JD0	Carbonic anhydrase 12	doi:10.1016/j.bmc.2013.09.029	43	6	2.3643425	1	A;B	1	0.996197719	262	1	1	1.5	X-RAY DIFFRACTION	2
G3S-40aaf3872e7ba482	4Z1F	Heat shock protein 75 kDa, mitochondrial	pmid:37307624	26	4	2.00432137	1	A	1	1	502	1	1	2.703	X-RAY DIFFRACTION	1
G3S-4273fdd1b3b53cb7	5VC3	Wee1-like protein kinase	doi:10.1038/nbt.1990	16	16	1.99383969	1	A	1	0.98615917	285	1	1	1.97	X-RAY DIFFRACTION	1
G3S-430a406ff1fdb9e6	5L4Q	AP2-associated protein kinase 1	pmid:33970631	9	8	7.25527251	1	A;B	1	0.979768786	339	1	1	1.97	X-RAY DIFFRACTION	1
G3S-43586287a9be2906	1NO6	Tyrosine-protein phosphatase non-receptor type 1 [1-298]	doi:10.1021/jm0205696	10	6	1.1903317	1	A	1	0.92834891	298	1	1	2.4	X-RAY DIFFRACTION	1
G3S-43586287a9be2906	1ONZ	Tyrosine-protein phosphatase non-receptor type 1 [1-298]	doi:10.1021/jm0205696	10	6	1.1903317	1	A	1	0.92834891	298	1	1	2.4	X-RAY DIFFRACTION	2
G3S-441b618a57261680	4UGK	Nitric oxide synthase oxygenase	doi:10.1021/acs.biochem.5b00431	22	19	2.72153583	1	A	0.991735537	1	363	2	1	1.62	X-RAY DIFFRACTION	1
G3S-441b618a57261680	4UG7	Nitric oxide synthase oxygenase	doi:10.1021/acs.biochem.5b00431	22	19	2.72153583	1	A	0.991735537	1	363	3	1	1.76	X-RAY DIFFRACTION	2
G3S-449b0375368ffc0f	5EQP	Choline kinase alpha	doi:10.1021/acs.jmedchem.5b01552	20	11	4.79934055	1	A;B	0.98714653	0.970074813	389	1	1	2.35	X-RAY DIFFRACTION	1
G3S-449b0375368ffc0f	5EQE	Choline kinase alpha	doi:10.1021/acs.jmedchem.5b01552	20	11	4.79934055	1	A;B	0.98714653	0.970074813	389	1	1	2.4	X-RAY DIFFRACTION	2
G3S-45df1c88b560ec4f	5Y80	Cyclin-G-associated kinase	doi:10.1038/nbt1068	13	12	3.38021124	1	A	1	0.993610224	311	1	1	2.5	X-RAY DIFFRACTION	1
G3S-45df1c88b560ec4f	5Y7Z	Cyclin-G-associated kinase	doi:10.1038/nbt1068	13	12	3.38021124	1	A;B	1	0.993610224	311	1	1	2.804	X-RAY DIFFRACTION	2
G3S-46586ac6273ff065	4E93	Tyrosine-protein kinase Fes/Fps	doi:10.1038/nbt.1990	20	20	3.18799048	1	A	1	0.99469496	375	1	1	1.84	X-RAY DIFFRACTION	1
G3S-471c43af0ba04cbb	6E4A	Bromodomain-containing protein 4	doi:10.1016/j.bmcl.2018.08.039	55	32	2.51188336	1	A;B	0.992248062	1	129	2	1	1.26	X-RAY DIFFRACTION	1
G3S-4883feb99a7244f2	4D7B	Transthyretin	doi:10.1021/acs.jmedchem.8b00817	8	4	2.45449839	1	A;B	1	0.9921875	127	1	1	1.15	X-RAY DIFFRACTION	1
G3S-4883feb99a7244f2	6TXW	Transthyretin	doi:10.1021/acs.jmedchem.8b00817	8	4	2.45449839	1	A;B	0.99137931	1	116	1	1	1.153	X-RAY DIFFRACTION	2
G3S-496a96ccb09a0048	8ZP2	Sodium-dependent noradrenaline transporter	doi:10.1016/s0960-894x(98)00062-6	19	11	4.37930552	1	A	1	1	571	2	0	2.4	ELECTRON MICROSCOPY	1
G3S-496a96ccb09a0048	8Y92	Sodium-dependent noradrenaline transporter	doi:10.1016/s0960-894x(98)00062-6	19	11	4.37930552	1	A;B	1	1	617	1	0	3.29	ELECTRON MICROSCOPY	2
G3S-49ed2ea8183b105c	3HS4	Carbonic anhydrase 2	doi:10.1016/j.bmc.2010.09.011	15	8	3.79588002	1	A	1	1	260	2	1	1.1	X-RAY DIFFRACTION	1
G3S-49ed2ea8183b105c	3MHO	Carbonic anhydrase 2	doi:10.1016/j.bmc.2010.09.011	15	8	3.79588002	1	A	1	1	260	1	1	1.15	X-RAY DIFFRACTION	2
G3S-4be267e9de455895	4IQK	Kelch-like ECH-associated protein 1	doi:10.1021/acs.jmedchem.9b00723	10	7	4.82487599	1	A	0.989619377	0.966555184	289	1	1	1.97	X-RAY DIFFRACTION	1
G3S-4be267e9de455895	4XMB	Kelch-like ECH-associated protein 1	doi:10.1021/acs.jmedchem.9b00723	10	7	4.82487599	1	A	1	1	289	1	1	2.428	X-RAY DIFFRACTION	2
G3S-4c1b91d17d81423a	5D1J	Cyclin-dependent kinase 2	doi:10.1038/nbt.1990	11	11	4.21524338	1	A	1	1	298	1	1	1.8	X-RAY DIFFRACTION	1
G3S-4c1b91d17d81423a	2FVD	Cyclin-dependent kinase 2	doi:10.1038/nbt.1990	11	11	4.21524338	1	A	1	1	298	1	1	1.85	X-RAY DIFFRACTION	2
G3S-4e6759c45d9a6b9b	5DT0	Aurora kinase A	doi:10.1038/nbt1358	11	11	3.25644786	1	A	0.996226415	0.970695971	265	1	1	2.15	X-RAY DIFFRACTION	1
G3S-4e6759c45d9a6b9b	5DPV	Aurora kinase A	doi:10.1038/nbt1358	11	11	3.25644786	1	A	0.996226415	0.970695971	265	2	1	2.285	X-RAY DIFFRACTION	2
G3S-4f4f25ce439afb73	3M98	Carbonic anhydrase 2	doi:10.1016/j.bmc.2010.09.016	15	6	2.14612804	1	A	1	1	260	2	1	1.5	X-RAY DIFFRACTION	1
G3S-4f4f25ce439afb73	3BL1	Carbonic anhydrase 2	doi:10.1016/j.bmc.2010.09.016	15	6	2.14612804	1	A	1	1	260	1	0	2.1	X-RAY DIFFRACTION	2
G3S-502e01631feedf35	5H2U	Protein-tyrosine kinase 6	doi:10.1038/nbt.1990	21	21	3.06550155	1	A;B;C;D	0.996183206	0.981273408	262	2	1	2.24	X-RAY DIFFRACTION	1
G3S-517155e5e2356899	2OHL	Beta-secretase 1	doi:10.1021/jm201441k	12	4	2.1931246	1	A	0.995024876	1	402	1	1	2.65	X-RAY DIFFRACTION	1
G3S-51759ead81a2003d	4QXV	Transthyretin	doi:10.1021/acs.jmedchem.5b00544	9	5	1.23408321	1	A;B	1	1	127	2	1	1.12	X-RAY DIFFRACTION	1
G3S-51759ead81a2003d	4WO0	Transthyretin	doi:10.1021/acs.jmedchem.5b00544	9	5	1.23408321	1	A;B	1	1	127	1	1	1.339	X-RAY DIFFRACTION	2
G3S-532f119ff68b2182	6DYZ	S-methyl-5'-thioadenosine phosphorylase	doi:10.1021/acs.jmedchem.8b01642	13	8	2.04575749	1	A	1	0.952861953	283	1	0	1.62	X-RAY DIFFRACTION	1
G3S-532f119ff68b2182	6DZ0	S-methyl-5'-thioadenosine phosphorylase	doi:10.1021/acs.jmedchem.8b01642	13	8	2.04575749	1	A	1	0.952861953	283	1	0	1.62	X-RAY DIFFRACTION	2
G3S-5422bb33ac137be9	3RGF	Cyclin-dependent kinase 8	doi:10.1038/nbt1358	8	8	3.2155998	1	A	1	0.995061728	403	2	1	2.2	X-RAY DIFFRACTION	1
G3S-55930eb8673c0eee	3K54	Tyrosine-protein kinase BTK	doi:10.1038/nbt.1990	24	24	3.74596657	1	A	0.996402878	0.982332155	278	1	1	1.94	X-RAY DIFFRACTION	1
G3S-55930eb8673c0eee	3OCT	Tyrosine-protein kinase BTK	doi:10.1038/nbt.1990	24	24	3.74596657	1	A	0.996212121	0.996226415	264	1	1	1.95	X-RAY DIFFRACTION	2
G3S-57758481291b0ab8	1LJT	Macrophage migration inhibitory factor	doi:10.1021/acs.jmedchem.0c01160	10	9	3.46797788	1	A;B;C	1	1	114	1	0	2	X-RAY DIFFRACTION	1
G3S-57f29a986d5123ab	6UJ4	WD repeat-containing protein 5	doi:10.1021/acs.jmedchem.0c00224	30	22	2.5797836	1	A;B	1	1	304	1	1	1.53	X-RAY DIFFRACTION	1
G3S-57f29a986d5123ab	6UOZ	WD repeat-containing protein 5	doi:10.1021/acs.jmedchem.0c00224	30	22	2.5797836	1	A;B	1	1	304	1	1	1.532	X-RAY DIFFRACTION	2
G3S-5848d835f7a47085	4CG8	Choline kinase alpha	doi:10.1016/j.ejmech.2020.112797	12	12	2.64664212	1	A	1	1	383	2	1	1.75	X-RAY DIFFRACTION	1
G3S-59125c7fdb97217d	5MSA	Carbonic anhydrase 12	doi:10.1016/j.bmc.2013.01.008	31	18	3.27083521	1	A;B;C;D	1	0.996197719	262	3	1	1.2	X-RAY DIFFRACTION	1
G3S-59125c7fdb97217d	5MSB	Carbonic anhydrase 12	doi:10.1016/j.bmc.2013.01.008	31	18	3.27083521	1	A;B;C;D	1	0.996197719	262	2	1	1.3	X-RAY DIFFRACTION	2
G3S-5938ff8da5e084b3	7GUD	B-cell lymphoma 6 protein	doi:10.1021/acs.jmedchem.7b00313	12	9	6.7212464	1	A	1	0.9765625	125	1	1	1.8	X-RAY DIFFRACTION	1
G3S-5938ff8da5e084b3	7GUE	B-cell lymphoma 6 protein	doi:10.1021/acs.jmedchem.7b00313	12	9	6.7212464	1	A	1	0.9765625	125	1	1	1.8	X-RAY DIFFRACTION	2
G3S-5dd0b4d457e8529a	9OS6	Epidermal growth factor receptor	doi:10.1038/nbt1358	10	10	4.64365437	1	A	1	1	327	1	1	2.75	X-RAY DIFFRACTION	1
G3S-5dd0b4d457e8529a	4I22	Epidermal growth factor receptor	doi:10.1038/nbt1358	10	10	4.64365437	1	A	0.990853659	0.996960486	328	1	0	1.71	X-RAY DIFFRACTION	2
G3S-5fea584126042c2e	5J89	Programmed cell death 1 ligand 1	pmid:35429911	12	4	4.46922412	1	A;B;C;D	1	0.923611111	133	1	1	2.2	X-RAY DIFFRACTION	1
G3S-61544361ce31eac2	2WX2	Sterol 14-alpha demethylase	doi:10.1016/j.chembiol.2007.10.011	16	15	1.77815125	1	A;B	1	0.972515856	460	1	1	2.27	X-RAY DIFFRACTION	1
G3S-61544361ce31eac2	2WUZ	Sterol 14-alpha demethylase	doi:10.1016/j.chembiol.2007.10.011	16	15	1.77815125	1	A;B	1	0.972515856	460	1	1	2.35	X-RAY DIFFRACTION	2
G3S-641793e1a215b11a	1H9U	Retinoic acid receptor RXR-beta	doi:10.1021/jm00016a018	11	9	2.45382778	1	A;B;C;D	0.982142857	1	224	1	1	2.7	X-RAY DIFFRACTION	1
G3S-6454ff7a6533168a	4ABV	Transthyretin	doi:10.1021/jm0700159	10	3	5.8573325	1	A;B	1	1	124	1	1	1.8	X-RAY DIFFRACTION	1
G3S-6454ff7a6533168a	4ABU	Transthyretin	doi:10.1021/jm0700159	10	3	5.8573325	1	A;B	1	1	124	1	1	1.86	X-RAY DIFFRACTION	2
G3S-69e1fcfda0e309e8	2Y6O	Ephrin type-A receptor 4	doi:10.1038/nbt.1990	21	21	3.87020876	1	A	0.996563574	1	291	1	1	1.543	X-RAY DIFFRACTION	1
G3S-6d882e44858045ed	4XX9	3-phosphoinositide-dependent protein kinase 1	doi:10.1021/acs.jmedchem.5b01216	11	5	1.27300127	1	A	0.993548387	1	310	3	1	1.4	X-RAY DIFFRACTION	1
G3S-6e053cabbbcbcc51	5E88	Galectin-3	doi:10.1021/acs.jmedchem.3c01787	9	9	2.22847933	1	A	1	1	139	1	1	1.6	X-RAY DIFFRACTION	1
G3S-6e529abe43b8b245	4XLI	Tyrosine-protein kinase ABL2	doi:10.1038/nbt.1990	37	37	4.60840017	1	A;B	0.996268657	1	268	1	1	2.5	X-RAY DIFFRACTION	1
G3S-6f45b1bb0dddfac7	8B99	Tyrosine-protein kinase JAK2	pmid:35586418	13	10	2.29067768	1	A	0.989169675	0.958477509	277	2	1	1.6	X-RAY DIFFRACTION	1
G3S-6f45b1bb0dddfac7	5USY	Tyrosine-protein kinase JAK2	pmid:35586418	13	10	2.29067768	1	A;B	1	0.92721519	293	2	1	2	X-RAY DIFFRACTION	2
G3S-6fbd681c38d3a2a2	6I18	Fascin	doi:10.1016/j.bmcl.2019.01.035	23	13	3.13718157	1	A	1	1	493	1	1	1.49	X-RAY DIFFRACTION	1
G3S-6fbd681c38d3a2a2	6I12	Fascin	doi:10.1016/j.bmcl.2019.01.035	23	13	3.13718157	1	A	1	1	493	1	1	1.65	X-RAY DIFFRACTION	2
G3S-70ec124b3b4163f0	3C0Z	Histone deacetylase 7	doi:10.1016/j.bmc.2011.11.041	21	9	1.72893323	1	A;B;C	1	0.997635934	422	1	1	2.1	X-RAY DIFFRACTION	1
G3S-7258bf496c1f8d25	4ZZX	Poly [ADP-ribose] polymerase 2	doi:10.1021/acs.jmedchem.5b00680	34	23	4.50664997	1	A;B	1	0.994490358	361	1	1	1.65	X-RAY DIFFRACTION	1
G3S-7258bf496c1f8d25	4ZZY	Poly [ADP-ribose] polymerase 2	doi:10.1021/acs.jmedchem.5b00680	34	23	4.50664997	1	A	1	0.994490358	361	1	1	2.2	X-RAY DIFFRACTION	2
G3S-72740991b3279a1e	8OU2	Nucleosome-remodeling factor subunit BPTF	doi:10.1021/acs.jmedchem.1c00721	11	10	2.84422333	1	A;B	1	0.983739837	121	2	1	1.6	X-RAY DIFFRACTION	1
G3S-72740991b3279a1e	7LPK	Nucleosome-remodeling factor subunit BPTF	doi:10.1021/acs.jmedchem.1c00721	11	10	2.84422333	1	A;B	1	0.983739837	121	1	0	1.39	X-RAY DIFFRACTION	2
G3S-743b25bd8ed06539	7AXR	Bromodomain-containing protein 4	doi:10.1021/acs.jmedchem.1c01119	11	5	2.52846297	1	A	0.992125984	1	127	1	1	1.5	X-RAY DIFFRACTION	1
G3S-743b25bd8ed06539	4LYW	Bromodomain-containing protein 4	doi:10.1021/acs.jmedchem.1c01119	11	5	2.52846297	1	A	1	0.984251969	125	1	1	1.95	X-RAY DIFFRACTION	2
G3S-7441d96b81b94068	7TAB	Transcription activator BRG1	doi:10.1021/acs.jmedchem.3c01149	19	9	3.95424251	1	A	1	0.984615385	128	1	1	1.16	X-RAY DIFFRACTION	1
G3S-748b7ab52baa5a8e	5EP7	CREB-binding protein	doi:10.1021/acsmedchemlett.8b00286	8	8	3.82390874	1	A	1	0.983193277	117	1	1	1.198	X-RAY DIFFRACTION	1
G3S-748b7ab52baa5a8e	5MME	CREB-binding protein	doi:10.1021/acsmedchemlett.8b00286	8	8	3.82390874	1	A;B	1	0.983193277	117	1	1	1.35	X-RAY DIFFRACTION	2
G3S-780095ecb7b0162a	3FQS	Tyrosine-protein kinase SYK	doi:10.1038/nbt.1990	19	19	2.9765189	1	A	1	0.962199313	280	1	1	2.1	X-RAY DIFFRACTION	1
G3S-78b1342acf926183	6V6Z	Kelch-like ECH-associated protein 1	pmid:35549469	12	5	2.33210395	1	A;B;C;D	0.993079585	0.996551724	289	3	1	1.6	X-RAY DIFFRACTION	1
G3S-78b1342acf926183	6HWS	Kelch-like ECH-associated protein 1	pmid:35549469	12	5	2.33210395	1	A	1	1	289	1	1	1.75	X-RAY DIFFRACTION	2
G3S-7966fe2f3127d23f	5MQ1	Bromodomain-containing protein 7	doi:10.1021/acs.jmedchem.9b01980	8	7	1.95860731	1	A	1	0.991071429	111	1	1	1.5	X-RAY DIFFRACTION	1
G3S-7966fe2f3127d23f	6V1F	Bromodomain-containing protein 7	doi:10.1021/acs.jmedchem.9b01980	8	7	1.95860731	1	A	0.984	0.992063492	125	1	1	2	X-RAY DIFFRACTION	2
G3S-7a52256b4ab19efa	5I9Y	Ephrin type-A receptor 2	doi:10.1038/nbt.1990	23	23	3.86297276	1	A	1	0.996732026	305	1	1	1.228	X-RAY DIFFRACTION	1
G3S-7a52256b4ab19efa	5I9X	Ephrin type-A receptor 2	doi:10.1038/nbt.1990	23	23	3.86297276	1	A	1	0.996732026	305	1	1	1.427	X-RAY DIFFRACTION	2
G3S-7ad16b5be174b17e	3UP2	Aurora kinase A	doi:10.1021/cb200508b	10	3	1.36172784	1	A	0.996415771	1	279	1	1	2.3001	X-RAY DIFFRACTION	1
G3S-7ad16b5be174b17e	3UOD	Aurora kinase A	doi:10.1021/cb200508b	10	3	1.36172784	1	A	0.996415771	1	279	2	1	2.5002	X-RAY DIFFRACTION	2
G3S-7ad1fcb7cf793248	4WR8	Macrophage migration inhibitory factor	doi:10.1021/acsmedchemlett.7b00384	10	4	2.56427143	1	A;B;C;D;E;F;G;H;I;J;K;L;M;N;O;P;Q;R	1	1	114	1	1	2.6	X-RAY DIFFRACTION	1
G3S-7b63d80d43bd8871	6MAE	UDP-3-O-acyl-N-acetylglucosamine deacetylase	doi:10.1021/acs.jmedchem.8b01287	16	9	2	1	A	1	1	299	1	0	1.8	X-RAY DIFFRACTION	1
G3S-7c62eb923238b778	7PDQ	Retinoic acid receptor RXR-alpha	doi:10.1021/jm00016a018	11	9	2.58696218	1	A	0.98340249	0.983673469	241	1	1	1.58	X-RAY DIFFRACTION	1
G3S-7c62eb923238b778	3H0A	Retinoic acid receptor RXR-alpha	doi:10.1021/jm00016a018	11	9	2.58696218	1	A	1	1	228	2	1	2.1	X-RAY DIFFRACTION	2
G3S-7c94d7d05a9d2f85	4MXO	Proto-oncogene tyrosine-protein kinase Src	doi:10.1038/nbt.1990	38	38	4.66005194	1	A;B	1	0.98951049	283	1	1	2.105	X-RAY DIFFRACTION	1
G3S-7c94d7d05a9d2f85	3G5D	Proto-oncogene tyrosine-protein kinase Src	doi:10.1038/nbt.1990	38	38	4.66005194	1	A;B	0.989399293	0.98951049	283	2	1	2.2	X-RAY DIFFRACTION	2
G3S-7d63354277860a98	3B28	Heat shock protein HSP 90-alpha	doi:10.1016/j.bmcl.2011.08.001	20	15	4.94564234	1	A;B	1	0.995633188	228	2	1	1.35	X-RAY DIFFRACTION	1
G3S-7d63354277860a98	3B27	Heat shock protein HSP 90-alpha	doi:10.1016/j.bmcl.2011.08.001	20	15	4.94564234	1	A	1	0.995633188	228	1	1	1.5	X-RAY DIFFRACTION	2
G3S-7e32e8326784c5b1	8VW5	E3 ubiquitin-protein ligase CBL-B	pmid:38894924	9	4	2.13469857	2	B	0.990322581	1	310	1	0	1.76	X-RAY DIFFRACTION	1
G3S-7e32e8326784c5b1	8VW4	E3 ubiquitin-protein ligase CBL-B	pmid:38894924	9	4	2.13469857	1	A;B	0.996774194	1	310	3	0	2.4	X-RAY DIFFRACTION	2
G3S-7f4093cbfc6a5ba7	4I22	Epidermal growth factor receptor	doi:10.1021/acs.jmedchem.9b00350	22	12	4.50657623	1	A	0.990853659	0.996960486	328	1	1	1.71	X-RAY DIFFRACTION	1
G3S-7f4093cbfc6a5ba7	4WKQ	Epidermal growth factor receptor	doi:10.1021/acs.jmedchem.9b00350	22	12	4.50657623	1	A	1	0.990909091	327	2	1	1.85	X-RAY DIFFRACTION	2
G3S-82d2cb1cb942342d	5VYY	Heat shock protein HSP 90-alpha	doi:10.1021/acs.jmedchem.6b00085	38	10	2.48012676	1	A	1	0.921875	236	1	1	1.792	X-RAY DIFFRACTION	1
G3S-82da8121de6eeecd	4Y8D	Cyclin-G-associated kinase	pmid:33970631	10	7	5.98296666	1	A;C	1	0.994117647	338	1	1	2.1	X-RAY DIFFRACTION	1
G3S-82da8121de6eeecd	5Y80	Cyclin-G-associated kinase	pmid:33970631	10	7	5.98296666	1	A	1	0.993610224	311	1	1	2.5	X-RAY DIFFRACTION	2
G3S-8337edc867d47bcc	5ETB	Peregrin	doi:10.1021/acs.jmedchem.6b00215	9	7	2.79908516	1	A	1	0.99137931	115	1	1	1.33	X-RAY DIFFRACTION	1
G3S-8337edc867d47bcc	5D7X	Peregrin	doi:10.1021/acs.jmedchem.6b00215	9	7	2.79908516	1	A	1	0.99137931	115	1	1	1.35	X-RAY DIFFRACTION	2
G3S-8379ede84125ecb5	5Y80	Cyclin-G-associated kinase	doi:10.1021/jm501759m	28	16	2.88605665	1	A	1	0.993610224	311	1	1	2.5	X-RAY DIFFRACTION	1
G3S-8379ede84125ecb5	5Y7Z	Cyclin-G-associated kinase	doi:10.1021/jm501759m	28	16	2.88605665	1	A;B	1	0.993610224	311	1	1	2.804	X-RAY DIFFRACTION	2
G3S-83ba16a2ad335359	4L59	Lethal(3)malignant brain tumor-like protein 3	doi:10.1039/c3md00197k	9	9	2.07525095	1	A	1	1	317	1	1	2.29	X-RAY DIFFRACTION	1
G3S-8447070a69d51ab5	5I9Y	Ephrin type-A receptor 2	doi:10.1038/nbt1358	10	10	3.86297276	1	A	1	0.996732026	305	1	1	1.228	X-RAY DIFFRACTION	1
G3S-8468ef8a559bdade	5LL5	Carbonic anhydrase 12	doi:10.3109/14756366.2012.757223	43	5	2.74472749	1	A;B;C;D	1	0.996197719	262	1	1	1.42	X-RAY DIFFRACTION	1
G3S-8468ef8a559bdade	5LL9	Carbonic anhydrase 12	doi:10.3109/14756366.2012.757223	43	5	2.74472749	1	A;B;C;D	1	0.996197719	262	1	1	1.45	X-RAY DIFFRACTION	2
G3S-85936f03e9d82fdc	7Z1G	Glycogen synthase kinase-3 beta	pmid:36876904	25	23	5.31887959	1	A	1	0.983516484	358	2	1	2.85	X-RAY DIFFRACTION	1
G3S-85936f03e9d82fdc	7Z1F	Glycogen synthase kinase-3 beta	pmid:36876904	25	23	5.31887959	1	A;B	1	0.983516484	358	1	1	3	X-RAY DIFFRACTION	2
G3S-86c78a56d4596857	5LLA	Carbonic anhydrase 13	doi:10.3109/14756366.2012.757223	43	5	3.30103	1	A;B	1	0.996197719	262	2	1	1.5	X-RAY DIFFRACTION	1
G3S-86c78a56d4596857	3CZV	Carbonic anhydrase 13	doi:10.3109/14756366.2012.757223	43	5	3.30103	1	A;B	1	0.992424242	262	2	1	2	X-RAY DIFFRACTION	2
G3S-88577c122fa18c76	4GHI	Endothelial PAS domain-containing protein 1	doi:10.1021/jm301847z	20	3	1.82390874	1	A	0.991071429	0.957264957	112	1	1	1.5	X-RAY DIFFRACTION	1
G3S-88577c122fa18c76	4GS9	Endothelial PAS domain-containing protein 1	doi:10.1021/jm301847z	20	3	1.82390874	1	A	0.991071429	0.957264957	112	2	1	1.72	X-RAY DIFFRACTION	2
G3S-8908716879facb98	5Y80	Cyclin-G-associated kinase	doi:10.1021/acs.jmedchem.9b00350	20	10	4.22184875	1	A	1	0.993610224	311	1	1	2.5	X-RAY DIFFRACTION	1
G3S-8908716879facb98	5Y7Z	Cyclin-G-associated kinase	doi:10.1021/acs.jmedchem.9b00350	20	10	4.22184875	1	A;B	1	0.993610224	311	1	1	2.804	X-RAY DIFFRACTION	2
G3S-8afbd56096fe1b47	6S57	ATPase family AAA domain-containing protein 2	doi:10.1021/acs.jmedchem.9b00673	14	13	1.4000595	1	A	1	0.984615385	128	1	1	1.82	X-RAY DIFFRACTION	1
G3S-8c3d32f3825ec8c3	4IA9	WD repeat-containing protein 5	doi:10.1021/ml300467n	19	7	1.76729332	1	A	1	0.996794872	311	1	1	1.66	X-RAY DIFFRACTION	1
G3S-8c3d32f3825ec8c3	3SMR	WD repeat-containing protein 5	doi:10.1021/ml300467n	19	7	1.76729332	1	A;B;C;D	1	0.996794872	311	1	1	1.82	X-RAY DIFFRACTION	2
G3S-8f554307cbbdbf67	5C5A	E3 ubiquitin-protein ligase Mdm2	pmid:39185935	18	13	5.35410844	1	A;B	1	1	92	1	0	1.146	X-RAY DIFFRACTION	1
G3S-8f554307cbbdbf67	5ZXF	E3 ubiquitin-protein ligase Mdm2	pmid:39185935	18	13	5.35410844	1	A	1	1	87	1	0	1.25	X-RAY DIFFRACTION	2
G3S-8fb4021f4421ad5b	8G43	Histone deacetylase 6	doi:10.1021/acs.jmedchem.3c00314	22	8	2.25655945	1	A	1	0.981308411	105	1	1	1.55	X-RAY DIFFRACTION	1
G3S-8fb4021f4421ad5b	8G44	Histone deacetylase 6	doi:10.1021/acs.jmedchem.3c00314	22	8	2.25655945	1	A	1	0.981308411	105	1	1	1.55	X-RAY DIFFRACTION	2
G3S-91dd2c635f86b568	5CGB	Type 1 fimbrin D-mannose specific adhesin	pmid:38367495	20	7	3.69585677	1	A;B	1	1	158	1	0	1.6	X-RAY DIFFRACTION	1
G3S-9236ab9d73532a9d	6NFT	Ubiquitin carboxyl-terminal hydrolase 5	doi:10.1021/acs.jmedchem.9b00988	26	12	1.2524796	1	A;B	1	0.991735537	120	1	1	1.65	X-RAY DIFFRACTION	1
G3S-9236ab9d73532a9d	6DXH	Ubiquitin carboxyl-terminal hydrolase 5	doi:10.1021/acs.jmedchem.9b00988	26	12	1.2524796	1	A	1	0.991735537	120	1	1	2	X-RAY DIFFRACTION	2
G3S-929205c457d12bfd	6F7G	Trp operon repressor	pmid:3549712	20	3	3.74066864	1	A;B	1	1	103	1	1	1.656	X-RAY DIFFRACTION	1
G3S-9589527ecb9747c1	5G1A	Histone deacetylase-like amidohydrolase	doi:10.1016/j.bmc.2011.11.041	22	10	2.22724378	1	A;B	0.997282609	0.991913747	368	3	1	1.42	X-RAY DIFFRACTION	1
G3S-9589527ecb9747c1	1ZZ1	Histone deacetylase-like amidohydrolase	doi:10.1016/j.bmc.2011.11.041	22	10	2.22724378	1	A;B;C;D	0.997289973	1	369	1	1	1.57	X-RAY DIFFRACTION	2
G3S-95eff58067253a12	4PX3	Glucokinase regulatory protein	doi:10.1021/acs.jmedchem.5b01367	9	6	2.86530143	1	A;B	1	0.979623824	625	3	0	2.43	X-RAY DIFFRACTION	1
G3S-96b21ba0d0525be3	4AT5	BDNF/NT-3 growth factors receptor	doi:10.1038/nbt1358	12	12	2.7424357	1	A	1	0.989966555	296	2	1	1.71	X-RAY DIFFRACTION	1
G3S-9838f6e0d45906f5	4QB3	Bromodomain-containing protein 4	pmid:38295759	11	8	2.07457199	1	A	0.992125984	1	127	1	1	0.94	X-RAY DIFFRACTION	1
G3S-9838f6e0d45906f5	7JKY	Bromodomain-containing protein 4	pmid:38295759	11	8	2.07457199	1	A	1	0.984251969	125	1	0	1.16	X-RAY DIFFRACTION	2
G3S-9d0d3bffdbe8c8bd	7AEN	Galectin-8	doi:10.1016/j.ejmech.2021.113664	24	9	3.62324929	1	A;B	1	1	150	2	0	1.6	X-RAY DIFFRACTION	1
G3S-9d3d506752fabc29	5MSA	Carbonic anhydrase 12	doi:10.1021/acs.jmedchem.5b01723	15	9	3.70097072	1	A;B;C;D	1	0.996197719	262	3	1	1.2	X-RAY DIFFRACTION	1
G3S-9d3d506752fabc29	5LL5	Carbonic anhydrase 12	doi:10.1021/acs.jmedchem.5b01723	15	9	3.70097072	1	A;B;C;D	1	0.996197719	262	1	1	1.42	X-RAY DIFFRACTION	2
G3S-9fd2b188d340d694	6H1I	Pirin	doi:10.1021/acs.jmedchem.6b01055	8	8	1.9749208	1	A	1	0.989761092	290	2	1	1.69	X-RAY DIFFRACTION	1
G3S-a0b462ec59730874	5NZO	D-3-phosphoglycerate dehydrogenase	pmid:33756126	15	12	3.2364577	1	A;B	1	1	195	1	1	1.29	X-RAY DIFFRACTION	1
G3S-a0b462ec59730874	5NZP	D-3-phosphoglycerate dehydrogenase	pmid:33756126	15	12	3.2364577	1	A;B	1	1	204	1	1	1.3	X-RAY DIFFRACTION	2
G3S-a0eeacac2c679281	7Z62	PA-I galactophilic lectin	doi:10.1016/j.ejmech.2022.115025	13	10	2.62838893	1	A;B	1	1	121	1	1	1.53	X-RAY DIFFRACTION	1
G3S-a0eeacac2c679281	7Z63	PA-I galactophilic lectin	doi:10.1016/j.ejmech.2022.115025	13	10	2.62838893	1	A;B;C;D	1	1	121	1	1	1.75	X-RAY DIFFRACTION	2
G3S-a38e7f40310e2c16	6OBB	Tyrosine-protein kinase JAK2	doi:10.1021/acs.jmedchem.0c00192	11	7	2.03696338	1	A	0.989169675	0.958477509	277	1	1	1.904	X-RAY DIFFRACTION	1
G3S-a38e7f40310e2c16	6OBL	Tyrosine-protein kinase JAK2	doi:10.1021/acs.jmedchem.0c00192	11	7	2.03696338	1	A	0.989169675	0.958477509	277	1	1	2.061	X-RAY DIFFRACTION	2
G3S-a496fe9cc69b5d9f	6X4O	Peptidyl-prolyl cis-trans isomerase A	doi:10.1021/acs.jmedchem.8b00802	23	17	2.15358392	1	A	1	0.988023952	165	1	0	1.5	X-RAY DIFFRACTION	1
G3S-a496fe9cc69b5d9f	6X4P	Peptidyl-prolyl cis-trans isomerase A	doi:10.1021/acs.jmedchem.8b00802	23	17	2.15358392	1	A	1	0.988023952	165	1	0	1.5	X-RAY DIFFRACTION	2
G3S-a508a4b502827b89	7ER7	Flavin reductase (NADPH)	doi:10.1021/acs.jmedchem.1c01664	8	8	1.3832887	1	A;B	1	0.995169082	206	2	1	1.7	X-RAY DIFFRACTION	1
G3S-a508a4b502827b89	7ER8	Flavin reductase (NADPH)	doi:10.1021/acs.jmedchem.1c01664	8	8	1.3832887	1	A;B	1	0.953703704	206	2	0	1.45	X-RAY DIFFRACTION	2
G3S-a5df04a0e400b0db	4XLI	Tyrosine-protein kinase ABL2	doi:10.1038/nbt1358	15	15	4.28806502	1	A;B	0.996268657	1	268	1	1	2.5	X-RAY DIFFRACTION	1
G3S-a5f8f9b4623f1ec1	3ML5	Carbonic anhydrase 7	doi:10.3109/14756366.2012.757223	43	5	5.14874165	1	A	0.992424242	0.981412639	264	1	1	2.05	X-RAY DIFFRACTION	1
G3S-a5f8f9b4623f1ec1	3MDZ	Carbonic anhydrase 7	doi:10.3109/14756366.2012.757223	43	5	5.14874165	1	A	1	0.918149466	258	2	1	2.32	X-RAY DIFFRACTION	2
G3S-a607f21d0b792e74	6FDY	Serine/threonine-protein kinase ULK3	doi:10.1038/nbt.1990	25	25	3.91645395	1	A	1	1	276	1	1	1.7	X-RAY DIFFRACTION	1
G3S-a620d876229e4fc4	4XT2	Endothelial PAS domain-containing protein 1	doi:10.1021/acs.jmedchem.5b00529	13	2	1.48840227	2	C;D	0.991071429	0.957264957	112	1	0	1.698	X-RAY DIFFRACTION	1
G3S-a8d224cda1a84a3f	6OP9	Receptor tyrosine-protein kinase erbB-3	doi:10.1038/nbt.1990	17	17	4.0772971	1	A	1	1	328	1	1	2.501	X-RAY DIFFRACTION	1
G3S-a96a5730efc90a42	6VNE	Tyrosine-protein kinase JAK2	doi:10.1038/nbt.1990	28	28	5.18406019	1	A;B	1	0.951298701	293	1	1	2.32	X-RAY DIFFRACTION	1
G3S-a96a5730efc90a42	8BPW	Tyrosine-protein kinase JAK2	doi:10.1038/nbt.1990	28	28	5.18406019	1	A;B	0.98989899	0.936908517	297	1	0	1.8	X-RAY DIFFRACTION	2
G3S-aaae27c9c7a68a3a	3CZV	Carbonic anhydrase 13	doi:10.1016/j.bmc.2010.09.011	11	8	3.69897	1	A;B	1	0.992424242	262	2	1	2	X-RAY DIFFRACTION	1
G3S-ab8ecdc323a69568	3PE1	Casein kinase II subunit alpha	doi:10.1016/j.bmc.2017.02.055	15	8	2.74527002	1	A	1	1	337	1	1	1.6	X-RAY DIFFRACTION	1
G3S-ab8ecdc323a69568	9HYH	Casein kinase II subunit alpha	doi:10.1016/j.bmc.2017.02.055	15	8	2.74527002	1	A;B	1	0.943661972	335	2	1	1.96	X-RAY DIFFRACTION	2
G3S-ab9150ed0ce52416	6V9N	Son of sevenless homolog 1	doi:10.1021/acs.jmedchem.0c00511	38	22	4.13262557	2	B	1	0.997925311	481	3	1	1.648	X-RAY DIFFRACTION	1
G3S-ab9150ed0ce52416	6V9L	Son of sevenless homolog 1	doi:10.1021/acs.jmedchem.0c00511	38	22	4.13262557	2	B	1	0.997925311	481	3	1	1.698	X-RAY DIFFRACTION	2
G3S-accf02b6dbaa6894	5MTX	Mitogen-activated protein kinase 14	doi:10.1021/acs.jmedchem.7b00745	12	9	2.25251757	1	A	1	1	360	2	1	1.8	X-RAY DIFFRACTION	1
G3S-accf02b6dbaa6894	3HLL	Mitogen-activated protein kinase 14	doi:10.1021/acs.jmedchem.7b00745	12	9	2.25251757	1	A	1	1	360	2	1	1.95	X-RAY DIFFRACTION	2
G3S-adf3d9017899d822	4AJJ	L-lactate dehydrogenase A chain	doi:10.1021/jm201734r	13	7	1.84032538	1	A;B;C;D	1	1	331	4	1	1.75	X-RAY DIFFRACTION	1
G3S-adf3d9017899d822	4AJ1	L-lactate dehydrogenase A chain	doi:10.1021/jm201734r	13	7	1.84032538	1	A;B;C;D	1	1	331	4	1	1.87	X-RAY DIFFRACTION	2
G3S-b17775e9d3914c80	3IK3	Tyrosine-protein kinase ABL1 [229-512]	doi:10.1021/acschembio.5b01018	8	6	2.66900678	1	A;B	0.992957746	0.986111111	284	1	1	1.9	X-RAY DIFFRACTION	1
G3S-b17775e9d3914c80	3OXZ	Tyrosine-protein kinase ABL1 [229-512]	doi:10.1021/acschembio.5b01018	8	6	2.66900678	1	A	0.996466431	0.996478873	283	1	1	2.2	X-RAY DIFFRACTION	2
G3S-b28f576038c6bba6	4XMB	Kelch-like ECH-associated protein 1	pmid:32668381	18	12	3.57625273	1	A	1	1	289	1	1	2.428	X-RAY DIFFRACTION	1
G3S-b28f576038c6bba6	4L7B	Kelch-like ECH-associated protein 1	pmid:32668381	18	12	3.57625273	1	A;B	0.993127148	0.97	291	1	0	2.41	X-RAY DIFFRACTION	2
G3S-b39cee93fb2ff4e0	6FVF	Casein kinase II subunit alpha	pmid:40493957	22	6	3.77815125	1	A	0.987804878	1	328	2	1	1.47	X-RAY DIFFRACTION	1
G3S-b47e17893c82aca6	5ACW	Metallo-beta-lactamase VIM-2	doi:10.1021/acs.jmedchem.5b01289	10	10	2.04532298	1	A;B	1	1	266	1	1	1.8	X-RAY DIFFRACTION	1
G3S-b47e17893c82aca6	5ACX	Metallo-beta-lactamase VIM-2	doi:10.1021/acs.jmedchem.5b01289	10	10	2.04532298	1	A;B	1	1	266	1	1	1.8	X-RAY DIFFRACTION	2
G3S-b4e4bb5af0b8b2c1	4AJJ	L-lactate dehydrogenase A chain	doi:10.1021/jm201734r	18	7	5.57403127	1	A;B;C;D	1	1	331	4	2	1.75	X-RAY DIFFRACTION	1
G3S-b4e4bb5af0b8b2c1	4AJH	L-lactate dehydrogenase A chain	doi:10.1021/jm201734r	18	7	5.57403127	1	A;B;C;D	1	1	331	4	2	1.93	X-RAY DIFFRACTION	2
G3S-b66b7652f5b1d01d	1AZM	Carbonic anhydrase 1	doi:10.1016/j.bmc.2010.09.011	11	8	3.60205999	1	A	1	1	260	1	1	2	X-RAY DIFFRACTION	1
G3S-b66b7652f5b1d01d	3W6H	Carbonic anhydrase 1	doi:10.1016/j.bmc.2010.09.011	11	8	3.60205999	1	A;B	1	1	260	2	1	2.964	X-RAY DIFFRACTION	2
G3S-b6b157cccce7111a	5V9T	Lysine-specific demethylase 5A	doi:10.1021/acs.jmedchem.8b00261	8	8	1.25527251	1	A;B	1	0.994936709	786	1	0	3.05	X-RAY DIFFRACTION	1
G3S-b7a393cf6357ce71	9LW5	Beta-2 adrenergic receptor	doi:10.1016/j.ejmech.2008.12.016	8	3	4.01062297	6	F	0.982758621	0.974789916	348	1	1	2.87	ELECTRON MICROSCOPY	1
G3S-b96988cabeb69917	9R25	Mitogen-activated protein kinase 14	doi:10.1038/nbt.1990	19	19	4.32905872	1	A	1	1	360	2	1	1.8	X-RAY DIFFRACTION	1
G3S-b96988cabeb69917	3GCS	Mitogen-activated protein kinase 14	doi:10.1038/nbt.1990	19	19	4.32905872	1	A	0.988857939	0.997222222	359	2	1	2.1	X-RAY DIFFRACTION	2
G3S-b9a14ea86c9556ea	3VSP	Peroxisome proliferator-activated receptor gamma	doi:10.1016/j.bmcl.2014.06.023	8	7	1.462398	1	A;B	1	0.986013986	282	1	0	2.4	X-RAY DIFFRACTION	1
G3S-ba437efd56c85d19	5Y80	Cyclin-G-associated kinase	doi:10.1021/acs.jmedchem.8b01213	14	4	1.30845401	1	A	1	0.993610224	311	1	1	2.5	X-RAY DIFFRACTION	1
G3S-ba437efd56c85d19	5Y7Z	Cyclin-G-associated kinase	doi:10.1021/acs.jmedchem.8b01213	14	4	1.30845401	1	A;B	1	0.993610224	311	1	1	2.804	X-RAY DIFFRACTION	2
G3S-bd2cdfe90c8aa7fa	3ML5	Carbonic anhydrase 7	doi:10.1016/j.bmc.2013.09.029	42	6	4.24565166	1	A	0.992424242	0.981412639	264	1	1	2.05	X-RAY DIFFRACTION	1
G3S-bd2cdfe90c8aa7fa	3MDZ	Carbonic anhydrase 7	doi:10.1016/j.bmc.2013.09.029	42	6	4.24565166	1	A	1	0.918149466	258	2	1	2.32	X-RAY DIFFRACTION	2
G3S-bd97b6205fe27668	4OTG	Serine/threonine-protein kinase N1	doi:10.1038/nbt.1990	20	20	3.59362682	1	A	0.997058824	0.997067449	340	1	0	2.6	X-RAY DIFFRACTION	1
G3S-be927832aa68b7af	5ETP	2-amino-4-hydroxy-6-hydroxymethyldihydropteridine pyrophosphokinase	doi:10.1021/acs.jmedchem.6b00002	45	5	2.35902194	1	A	1	0.981481481	159	2	1	1.05	X-RAY DIFFRACTION	1
G3S-be927832aa68b7af	5ETO	2-amino-4-hydroxy-6-hydroxymethyldihydropteridine pyrophosphokinase	doi:10.1021/acs.jmedchem.6b00002	45	5	2.35902194	1	A	1	0.981481481	159	2	1	1.07	X-RAY DIFFRACTION	2
G3S-beb8359aa320987f	1AZM	Carbonic anhydrase 1	doi:10.1016/j.bmc.2013.09.029	43	6	4.30103	1	A	1	1	260	1	1	2	X-RAY DIFFRACTION	1
G3S-beb8359aa320987f	3W6H	Carbonic anhydrase 1	doi:10.1016/j.bmc.2013.09.029	43	6	4.30103	1	A;B	1	1	260	2	1	2.964	X-RAY DIFFRACTION	2
G3S-bff054f5415e507d	3LDP	Endoplasmic reticulum chaperone BiP	doi:10.1021/jm101625x	14	9	2.31386722	1	A;B	1	0.994791667	382	1	0	2.2	X-RAY DIFFRACTION	1
G3S-c1bf0bf4ec7b8cf8	8S98	Non-receptor tyrosine-protein kinase TYK2	pmid:37427891	20	12	5.54406804	1	A;B;C	1	1	295	1	1	1.87	X-RAY DIFFRACTION	1
G3S-c2777118d038eb0b	4IQK	Kelch-like ECH-associated protein 1	doi:10.1016/j.bmcl.2019.126852	8	2	2.85387196	1	A	0.989619377	0.966555184	289	1	1	1.97	X-RAY DIFFRACTION	1
G3S-c2777118d038eb0b	6TYM	Kelch-like ECH-associated protein 1	doi:10.1016/j.bmcl.2019.126852	8	2	2.85387196	1	A	1	0.986348123	289	2	0	1.422	X-RAY DIFFRACTION	2
G3S-c3ad4039ad41a0e6	5CU2	Casein kinase II subunit alpha	doi:10.1016/j.bmc.2017.04.037	10	6	3.29350067	1	A;B	0.99695122	0.931818182	328	2	2	1.705	X-RAY DIFFRACTION	1
G3S-c3ad4039ad41a0e6	6EHK	Casein kinase II subunit alpha	doi:10.1016/j.bmc.2017.04.037	10	6	3.29350067	1	A	0.981873112	0.967836257	331	2	1	1.4	X-RAY DIFFRACTION	2
G3S-c4c2e34a716f6ae6	3O8T	Mitogen-activated protein kinase 14	doi:10.1016/s0960-894x(03)00656-5	17	8	4.31425826	1	A	0.997222222	1	360	2	1	2	X-RAY DIFFRACTION	1
G3S-c4c2e34a716f6ae6	3O8P	Mitogen-activated protein kinase 14	doi:10.1016/s0960-894x(03)00656-5	17	8	4.31425826	1	A	0.997222222	1	360	2	1	2.1	X-RAY DIFFRACTION	2
G3S-c5d1969627a8c3f1	4NCT	Dual specificity tyrosine-phosphorylation-regulated kinase 1A	doi:10.1038/nbt.1990	23	23	3.1401787	2	C	1	0.991847826	365	1	0	2.597	X-RAY DIFFRACTION	1
G3S-c6c69878bad91dca	1UWH	Serine/threonine-protein kinase B-raf	doi:10.1038/nbt.1990	19	19	4.71284146	1	A;B	0.996376812	1	276	1	1	2.95	X-RAY DIFFRACTION	1
G3S-c6c69878bad91dca	1UWJ	Serine/threonine-protein kinase B-raf	doi:10.1038/nbt.1990	19	19	4.71284146	1	A;B	0.996376812	1	276	1	1	3.5	X-RAY DIFFRACTION	2
G3S-c7aa8d4de10ed68f	3IX2	Purine nucleoside phosphorylase	doi:10.1016/j.bmc.2010.05.009	8	7	1.90000877	1	A;B;C	1	1	268	1	1	2.1	X-RAY DIFFRACTION	1
G3S-c8b189267b8c3242	3T3S	Cytochrome P450 2A13	doi:10.1124/dmd.112.045161	9	8	2.0989253	1	A;B;C;D;E;F;G;H	0.997854077	0.978991597	466	1	0	3	X-RAY DIFFRACTION	1
G3S-c921d4d10853942c	9DRK	Biotin--[biotin carboxyl-carrier protein] ligase	pmid:39823202	12	11	1.51283681	1	A;B	1	1	265	1	0	2.13	X-RAY DIFFRACTION	1
G3S-c921d4d10853942c	9DRN	Biotin--[biotin carboxyl-carrier protein] ligase	pmid:39823202	12	11	1.51283681	1	A;B	1	1	264	1	0	2.98	X-RAY DIFFRACTION	2
G3S-cac62a85af1d2834	2XB7	ALK tyrosine kinase receptor	doi:10.1038/nbt.1990	29	29	4.14612804	1	A	1	0.996825397	314	1	1	2.5	X-RAY DIFFRACTION	1
G3S-cb1dbf771699bf3f	3SAX	Carbonic anhydrase 2	doi:10.1016/j.ejmech.2012.02.050	19	4	1.42117611	1	A	1	1	260	2	1	1.1	X-RAY DIFFRACTION	1
G3S-cb1dbf771699bf3f	3S8X	Carbonic anhydrase 2	doi:10.1016/j.ejmech.2012.02.050	19	4	1.42117611	1	A	1	1	260	2	1	1.3	X-RAY DIFFRACTION	2
G3S-ccdb4e9b6cf85e30	8S99	Non-receptor tyrosine-protein kinase TYK2	doi:10.1021/acs.jmedchem.3c00600	9	8	3.87242117	1	A;B;C	1	1	295	1	1	1.71	X-RAY DIFFRACTION	1
G3S-cd3e1369d7554956	3HMM	TGF-beta receptor type-1	doi:10.1021/acs.jmedchem.3c01273	8	8	2.94939001	1	A	1	1	303	1	1	1.7	X-RAY DIFFRACTION	1
G3S-cf9073a054dd1e8c	6NAD	Nuclear receptor ROR-gamma	doi:10.1016/j.bmcl.2019.04.021	31	23	4.31386722	1	A;B	1	1	243	1	0	2.90197077	X-RAY DIFFRACTION	1
G3S-d0f17450d1ab6af6	3H0A	Retinoic acid receptor RXR-alpha	doi:10.1021/jm00044a014	18	2	1.76662527	1	A	1	1	228	2	1	2.1	X-RAY DIFFRACTION	1
G3S-d0f17450d1ab6af6	4K6I	Retinoic acid receptor RXR-alpha	doi:10.1021/jm00044a014	18	2	1.76662527	1	A	1	1	231	1	1	2.1	X-RAY DIFFRACTION	2
G3S-d15243e290ebeba6	5LLN	Carbonic anhydrase 13	doi:10.1016/j.bmc.2013.01.008	30	18	4.65757732	1	A;B	1	0.996197719	262	2	1	1.6	X-RAY DIFFRACTION	1
G3S-d15243e290ebeba6	4HU1	Carbonic anhydrase 13	doi:10.1016/j.bmc.2013.01.008	30	18	4.65757732	1	A;B	1	0.996197719	262	2	1	1.95	X-RAY DIFFRACTION	2
G3S-d183c9dc36c1eaef	6KHD	Dual specificity protein kinase CLK1	pmid:36876904	36	32	4.04575749	1	A;B;C	0.997933884	1	484	1	1	2.7	X-RAY DIFFRACTION	1
G3S-d1bbafed8d4f34cf	4ZZZ	Poly [ADP-ribose] polymerase 1	doi:10.1021/acs.jmedchem.5b00680	41	26	4.03308852	1	A;B	1	0.994475138	360	2	1	1.9	X-RAY DIFFRACTION	1
G3S-d1bbafed8d4f34cf	7KK4	Poly [ADP-ribose] polymerase 1	doi:10.1021/acs.jmedchem.5b00680	41	26	4.03308852	1	A;B	0.997159091	1	352	1	1	1.96	X-RAY DIFFRACTION	2
G3S-d1bd349cdd458972	1LIN	Calmodulin	doi:10.1016/j.ejmech.2016.03.045	8	7	1.98457144	1	A	1	1	148	1	1	2	X-RAY DIFFRACTION	1
G3S-d1bd349cdd458972	1CTR	Calmodulin	doi:10.1016/j.ejmech.2016.03.045	8	7	1.98457144	1	A	1	1	148	1	1	2.45	X-RAY DIFFRACTION	2
G3S-d1de2bf2f08fcf46	5JZN	Serine/threonine-protein kinase DCLK1	doi:10.1038/nbt.1990	18	18	3.22888201	1	A;B	0.996428571	1	280	1	1	2.85	X-RAY DIFFRACTION	1
G3S-d1de2bf2f08fcf46	7F3G	Serine/threonine-protein kinase DCLK1	doi:10.1038/nbt.1990	18	18	3.22888201	1	A;B	1	0.985815603	278	1	0	2.1	X-RAY DIFFRACTION	2
G3S-d207c324846b2507	3RGF	Cyclin-dependent kinase 8	doi:10.1038/nbt.1990	13	13	3.75696195	1	A	1	0.995061728	403	2	1	2.2	X-RAY DIFFRACTION	1
G3S-d25ad64514236b8b	5DX4	Bromodomain-containing protein 4	doi:10.1021/acs.jmedchem.5b01511	14	8	2.04266815	1	A	1	0.984251969	125	1	1	2.3	X-RAY DIFFRACTION	1
G3S-d2858f5dc6d0d6d2	5LLC	Carbonic anhydrase 2	doi:10.1021/acs.jmedchem.7b01408	12	7	2.45974716	1	A	1	1	260	1	1	1.1	X-RAY DIFFRACTION	1
G3S-d2858f5dc6d0d6d2	6QL3	Carbonic anhydrase 2	doi:10.1021/acs.jmedchem.7b01408	12	7	2.45974716	1	A	0.980769231	1	260	4	1	1.35	X-RAY DIFFRACTION	2
G3S-d392e1d59c314666	4WW6	Carbonic anhydrase 2	doi:10.1021/acs.jmedchem.5b01723	15	9	3.28477925	1	A	1	1	260	4	1	1.06	X-RAY DIFFRACTION	1
G3S-d392e1d59c314666	5LLC	Carbonic anhydrase 2	doi:10.1021/acs.jmedchem.5b01723	15	9	3.28477925	1	A	1	1	260	1	1	1.1	X-RAY DIFFRACTION	2
G3S-d3c114d403b4f6e6	1UWH	Serine/threonine-protein kinase B-raf	doi:10.1016/j.bmcl.2011.07.019	28	11	1.2170299	1	A;B	0.996376812	1	276	1	1	2.95	X-RAY DIFFRACTION	1
G3S-d3c114d403b4f6e6	1UWJ	Serine/threonine-protein kinase B-raf	doi:10.1016/j.bmcl.2011.07.019	28	11	1.2170299	1	A;B	0.996376812	1	276	1	1	3.5	X-RAY DIFFRACTION	2
G3S-d47edc95ba068421	6TUY	REST corepressor 1	pmid:35525212	31	22	2.30856441	2	B	1	1	485	3	1	2.6	X-RAY DIFFRACTION	1
G3S-d47edc95ba068421	5L3E	REST corepressor 1	pmid:35525212	31	22	2.30856441	2	B	1	1	178	2	1	2.8	X-RAY DIFFRACTION	2
G3S-d519c857dc22bc06	8CQL	Elongin-C	doi:10.1021/acs.jmedchem.3c00434	38	6	2.42808674	2	B;E;H;K	1	0.989690722	96	1	1	2.38	X-RAY DIFFRACTION	1
G3S-d519c857dc22bc06	8CQK	Elongin-C	doi:10.1021/acs.jmedchem.3c00434	38	6	2.42808674	2	B;E;H;K	1	0.989690722	96	1	1	2.62	X-RAY DIFFRACTION	2
G3S-d51a503970da5ba2	5VYY	Heat shock protein HSP 90-alpha	pmid:39256986	9	8	1.92634245	1	A	1	0.921875	236	1	1	1.792	X-RAY DIFFRACTION	1
G3S-d587ea9877aeacf1	5Y80	Cyclin-G-associated kinase	doi:10.1038/nbt.1990	41	41	3.52680904	1	A	1	0.993610224	311	1	1	2.5	X-RAY DIFFRACTION	1
G3S-d587ea9877aeacf1	5Y7Z	Cyclin-G-associated kinase	doi:10.1038/nbt.1990	41	41	3.52680904	1	A;B	1	0.993610224	311	1	1	2.804	X-RAY DIFFRACTION	2
G3S-d5eff434a516ab97	4AT5	BDNF/NT-3 growth factors receptor	doi:10.1038/nbt.1990	27	27	2.9115781	1	A	1	0.989966555	296	2	1	1.71	X-RAY DIFFRACTION	1
G3S-d5f2b3941320fd29	9FA3	Lysosomal acid glucosylceramidase	pmid:38932616	13	4	4.35751135	1	A	1	0.981684982	536	2	1	1.36	X-RAY DIFFRACTION	1
G3S-d5f2b3941320fd29	9FDI	Lysosomal acid glucosylceramidase	pmid:38932616	13	4	4.35751135	1	A	1	0.981684982	536	2	1	1.41	X-RAY DIFFRACTION	2
G3S-d6314e1e3eb65b19	9JIR	Transthyretin	pmid:39761163	8	4	2.47504825	1	A;B	0.993197279	0.924528302	147	1	1	1.3	X-RAY DIFFRACTION	1
G3S-d6314e1e3eb65b19	9JIS	Transthyretin	pmid:39761163	8	4	2.47504825	1	A;B	0.993197279	0.924528302	147	1	1	1.41	X-RAY DIFFRACTION	2
G3S-d63ca398425bbdff	4GU6	Focal adhesion kinase 1	doi:10.1021/jm3016014	24	13	3.80163235	1	A;B	1	0.989361702	279	1	1	1.95	X-RAY DIFFRACTION	1
G3S-d82e40f7bc270eb2	4KNN	Carbonic anhydrase 13	doi:10.1016/j.bmc.2013.09.029	43	6	3.23240962	1	A;B	1	0.996197719	262	3	1	1.404	X-RAY DIFFRACTION	1
G3S-d82e40f7bc270eb2	4QSJ	Carbonic anhydrase 13	doi:10.1016/j.bmc.2013.09.029	43	6	3.23240962	1	A;B	1	0.996197719	262	3	1	1.7	X-RAY DIFFRACTION	2
G3S-da6a7a5b92d16f5d	5Y80	Cyclin-G-associated kinase	doi:10.1016/j.bmcl.2019.05.025	25	4	3.88169184	1	A	1	0.993610224	311	1	1	2.5	X-RAY DIFFRACTION	1
G3S-da6a7a5b92d16f5d	5Y7Z	Cyclin-G-associated kinase	doi:10.1016/j.bmcl.2019.05.025	25	4	3.88169184	1	A;B	1	0.993610224	311	1	1	2.804	X-RAY DIFFRACTION	2
G3S-da8fc773cdc768de	6HUP	Gamma-aminobutyric acid receptor subunit alpha-1	doi:10.1021/jm701433b	21	10	3.30103	1	A;D	1	0.924568966	429	3	1	3.58	ELECTRON MICROSCOPY	1
G3S-dc79a9836344f3ec	2Y6O	Ephrin type-A receptor 4	doi:10.1038/nbt1358	9	9	3.55428721	1	A	0.996563574	1	291	1	1	1.543	X-RAY DIFFRACTION	1
G3S-dd8aacb779840031	5I9Y	Ephrin type-A receptor 2 [596-900]	doi:10.1021/acschembio.6b00709	27	26	2.53556536	1	A	1	0.996732026	305	1	1	1.228	X-RAY DIFFRACTION	1
G3S-dd8aacb779840031	5I9X	Ephrin type-A receptor 2 [596-900]	doi:10.1021/acschembio.6b00709	27	26	2.53556536	1	A	1	0.996732026	305	1	1	1.427	X-RAY DIFFRACTION	2
G3S-de0a2a7c1887af78	5O5A	Peregrin	doi:10.1016/j.ejmech.2018.05.037	15	14	1.30989438	1	A	1	0.99137931	115	1	1	1.6	X-RAY DIFFRACTION	1
G3S-de0a2a7c1887af78	5MWH	Peregrin	doi:10.1016/j.ejmech.2018.05.037	15	14	1.30989438	1	A;B	1	0.99137931	115	1	1	1.65	X-RAY DIFFRACTION	2
G3S-de2a24cde8ae391c	6FNM	Ephrin type-B receptor 4	doi:10.1038/nbt.1990	24	24	4.30737017	1	A	0.989830508	0.993265993	295	1	1	1.157	X-RAY DIFFRACTION	1
G3S-df91bc0fd4e2076d	3ML5	Carbonic anhydrase 7	doi:10.1016/j.bmc.2013.01.008	28	17	4.48170315	1	A	0.992424242	0.981412639	264	1	1	2.05	X-RAY DIFFRACTION	1
G3S-df91bc0fd4e2076d	3MDZ	Carbonic anhydrase 7	doi:10.1016/j.bmc.2013.01.008	28	17	4.48170315	1	A	1	0.918149466	258	2	1	2.32	X-RAY DIFFRACTION	2
G3S-dfc845f5fdda1698	6W4Z	Galectin-8	pmid:32809817	10	5	1.21714049	1	A;B	0.993464052	1	153	2	0	1.59	X-RAY DIFFRACTION	1
G3S-e06c6b7aad2ea234	7L3C	Endolysin [L99A]	doi:10.1021/jm0491187	16	5	1.55716334	1	A	0.987804878	1	164	2	1	1.31	X-RAY DIFFRACTION	1
G3S-e14938ee3e7dd677	3O8T	Mitogen-activated protein kinase 14	doi:10.1021/jm030120s	8	6	4.11021548	1	A	0.997222222	1	360	2	1	2	X-RAY DIFFRACTION	1
G3S-e14938ee3e7dd677	3O8P	Mitogen-activated protein kinase 14	doi:10.1021/jm030120s	8	6	4.11021548	1	A	0.997222222	1	360	2	1	2.1	X-RAY DIFFRACTION	2
G3S-e1d12f0e7fc3ce7f	8XOX	Protein-tyrosine kinase 2-beta	pmid:33497606	9	7	2.157939	1	A	1	1	277	1	1	1.9	X-RAY DIFFRACTION	1
G3S-e1d12f0e7fc3ce7f	5TOB	Protein-tyrosine kinase 2-beta	pmid:33497606	9	7	2.157939	1	A	1	0.989361702	279	1	1	2.117	X-RAY DIFFRACTION	2
G3S-e2e78f6cb47c8e4c	5U69	Polycomb protein EED	doi:10.1021/acs.jmedchem.7b00576	14	9	4.2787536	1	A	1	0.989159892	365	1	0	1.28	X-RAY DIFFRACTION	1
G3S-e2e78f6cb47c8e4c	5U8F	Polycomb protein EED	doi:10.1021/acs.jmedchem.7b00576	14	9	4.2787536	1	A	1	0.989159892	365	1	0	1.343	X-RAY DIFFRACTION	2
G3S-e36179cfc1b7610c	8WX7	Tyrosine-protein phosphatase non-receptor type 11	pmid:39110625	19	12	1.84677162	1	A;B	1	0.998098859	525	1	0	2.02	X-RAY DIFFRACTION	1
G3S-e3b2a2841a5b18a5	2IVU	Proto-oncogene tyrosine-protein kinase receptor Ret	doi:10.1038/nbt.1990	19	19	3.32874082	1	A	1	0.984076433	309	1	1	2.5	X-RAY DIFFRACTION	1
G3S-e710b4e67d7724f9	5Y80	Cyclin-G-associated kinase	doi:10.1038/nbt1358	21	20	3.09017663	1	A	1	0.993610224	311	1	1	2.5	X-RAY DIFFRACTION	1
G3S-e710b4e67d7724f9	5Y7Z	Cyclin-G-associated kinase	doi:10.1038/nbt1358	21	20	3.09017663	1	A;B	1	0.993610224	311	1	1	2.804	X-RAY DIFFRACTION	2
G3S-e7f816aed727534b	3HS4	Carbonic anhydrase 2	doi:10.1016/j.bmc.2013.09.029	43	6	3.24565166	1	A	1	1	260	2	1	1.1	X-RAY DIFFRACTION	1
G3S-e7f816aed727534b	3SAX	Carbonic anhydrase 2	doi:10.1016/j.bmc.2013.09.029	43	6	3.24565166	1	A	1	1	260	2	1	1.1	X-RAY DIFFRACTION	2
G3S-e9de90d69aed4dc3	3RU1	Beta-secretase 1	doi:10.1021/jm200544q	16	7	2.67778071	1	A	0.99513382	1	411	2	1	2.3	X-RAY DIFFRACTION	1
G3S-e9de90d69aed4dc3	2OHL	Beta-secretase 1	doi:10.1021/jm200544q	16	7	2.67778071	1	A	0.995024876	1	402	1	1	2.65	X-RAY DIFFRACTION	2
G3S-eb73c8235716ab91	4WR7	Carbonic anhydrase 1	doi:10.1016/j.bmc.2013.01.008	29	18	5.33518427	1	A;B	1	0.996153846	259	2	1	1.5	X-RAY DIFFRACTION	1
G3S-eb73c8235716ab91	1AZM	Carbonic anhydrase 1	doi:10.1016/j.bmc.2013.01.008	29	18	5.33518427	1	A	1	1	260	1	1	2	X-RAY DIFFRACTION	2
G3S-ee6c97e67f1fb0d7	5OGJ	Carbonic anhydrase 13	doi:10.1021/acs.jmedchem.7b01408	15	9	3.35051536	1	A;B	1	0.996197719	262	3	1	1.06	X-RAY DIFFRACTION	1
G3S-ee6c97e67f1fb0d7	4KNN	Carbonic anhydrase 13	doi:10.1021/acs.jmedchem.7b01408	15	9	3.35051536	1	A;B	1	0.996197719	262	3	1	1.404	X-RAY DIFFRACTION	2
G3S-eea0596469e3b875	4WR7	Carbonic anhydrase 1	doi:10.1021/acs.jmedchem.5b01723	12	8	5.49664339	1	A;B	1	0.996153846	259	2	1	1.5	X-RAY DIFFRACTION	1
G3S-eea0596469e3b875	4WUQ	Carbonic anhydrase 1	doi:10.1021/acs.jmedchem.5b01723	12	8	5.49664339	1	A;B	1	0.996153846	259	2	1	1.75	X-RAY DIFFRACTION	2
G3S-f223745e3dee7f3b	6X83	Tumor necrosis factor	doi:10.1021/acs.jmedchem.0c01280	11	8	5.39794001	1	A;B;C;D;E;F	1	0.993670886	157	1	1	2.83	X-RAY DIFFRACTION	1
G3S-f223745e3dee7f3b	6X85	Tumor necrosis factor	doi:10.1021/acs.jmedchem.0c01280	11	8	5.39794001	1	A;B;C;D;E;F	1	0.993670886	157	1	1	2.85	X-RAY DIFFRACTION	2
G3S-f2318d3b76296c29	4I22	Epidermal growth factor receptor	doi:10.1038/nbt1068	9	8	3.66275783	1	A	0.990853659	0.996960486	328	1	1	1.71	X-RAY DIFFRACTION	1
G3S-f2318d3b76296c29	4WKQ	Epidermal growth factor receptor	doi:10.1038/nbt1068	9	8	3.66275783	1	A	1	0.990909091	327	2	1	1.85	X-RAY DIFFRACTION	2
G3S-f27bb6dc0560b24d	8GXP	Nuclear receptor ROR-gamma	pmid:37236000	20	12	1.72631961	1	A	1	0.903345725	243	1	0	2.45	X-RAY DIFFRACTION	1
G3S-f2ec313bd7b3ce78	7JVU	Histone deacetylase 8	doi:10.1016/j.bmc.2011.11.041	19	7	1.63202321	1	A;B	0.99734748	0.969151671	377	1	1	1.50047654	X-RAY DIFFRACTION	1
G3S-f2ec313bd7b3ce78	4QA0	Histone deacetylase 8	doi:10.1016/j.bmc.2011.11.041	19	7	1.63202321	1	A;B	0.99734748	0.969151671	377	2	1	2.242	X-RAY DIFFRACTION	2
G3S-f42b5d20c7dcac28	5ML3	Retinal rod rhodopsin-sensitive cGMP 3',5'-cyclic phosphodiesterase subunit delta	pmid:38758695	21	13	4.81412647	1	A	1	1	149	1	1	1.4	X-RAY DIFFRACTION	1
G3S-f4966ebce19de7c0	2IVU	Proto-oncogene tyrosine-protein kinase receptor Ret	doi:10.1038/nbt1358	16	16	2.88922606	1	A	1	0.984076433	309	1	1	2.5	X-RAY DIFFRACTION	1
G3S-f5c4fa2e79c47654	7X2F	D(1A) dopamine receptor	doi:10.1021/jm950447w	11	6	3.29320466	1	A	1	0.942917548	446	3	1	3	ELECTRON MICROSCOPY	1
G3S-f5c4fa2e79c47654	7CKZ	D(1A) dopamine receptor	doi:10.1021/jm950447w	11	6	3.29320466	5	E	1	1	446	3	1	3.1	ELECTRON MICROSCOPY	2
G3S-f9b101ab9b60896c	8BM2	Tyrosine-protein kinase JAK2	pmid:38843875	10	10	1.32509303	1	A;B	0.98989899	0.936908517	297	1	1	1.5	X-RAY DIFFRACTION	1
G3S-f9b101ab9b60896c	8BX6	Tyrosine-protein kinase JAK2	pmid:38843875	10	10	1.32509303	1	A	0.98989899	0.939873418	297	1	1	1.5	X-RAY DIFFRACTION	2
G3S-fb6b9c4b9d6641a2	5D3L	Bromodomain-containing protein 4	doi:10.1021/acs.jmedchem.5b01267	15	6	1.69897	1	A	0.992125984	1	127	1	1	1.5	X-RAY DIFFRACTION	1
G3S-fb6b9c4b9d6641a2	5D24	Bromodomain-containing protein 4	doi:10.1021/acs.jmedchem.5b01267	15	6	1.69897	1	A	1	0.992063492	125	1	1	1.65	X-RAY DIFFRACTION	2
G3S-fb6cb3a33814d85e	6RN8	Receptor-interacting serine/threonine-protein kinase 2	pmid:36058467	18	10	3.18708664	1	A;B	1	0.996784566	310	1	1	2.69	X-RAY DIFFRACTION	1
G3S-fb7593ab116f7278	5FBI	Complement factor D	doi:10.1021/acsmedchemlett.8b00104	12	11	1.66005194	1	A	1	0.982758621	228	2	1	1.47	X-RAY DIFFRACTION	1
G3S-fb7593ab116f7278	6FTZ	Complement factor D	doi:10.1021/acsmedchemlett.8b00104	12	11	1.66005194	1	A	1	0.982758621	228	1	1	1.67	X-RAY DIFFRACTION	2
G3S-fc7aac586c5b9c98	8B99	Tyrosine-protein kinase JAK2	doi:10.1021/acsmedchemlett.7b00154	8	8	2.7756726	1	A	0.989169675	0.958477509	277	2	1	1.6	X-RAY DIFFRACTION	1
G3S-fc7aac586c5b9c98	5UT6	Tyrosine-protein kinase JAK2	doi:10.1021/acsmedchemlett.7b00154	8	8	2.7756726	1	A	0.989169675	0.958477509	277	2	1	1.645	X-RAY DIFFRACTION	2
G3S-fc8dc45b48055767	5OWR	Serine/threonine-protein kinase 10	doi:10.1038/nbt1358	24	24	5.07525095	1	A	1	0.993377483	300	1	1	2.3	X-RAY DIFFRACTION	1
G3S-fd168e6ca4c62f5c	3H0A	Retinoic acid receptor RXR-alpha	doi:10.1021/acs.jmedchem.5b00829	9	7	2.30343607	1	A	1	1	228	2	1	2.1	X-RAY DIFFRACTION	1
G3S-fd168e6ca4c62f5c	4K6I	Retinoic acid receptor RXR-alpha	doi:10.1021/acs.jmedchem.5b00829	9	7	2.30343607	1	A	1	1	231	1	1	2.1	X-RAY DIFFRACTION	2
G3S-fe0860941e1bd481	5L8N	Gastrotropin	doi:10.1021/acs.jmedchem.6b00869	10	10	1.48811664	1	A;B;C	1	1	128	3	0	2.12	X-RAY DIFFRACTION	1
G3S-ff4e5bfc253b96ea	1F5F	Sex hormone-binding globulin	doi:10.1021/jm7011485	86	37	5.3399317	1	A	1	1	205	1	0	1.7	X-RAY DIFFRACTION	1
G3S-ff4e5bfc253b96ea	1KDK	Sex hormone-binding globulin	doi:10.1021/jm7011485	86	37	5.3399317	1	A	1	1	177	1	0	1.7	X-RAY DIFFRACTION	2
G3S-ff7784d287172c20	2WV2	Lanosterol 14-alpha-demethylase	doi:10.1016/j.chembiol.2007.10.011	17	16	1.75966784	1	A	1	0.968421053	460	1	1	2.7	X-RAY DIFFRACTION	1
G3S-fffc85fa1583cd07	4A6S	PA-I galactophilic lectin	pmid:26804741	18	12	3.0281942	1	A;B;C;D	1	1	121	1	1	2.15	X-RAY DIFFRACTION	1
G3S-fffc85fa1583cd07	9SQT	PA-I galactophilic lectin	pmid:26804741	18	12	3.0281942	1	A;B;C;D;E;F;G;H	1	1	121	1	0	1.49	NEUTRON DIFFRACTION;X-RAY DIFFRACTION	2
