observation_id	construct_group_id	union_component_id	bemis_murcko_scaffold	maximum_cross_construct_ecfp_tanimoto	maximum_cross_construct_full_sequence_identity	maximum_cross_construct_site_sequence_identity	incident_relation_types
RCSB-4UGY-EXI-KD	construct-001-c5158f5b655d	union-9ad224f6353e	c1ccc(CCc2cccnc2)nc1	0.25333333333333335	0.37264150943396224	0.5714285714285714	exact_construct;full_sequence;ligand_tanimoto;local_site_sequence;shared_measurement_publication;shared_structure_publication;validated_structural_similarity
RCSB-4UGR-6E5-KD	construct-001-c5158f5b655d	union-9ad224f6353e	N=C(Nc1cccc(COCC2CC(OCc3cccc(NC(=N)c4cccs4)c3)CN2)c1)c1cccs1	0.24050632911392406	0.37264150943396224	0.5714285714285714	exact_construct;full_sequence;ligand_tanimoto;local_site_sequence;shared_measurement_publication;shared_structure_publication;validated_structural_similarity
RCSB-4UGA-Q05-KD	construct-001-c5158f5b655d	union-9ad224f6353e	c1ccc(CCNCc2cccc(OCc3ccccn3)c2)cc1	0.2987012987012987	0.37264150943396224	0.5714285714285714	exact_construct;full_sequence;ligand_tanimoto;local_site_sequence;shared_measurement_publication;shared_structure_publication;validated_structural_similarity
RCSB-4UG5-XFK-KD	construct-001-c5158f5b655d	union-9ad224f6353e	c1ccc(CCc2cncc(CCc3ccncc3)c2)nc1	0.2878787878787879	0.37264150943396224	0.5714285714285714	exact_construct;full_sequence;ligand_tanimoto;local_site_sequence;shared_measurement_publication;shared_structure_publication;validated_structural_similarity
RCSB-4UG6-XFJ-KD	construct-001-c5158f5b655d	union-9ad224f6353e	c1ccc(CCc2cncc(CCc3ccccn3)c2)nc1	0.31666666666666665	0.37264150943396224	0.5714285714285714	exact_construct;full_sequence;ligand_tanimoto;local_site_sequence;shared_measurement_publication;shared_structure_publication;validated_structural_similarity
RCSB-4UG8-HW1-KD	construct-001-c5158f5b655d	union-9ad224f6353e	c1ccc(CCCCCOC2CNCC2Cc2ccccn2)nc1	0.8235294117647058	0.37264150943396224	0.5714285714285714	exact_construct;exact_scaffold;full_sequence;ligand_tanimoto;local_site_sequence;shared_measurement_publication;shared_structure_publication;validated_structural_similarity
RCSB-4UGS-H36-KD	construct-001-c5158f5b655d	union-9ad224f6353e	N=C(Nc1cccc(OCCOc2cccc(NC(=N)c3cccs3)c2)c1)c1cccs1	0.22058823529411764	0.37264150943396224	0.5714285714285714	exact_construct;full_sequence;ligand_tanimoto;local_site_sequence;shared_measurement_publication;shared_structure_publication;validated_structural_similarity
RCSB-4UGM-1QE-KD	construct-001-c5158f5b655d	union-9ad224f6353e	N=C(Nc1cccc(CCc2cccc(NC(=N)c3cccs3)c2)c1)c1cccs1	0.2647058823529412	0.37264150943396224	0.5714285714285714	exact_construct;full_sequence;ligand_tanimoto;local_site_sequence;shared_measurement_publication;shared_structure_publication;validated_structural_similarity
RCSB-4UGI-SKO-KD	construct-001-c5158f5b655d	union-9ad224f6353e	c1ccc(CCc2ccccn2)nc1	0.2777777777777778	0.37264150943396224	0.5714285714285714	exact_construct;full_sequence;ligand_tanimoto;local_site_sequence;shared_measurement_publication;shared_structure_publication;validated_structural_similarity
RCSB-4UG7-1EV-KD	construct-001-c5158f5b655d	union-9ad224f6353e	c1ccc(CCc2cccc(CCc3ccccn3)c2)nc1	0.296875	0.37264150943396224	0.5714285714285714	exact_construct;exact_scaffold;full_sequence;ligand_tanimoto;local_site_sequence;shared_measurement_publication;shared_structure_publication;validated_structural_similarity
RCSB-4UGH-4V4-KD	construct-001-c5158f5b655d	union-9ad224f6353e	c1ccc(CCc2ccccn2)cc1	0.2702702702702703	0.37264150943396224	0.5714285714285714	exact_construct;full_sequence;ligand_tanimoto;local_site_sequence;shared_measurement_publication;shared_structure_publication;validated_structural_similarity
RCSB-4UGL-S90-KD	construct-001-c5158f5b655d	union-9ad224f6353e	c1ccc(CCc2cccc(NC3CC3)c2)nc1	0.2692307692307692	0.37264150943396224	0.5714285714285714	exact_construct;full_sequence;ligand_tanimoto;local_site_sequence;shared_measurement_publication;shared_structure_publication;validated_structural_similarity
RCSB-4UGD-Q14-KD	construct-001-c5158f5b655d	union-9ad224f6353e	c1ccc(COCCCOCc2ccccn2)nc1	0.29850746268656714	0.37264150943396224	0.5714285714285714	exact_construct;full_sequence;ligand_tanimoto;local_site_sequence;shared_measurement_publication;shared_structure_publication;validated_structural_similarity
RCSB-4UGG-S5D-KD	construct-001-c5158f5b655d	union-9ad224f6353e	c1ccc(CCc2cccc(CCc3ccccn3)c2)nc1	0.2898550724637681	0.37264150943396224	0.5714285714285714	exact_construct;exact_scaffold;full_sequence;ligand_tanimoto;local_site_sequence;shared_measurement_publication;shared_structure_publication;validated_structural_similarity
RCSB-4UG9-1EW-KD	construct-001-c5158f5b655d	union-9ad224f6353e	c1ccc(CCc2cccc(CCc3ccccn3)c2)nc1	0.31343283582089554	0.37264150943396224	0.5714285714285714	exact_construct;exact_scaffold;full_sequence;ligand_tanimoto;local_site_sequence;shared_measurement_publication;shared_structure_publication;validated_structural_similarity
RCSB-4UGC-1Q6-KD	construct-001-c5158f5b655d	union-9ad224f6353e	c1ccc(COCCOCc2ccccn2)nc1	0.2878787878787879	0.37264150943396224	0.5714285714285714	exact_construct;full_sequence;ligand_tanimoto;local_site_sequence;shared_measurement_publication;shared_structure_publication;validated_structural_similarity
RCSB-4UGO-1QF-KD	construct-001-c5158f5b655d	union-9ad224f6353e	N=C(Nc1ccc(CCNCc2cccc(NC(=N)c3cccs3)c2)cc1)c1cccs1	0.26582278481012656	0.37264150943396224	0.5714285714285714	exact_construct;full_sequence;ligand_tanimoto;local_site_sequence;shared_measurement_publication;shared_structure_publication;validated_structural_similarity
RCSB-4UGB-QJ7-KD	construct-001-c5158f5b655d	union-9ad224f6353e	c1ccc(CCNCc2cncc(OCc3ccccn3)c2)cc1	0.2839506172839506	0.37264150943396224	0.5714285714285714	exact_construct;full_sequence;ligand_tanimoto;local_site_sequence;shared_measurement_publication;shared_structure_publication;validated_structural_similarity
RCSB-4UGN-H49-KD	construct-001-c5158f5b655d	union-9ad224f6353e	N=C(Nc1cccc(CNCC2CCCN2)c1)c1cccs1	0.25675675675675674	0.37264150943396224	0.5714285714285714	exact_construct;full_sequence;ligand_tanimoto;local_site_sequence;shared_measurement_publication;shared_structure_publication;validated_structural_similarity
RCSB-5MYG-LS8-KD	construct-002-cb5cf2af5e4a	union-9ad224f6353e	O=c1ccc2cc(NS(=O)(=O)c3ccccc3)ccc2[nH]1	0.23376623376623376	0.36585365853658536	0.5333333333333333	exact_construct;full_sequence;local_site_sequence;shared_measurement_publication;validated_structural_similarity
RCSB-5EWH-5SG-KD	construct-002-cb5cf2af5e4a	union-9ad224f6353e	c1ccc2cnccc2c1	0.5384615384615384	0.36585365853658536	0.5333333333333333	exact_construct;full_sequence;ligand_tanimoto;local_site_sequence;shared_measurement_publication;shared_structure_publication;validated_structural_similarity
RCSB-5C85-4YO-KD	construct-002-cb5cf2af5e4a	union-9ad224f6353e	O=C1CNc2ccccc2N1	0.24528301886792453	0.36585365853658536	0.5333333333333333	exact_construct;exact_scaffold;full_sequence;local_site_sequence;shared_measurement_publication;shared_structure_publication;validated_structural_similarity
RCSB-5O4S-9KW-KD	construct-002-cb5cf2af5e4a	union-9ad224f6353e	O=c1[nH]c2cc(NS(=O)(=O)c3ccc4c(c3)CCCC4)c(N3CCOCC3)cc2[nH]c1=O	0.24096385542168675	0.36585365853658536	0.5333333333333333	exact_construct;full_sequence;ligand_tanimoto;local_site_sequence;shared_measurement_publication;shared_structure_publication;validated_structural_similarity
RCSB-5EPR-5QY-KD	construct-002-cb5cf2af5e4a	union-9ad224f6353e	O=C1CNc2ccccc2N1	0.22727272727272727	0.36585365853658536	0.5333333333333333	exact_construct;exact_scaffold;full_sequence;local_site_sequence;shared_measurement_publication;shared_structure_publication;validated_structural_similarity
RCSB-5OV8-AXN-KD	construct-002-cb5cf2af5e4a	union-9ad224f6353e	O=c1[nH]c2cc(NS(=O)(=O)c3ccccc3)c(N3CCCC3)cc2[nH]c1=O	0.2549019607843137	0.36585365853658536	0.5333333333333333	exact_construct;full_sequence;ligand_tanimoto;local_site_sequence;shared_measurement_publication;shared_structure_publication;validated_structural_similarity
RCSB-5O55-9L5-KD	construct-002-cb5cf2af5e4a	union-9ad224f6353e	O=C(NCc1cn[nH]c1)c1ccc2[nH]c(=O)cnc2c1	0.24285714285714285	0.36585365853658536	0.5333333333333333	exact_construct;full_sequence;local_site_sequence;shared_measurement_publication;shared_structure_publication;validated_structural_similarity
RCSB-5D7X-XZ8-KD	construct-002-cb5cf2af5e4a	union-9ad224f6353e	O=c1[nH][nH]cc1-c1c[nH]c2ccccc12	0.4	0.36585365853658536	0.5333333333333333	exact_construct;full_sequence;ligand_tanimoto;local_site_sequence;shared_measurement_publication;shared_structure_publication;validated_structural_similarity
RCSB-5O5A-9LN-KD	construct-002-cb5cf2af5e4a	union-9ad224f6353e	O=C(NCc1cnn(-c2ccccc2)c1)c1ccc2[nH]c(=O)c(=O)[nH]c2c1	0.2716049382716049	0.36585365853658536	0.5333333333333333	exact_construct;full_sequence;local_site_sequence;shared_measurement_publication;shared_structure_publication;validated_structural_similarity
RCSB-5EPS-5QX-KD	construct-002-cb5cf2af5e4a	union-9ad224f6353e	O=C1CNc2ccccc2N1	0.25	0.36585365853658536	0.5333333333333333	exact_construct;exact_scaffold;full_sequence;local_site_sequence;shared_measurement_publication;shared_structure_publication;validated_structural_similarity
RCSB-4O76-1M3-KD	construct-003-fbf3f5c695a3	union-9ad224f6353e	c1ccc(Nc2ccnc(Nc3ccc(N4CCNCC4)cc3)n2)cc1	0.4367816091954023	0.6692913385826772	0.6190476190476191	exact_construct;full_sequence;ligand_tanimoto;local_site_sequence;shared_measurement_publication;shared_structure_publication;validated_structural_similarity
RCSB-7MRA-ZMJ-KD	construct-003-fbf3f5c695a3	union-9ad224f6353e	O=c1[nH]cc(-c2ccccc2)c2ccccc12	0.4727272727272727	0.6692913385826772	0.6190476190476191	exact_construct;full_sequence;ligand_tanimoto;local_site_sequence;shared_measurement_publication;shared_structure_publication;validated_structural_similarity
RCSB-5D26-L28-KD	construct-003-fbf3f5c695a3	union-9ad224f6353e	O=C(Nc1ccccc1)c1ccc[nH]1	0.22058823529411764	0.6692913385826772	0.6190476190476191	exact_construct;exact_scaffold;full_sequence;ligand_tanimoto;local_site_sequence;shared_measurement_publication;shared_structure_publication;validated_structural_similarity
RCSB-5EGU-5NQ-KD	construct-003-fbf3f5c695a3	union-9ad224f6353e	O=c1[nH]c(=O)c2[nH]c(CSc3nc4ncccn4n3)nc2[nH]1	0.18085106382978725	0.6692913385826772	0.6190476190476191	exact_construct;full_sequence;local_site_sequence;shared_measurement_publication;shared_structure_publication;validated_structural_similarity
RCSB-6TPZ-NV2-KD	construct-003-fbf3f5c695a3	union-9ad224f6353e	O=c1ccc(-c2nc3cc(N4CCOCC4)ccc3[nH]2)c[nH]1	0.30303030303030304	0.6692913385826772	0.6190476190476191	exact_construct;full_sequence;local_site_sequence;validated_structural_similarity
RCSB-6FO5-DZH-KD	construct-003-fbf3f5c695a3	union-9ad224f6353e	O=C1CCCc2cc(S(=O)(=O)NCc3ccc(Cn4c(=O)[nH]c(=O)c5[nH]cnc54)cc3)ccc2N1	0.23655913978494625	0.6692913385826772	0.6190476190476191	exact_construct;full_sequence;ligand_tanimoto;local_site_sequence;validated_structural_similarity
RCSB-7AXR-S7T-KD	construct-003-fbf3f5c695a3	union-9ad224f6353e	O=C(Nc1ccccc1)c1ccc[nH]1	0.30985915492957744	0.6692913385826772	0.6190476190476191	exact_construct;exact_scaffold;full_sequence;ligand_tanimoto;local_site_sequence;validated_structural_similarity
RCSB-6FSY-E5Q-KD	construct-003-fbf3f5c695a3	union-9ad224f6353e	c1cncc(Cc2cccc(-c3cnoc3)c2)c1	0.2	0.6692913385826772	0.6190476190476191	exact_construct;full_sequence;local_site_sequence;validated_structural_similarity
RCSB-4PS5-2TA-KD	construct-003-fbf3f5c695a3	union-9ad224f6353e	c1ccc(Nc2ccnc(Nc3ccc(OCCN4CCCC4)cc3)n2)cc1	0.3	0.6692913385826772	0.6190476190476191	exact_construct;full_sequence;ligand_tanimoto;local_site_sequence;shared_measurement_publication;shared_structure_publication;validated_structural_similarity
RCSB-7MR9-ZMM-KD	construct-003-fbf3f5c695a3	union-9ad224f6353e	O=C1CCCN1c1cccc(-c2c[nH]c(=O)c3ccccc23)c1	1.0	0.6692913385826772	0.6190476190476191	exact_construct;exact_scaffold;full_sequence;ligand_tanimoto;local_site_sequence;shared_measurement_publication;shared_structure_publication;validated_structural_similarity
RCSB-5D3L-57F-KD	construct-003-fbf3f5c695a3	union-9ad224f6353e	O=C(Nc1ccccc1)c1ccc[nH]1	0.18840579710144928	0.6692913385826772	0.6190476190476191	exact_construct;exact_scaffold;full_sequence;ligand_tanimoto;local_site_sequence;shared_measurement_publication;shared_structure_publication;validated_structural_similarity
RCSB-6Q3Z-HG8-KD	construct-003-fbf3f5c695a3	union-9ad224f6353e	O=C1CN(Cc2cccs2)c2nc(Nc3ccc(C4CCNCC4)cc3)ncc2N1	0.20588235294117646	0.6692913385826772	0.6190476190476191	exact_construct;full_sequence;ligand_tanimoto;local_site_sequence;shared_measurement_publication;shared_structure_publication;validated_structural_similarity
RCSB-5EIS-5OU-KD	construct-003-fbf3f5c695a3	union-9ad224f6353e	O=c1[nH]c(=O)n(Cc2ccccc2)c2nc[nH]c12	0.24242424242424243	0.6692913385826772	0.6190476190476191	exact_construct;full_sequence;ligand_tanimoto;local_site_sequence;shared_measurement_publication;shared_structure_publication;validated_structural_similarity
RCSB-5D3T-56Y-KD	construct-003-fbf3f5c695a3	union-9ad224f6353e	O=C(NCc1ccccc1)c1ccc[nH]1	0.27419354838709675	0.6692913385826772	0.6190476190476191	exact_construct;full_sequence;ligand_tanimoto;local_site_sequence;shared_measurement_publication;shared_structure_publication;validated_structural_similarity
RCSB-6Q3Y-HG5-KD	construct-003-fbf3f5c695a3	union-9ad224f6353e	O=C1CN(Cc2ccccc2)c2nc(Nc3ccc(C4CCNCC4)cc3)ncc2N1	0.25	0.6692913385826772	0.6190476190476191	exact_construct;full_sequence;ligand_tanimoto;local_site_sequence;shared_measurement_publication;shared_structure_publication;validated_structural_similarity
RCSB-5O1E-9GT-KD	construct-004-a02c0b37ee39	union-ab22dcc808e7	c1ccc(-n2cccc2)cc1	0.21153846153846154	0.24050632911392406	0.27586206896551724	exact_construct;exact_scaffold;full_sequence;ligand_tanimoto;local_site_sequence;shared_measurement_publication;shared_structure_publication
RCSB-5O1G-9GK-KD	construct-004-a02c0b37ee39	union-ab22dcc808e7	c1ccc(CCOc2ccccc2-n2cccc2)cc1	0.25862068965517243	0.24050632911392406	0.27586206896551724	exact_construct;full_sequence;ligand_tanimoto;local_site_sequence;shared_measurement_publication;shared_structure_publication
RCSB-4AGQ-P96-KD	construct-004-a02c0b37ee39	union-ab22dcc808e7	C(#Cc1cccc(CN2CCCCC2)c1)CNc1ccccc1	0.21686746987951808	0.24050632911392406	0.27586206896551724	exact_construct;full_sequence;local_site_sequence;shared_measurement_publication
RCSB-5AOJ-Y0V-KD	construct-004-a02c0b37ee39	union-ab22dcc808e7	c1ccc(-n2cccc2)cc1	0.2682926829268293	0.24050632911392406	0.27586206896551724	exact_construct;exact_scaffold;full_sequence;ligand_tanimoto;local_site_sequence;shared_measurement_publication
RCSB-5O1D-9GW-KD	construct-004-a02c0b37ee39	union-ab22dcc808e7	c1ccc(-n2cccc2)cc1	0.24358974358974358	0.24050632911392406	0.27586206896551724	exact_construct;exact_scaffold;full_sequence;ligand_tanimoto;local_site_sequence;shared_measurement_publication;shared_structure_publication
RCSB-5O1C-9GZ-KD	construct-004-a02c0b37ee39	union-ab22dcc808e7	c1ccc(-c2ccccc2-n2cccc2)cc1	0.24489795918367346	0.24050632911392406	0.27586206896551724	exact_construct;full_sequence;ligand_tanimoto;local_site_sequence;shared_measurement_publication;shared_structure_publication
RCSB-5O1I-9GH-KD	construct-004-a02c0b37ee39	union-ab22dcc808e7	c1cc(-n2cccc2)c2scnc2c1	0.2028985507246377	0.24050632911392406	0.27586206896551724	exact_construct;full_sequence;ligand_tanimoto;local_site_sequence;shared_measurement_publication;shared_structure_publication
RCSB-5O1H-9GN-KD	construct-004-a02c0b37ee39	union-ab22dcc808e7	c1ccc(-n2cccc2)cc1	0.24	0.24050632911392406	0.27586206896551724	exact_construct;exact_scaffold;full_sequence;ligand_tanimoto;local_site_sequence;shared_measurement_publication;shared_structure_publication
RCSB-5O1B-9H2-KD	construct-004-a02c0b37ee39	union-ab22dcc808e7	c1ccc(-n2cccc2)cc1	0.2	0.24050632911392406	0.27586206896551724	exact_construct;exact_scaffold;full_sequence;ligand_tanimoto;local_site_sequence;shared_measurement_publication;shared_structure_publication
RCSB-6RQB-Q47-KD	construct-005-6f4aa0a92e90	union-9ad224f6353e	O=C1NC(Cc2ccccc2)C(=O)NC1Cc1ccccc1	0.2682926829268293	0.25327510917030566	0.28	exact_construct;exact_scaffold;full_sequence;ligand_tanimoto;local_site_sequence;shared_measurement_publication;shared_structure_publication;validated_structural_similarity
RCSB-6RQ6-R2H-KD	construct-005-6f4aa0a92e90	union-9ad224f6353e	O=C1NC(Cc2ccccc2)C(=O)NC1Cc1ccccc1	0.2826086956521739	0.25327510917030566	0.28	exact_construct;exact_scaffold;full_sequence;ligand_tanimoto;local_site_sequence;shared_measurement_publication;shared_structure_publication;validated_structural_similarity
RCSB-6RQ0-KE2-KD	construct-005-6f4aa0a92e90	union-9ad224f6353e	O=C1NC(Cc2ccccc2)C(=O)NC1Cc1ccccc1	0.2826086956521739	0.25327510917030566	0.28	exact_construct;exact_scaffold;full_sequence;ligand_tanimoto;local_site_sequence;shared_measurement_publication;shared_structure_publication;validated_structural_similarity
RCSB-6RQ9-KEQ-KD	construct-005-6f4aa0a92e90	union-9ad224f6353e	O=C1NC(Cc2ccccc2)C(=O)NC1Cc1ccccc1	0.2807017543859649	0.25327510917030566	0.28	exact_construct;exact_scaffold;full_sequence;ligand_tanimoto;local_site_sequence;shared_measurement_publication;shared_structure_publication;validated_structural_similarity
RCSB-6RQD-KEW-KD	construct-005-6f4aa0a92e90	union-9ad224f6353e	O=C1NC(Cc2ccccc2)C(=O)NC1Cc1ccccc1	0.2682926829268293	0.25327510917030566	0.28	exact_construct;exact_scaffold;full_sequence;ligand_tanimoto;local_site_sequence;shared_measurement_publication;shared_structure_publication;validated_structural_similarity
RCSB-6RQ1-KE5-KD	construct-005-6f4aa0a92e90	union-9ad224f6353e	O=C1NC(Cc2ccccc2)C(=O)NC1Cc1ccccc1	0.26506024096385544	0.25327510917030566	0.28	exact_construct;exact_scaffold;full_sequence;ligand_tanimoto;local_site_sequence;shared_measurement_publication;shared_structure_publication;validated_structural_similarity
RCSB-6RQ8-KEH-KD	construct-005-6f4aa0a92e90	union-9ad224f6353e	O=C1NC(Cc2ccccc2)C(=O)NC1Cc1ccccc1	0.2553191489361702	0.25327510917030566	0.28	exact_construct;exact_scaffold;full_sequence;ligand_tanimoto;local_site_sequence;shared_measurement_publication;shared_structure_publication;validated_structural_similarity
RCSB-6RQ5-KEB-KD	construct-005-6f4aa0a92e90	union-9ad224f6353e	O=C1NC(Cc2ccccc2)C(=O)NC1Cc1ccccc1	0.25609756097560976	0.25327510917030566	0.28	exact_construct;exact_scaffold;full_sequence;ligand_tanimoto;local_site_sequence;shared_measurement_publication;shared_structure_publication;validated_structural_similarity
RCSB-6UIK-Q8M-KD	construct-006-4c5802bc11cc	union-9ad224f6353e	O=S(=O)(Nc1cn(C2CCCC2)cn1)c1ccccc1	0.273972602739726	0.977491961414791	0.9047619047619048	exact_construct;exact_scaffold;full_sequence;ligand_tanimoto;local_site_sequence;shared_measurement_publication;shared_structure_publication;validated_structural_similarity
RCSB-6U8O-Q1G-KD	construct-006-4c5802bc11cc	union-9ad224f6353e	O=S(=O)(Nc1cccc(C2CCC2)c1)c1ccccc1	0.3188405797101449	0.977491961414791	0.9047619047619048	exact_construct;full_sequence;ligand_tanimoto;local_site_sequence;shared_measurement_publication;shared_structure_publication;validated_structural_similarity
RCSB-6UIF-Q8P-KD	construct-006-4c5802bc11cc	union-9ad224f6353e	O=S(=O)(Nc1cn(C2CCCC2)cn1)c1ccccc1	0.28205128205128205	0.977491961414791	0.9047619047619048	exact_construct;exact_scaffold;full_sequence;ligand_tanimoto;local_site_sequence;shared_measurement_publication;shared_structure_publication;validated_structural_similarity
RCSB-6UJ4-Q8S-KD	construct-006-4c5802bc11cc	union-9ad224f6353e	O=S(=O)(Nc1cn(C2CCCC2)cn1)c1ccccc1	0.28378378378378377	0.977491961414791	0.9047619047619048	exact_construct;exact_scaffold;full_sequence;ligand_tanimoto;local_site_sequence;shared_measurement_publication;shared_structure_publication;validated_structural_similarity
RCSB-6UOZ-QF1-KD	construct-006-4c5802bc11cc	union-9ad224f6353e	O=S(=O)(Nc1cn(C2CCCC2)cn1)c1ccccc1	0.27631578947368424	0.977491961414791	0.9047619047619048	exact_construct;exact_scaffold;full_sequence;ligand_tanimoto;local_site_sequence;shared_measurement_publication;shared_structure_publication;validated_structural_similarity
RCSB-6U5M-Q0S-KD	construct-006-4c5802bc11cc	union-9ad224f6353e	O=S(=O)(Nc1ccccc1)c1ccccc1	0.3088235294117647	0.977491961414791	0.9047619047619048	exact_construct;exact_scaffold;full_sequence;ligand_tanimoto;local_site_sequence;shared_measurement_publication;shared_structure_publication;validated_structural_similarity
RCSB-6U8L-Q1P-KD	construct-006-4c5802bc11cc	union-9ad224f6353e	O=S(=O)(Nc1cccc(C2CC2)c1)c1ccccc1	0.4153846153846154	0.977491961414791	0.9047619047619048	exact_construct;full_sequence;ligand_tanimoto;local_site_sequence;shared_measurement_publication;shared_structure_publication;validated_structural_similarity
RCSB-5U4D-XLO-KD	construct-007-c863deb44383	union-9ad224f6353e	C(=Cc1ccccc1)c1ccccc1	0.3333333333333333	0.9921875	0.8571428571428571	exact_construct;exact_scaffold;full_sequence;ligand_tanimoto;local_site_sequence;shared_measurement_publication;shared_structure_publication;validated_structural_similarity
RCSB-5U4F-IWW-KD	construct-007-c863deb44383	union-9ad224f6353e	C(=Cc1ccccc1)c1ccccc1	0.25	0.9921875	0.8571428571428571	exact_construct;exact_scaffold;full_sequence;ligand_tanimoto;local_site_sequence;shared_measurement_publication;shared_structure_publication;validated_structural_similarity
RCSB-5U49-S2L-KD	construct-007-c863deb44383	union-9ad224f6353e	C(=Cc1ccccc1)c1ccccc1	0.34375	0.9921875	0.8571428571428571	exact_construct;exact_scaffold;full_sequence;ligand_tanimoto;local_site_sequence;shared_measurement_publication;shared_structure_publication;validated_structural_similarity
RCSB-5U4E-XLB-KD	construct-007-c863deb44383	union-9ad224f6353e	C(=Cc1ccccc1)c1ccccc1	0.22807017543859648	0.9921875	0.8571428571428571	exact_construct;exact_scaffold;full_sequence;ligand_tanimoto;local_site_sequence;shared_measurement_publication;shared_structure_publication;validated_structural_similarity
RCSB-5U48-S4B-KD	construct-007-c863deb44383	union-9ad224f6353e	C(=Cc1ccccc1)c1ccccc1	0.20588235294117646	0.9921875	0.8571428571428571	exact_construct;exact_scaffold;full_sequence;ligand_tanimoto;local_site_sequence;shared_measurement_publication;shared_structure_publication;validated_structural_similarity
RCSB-5U4A-7VG-KD	construct-007-c863deb44383	union-9ad224f6353e	C(=Cc1ccccc1)c1ccccc1	0.2631578947368421	0.9921875	0.8571428571428571	exact_construct;exact_scaffold;full_sequence;ligand_tanimoto;local_site_sequence;shared_measurement_publication;shared_structure_publication;validated_structural_similarity
RCSB-5U4C-XBS-KD	construct-007-c863deb44383	union-9ad224f6353e	C(=Cc1ccccc1)c1ccccc1	0.26	0.9921875	0.8571428571428571	exact_construct;exact_scaffold;full_sequence;ligand_tanimoto;local_site_sequence;shared_measurement_publication;shared_structure_publication;validated_structural_similarity
RCSB-3SHY-5FO-KD	construct-008-60863bf56b3f	union-9ad224f6353e	O=c1ccnc(-c2cccc(S(=O)(=O)N3CCNCC3)c2)[nH]1	0.23255813953488372	0.271505376344086	0.2857142857142857	exact_construct;exact_scaffold;full_sequence;ligand_tanimoto;local_site_sequence;shared_measurement_publication;shared_structure_publication;validated_structural_similarity
RCSB-4OEX-5EO-KD	construct-008-60863bf56b3f	union-9ad224f6353e	O=c1ccnc(-c2cccc(S(=O)(=O)N3CCNCC3)c2)[nH]1	0.21176470588235294	0.271505376344086	0.2857142857142857	exact_construct;exact_scaffold;full_sequence;ligand_tanimoto;local_site_sequence;shared_measurement_publication;shared_structure_publication;validated_structural_similarity
RCSB-4G2W-NI0-KD	construct-008-60863bf56b3f	union-9ad224f6353e	O=c1ccnc(-c2cccc(S(=O)(=O)N3CCNCC3)c2)[nH]1	0.2079207920792079	0.271505376344086	0.2857142857142857	exact_construct;exact_scaffold;full_sequence;ligand_tanimoto;local_site_sequence;shared_measurement_publication;validated_structural_similarity
RCSB-4OEW-5IO-KD	construct-008-60863bf56b3f	union-9ad224f6353e	O=c1ccnc(-c2cccc(S(=O)(=O)N3CCNCC3)c2)[nH]1	0.24358974358974358	0.271505376344086	0.2857142857142857	exact_construct;exact_scaffold;full_sequence;ligand_tanimoto;local_site_sequence;shared_measurement_publication;shared_structure_publication;validated_structural_similarity
RCSB-6IWI-B0C-KD	construct-008-60863bf56b3f	union-9ad224f6353e	O=C(CN1CCNCC1)Nc1cccc(-c2nccc(=O)[nH]2)c1	0.25842696629213485	0.271505376344086	0.2857142857142857	exact_construct;full_sequence;ligand_tanimoto;local_site_sequence;shared_measurement_publication;validated_structural_similarity
RCSB-3SHZ-5CO-KD	construct-008-60863bf56b3f	union-9ad224f6353e	O=c1ccnc(-c2cccc(S(=O)(=O)N3CCNCC3)c2)[nH]1	0.21782178217821782	0.271505376344086	0.2857142857142857	exact_construct;exact_scaffold;full_sequence;ligand_tanimoto;local_site_sequence;shared_measurement_publication;shared_structure_publication;validated_structural_similarity
RCSB-6I0Z-GZQ-KD	construct-009-2b786a6db716	union-9ad224f6353e	c1ccccc1	0.2647058823529412	0.23277467411545624	0.34615384615384615	exact_construct;exact_scaffold;full_sequence;local_site_sequence;shared_measurement_publication;shared_structure_publication
RCSB-6I13-H0Q-KD	construct-009-2b786a6db716	union-9ad224f6353e	O=C(Nc1cn[nH]c1)c1cn(Cc2ccccc2)c(=O)c2ccccc12	0.2916666666666667	0.23277467411545624	0.34615384615384615	exact_construct;exact_scaffold;full_sequence;ligand_tanimoto;local_site_sequence;shared_measurement_publication;shared_structure_publication
RCSB-6I11-H0H-KD	construct-009-2b786a6db716	union-9ad224f6353e	O=C(Nc1cn[nH]c1)c1cn(Cc2ccccc2)c(=O)c2ccccc12	0.3050847457627119	0.23277467411545624	0.34615384615384615	exact_construct;exact_scaffold;full_sequence;ligand_tanimoto;local_site_sequence;shared_measurement_publication;shared_structure_publication
RCSB-6I14-GZN-KD	construct-009-2b786a6db716	union-9ad224f6353e	O=C(Nc1cn[nH]c1)c1cn(Cc2ccccc2)c(=O)c2ccccc12	0.273972602739726	0.23277467411545624	0.34615384615384615	exact_construct;exact_scaffold;full_sequence;ligand_tanimoto;local_site_sequence;shared_measurement_publication;shared_structure_publication
RCSB-4B33-1NP-KD	construct-010-2fedea507c74	union-9ad224f6353e	c1ccc2ccccc2c1	0.5384615384615384	0.24686192468619247	0.35294117647058826	exact_construct;exact_scaffold;full_sequence;ligand_tanimoto;local_site_sequence;shared_measurement_publication;shared_structure_publication
RCSB-4B32-03V-KD	construct-010-2fedea507c74	union-9ad224f6353e	c1ccc2ccccc2c1	0.36	0.24686192468619247	0.35294117647058826	exact_construct;exact_scaffold;full_sequence;ligand_tanimoto;local_site_sequence;shared_measurement_publication;shared_structure_publication
RCSB-4B3D-5MI-KD	construct-010-2fedea507c74	union-9ad224f6353e	c1ccc2[nH]ccc2c1	0.46153846153846156	0.24686192468619247	0.35294117647058826	exact_construct;exact_scaffold;full_sequence;ligand_tanimoto;local_site_sequence;shared_measurement_publication;shared_structure_publication
RCSB-4B2L-TR7-KD	construct-010-2fedea507c74	union-9ad224f6353e	c1ccc2[nH]ccc2c1	0.36486486486486486	0.24686192468619247	0.35294117647058826	exact_construct;exact_scaffold;full_sequence;ligand_tanimoto;local_site_sequence;shared_measurement_publication;shared_structure_publication
RCSB-4B34-ABV-KD	construct-010-2fedea507c74	union-9ad224f6353e	c1ccc2scnc2c1	0.35714285714285715	0.24686192468619247	0.35294117647058826	exact_construct;exact_scaffold;full_sequence;ligand_tanimoto;local_site_sequence;shared_measurement_publication;shared_structure_publication
RCSB-6QLO-J5E-KD	construct-011-4f6fb808c4a8	union-9ad224f6353e	c1ccc(SC2CC(n3cc(-c4ccccc4)nn3)CCO2)cc1	0.3424657534246575	0.23809523809523808	0.2608695652173913	exact_construct;exact_scaffold;full_sequence;ligand_tanimoto;local_site_sequence;shared_measurement_publication;shared_structure_publication
RCSB-6QLT-J5W-KD	construct-011-4f6fb808c4a8	union-9ad224f6353e	c1ccc(SC2CC(n3cc(-c4ccccc4)nn3)CCO2)cc1	0.3472222222222222	0.23809523809523808	0.2608695652173913	exact_construct;exact_scaffold;full_sequence;ligand_tanimoto;local_site_sequence;shared_measurement_publication;shared_structure_publication
RCSB-6QLQ-J4E-KD	construct-011-4f6fb808c4a8	union-9ad224f6353e	c1ccc(SC2CC(n3cc(-c4ccccc4)nn3)CCO2)cc1	0.35714285714285715	0.23809523809523808	0.2608695652173913	exact_construct;exact_scaffold;full_sequence;ligand_tanimoto;local_site_sequence;shared_measurement_publication;shared_structure_publication
RCSB-6QLN-J5Q-KD	construct-011-4f6fb808c4a8	union-9ad224f6353e	c1ccc(SC2CC(n3cc(-c4ccccc4)nn3)CCO2)cc1	0.3424657534246575	0.23809523809523808	0.2608695652173913	exact_construct;exact_scaffold;full_sequence;ligand_tanimoto;local_site_sequence;shared_measurement_publication;shared_structure_publication
RCSB-6QLU-J62-KD	construct-011-4f6fb808c4a8	union-9ad224f6353e	c1ccc(SC2CC(n3cc(-c4ccccc4)nn3)CCO2)cc1	0.33783783783783783	0.23809523809523808	0.2608695652173913	exact_construct;exact_scaffold;full_sequence;ligand_tanimoto;local_site_sequence;shared_measurement_publication;shared_structure_publication
RCSB-4TZ8-39U-KD	construct-012-90b947063061	union-9ad224f6353e	O=C1NCCCc2ncsc21	0.20454545454545456	0.3076923076923077	0.5333333333333333	exact_construct;full_sequence;local_site_sequence;validated_structural_similarity
RCSB-6HIE-G7Q-KD	construct-012-90b947063061	union-9ad224f6353e	O=C(Nc1nccs1)C1CNCCN1CCC1CCCCC1	0.2558139534883721	0.3076923076923077	0.5333333333333333	exact_construct;full_sequence;local_site_sequence;validated_structural_similarity
RCSB-5A5Q-6XC-KD	construct-012-90b947063061	union-9ad224f6353e	O=c1ccc2ccnc(NC3CCNCC3)c2[nH]1	0.27941176470588236	0.3076923076923077	0.5333333333333333	exact_construct;full_sequence;local_site_sequence;validated_structural_similarity
RCSB-6S57-KVT-KD	construct-012-90b947063061	union-9ad224f6353e	O=C(CN1C(=O)CNC1=O)Nc1cccc(S(=O)(=O)N2CCCCCC2)c1	0.25842696629213485	0.3076923076923077	0.5333333333333333	exact_construct;full_sequence;local_site_sequence;validated_structural_similarity
RCSB-8WGS-WGH-KD	construct-013-989a0da4f5c7	union-9ad224f6353e	O=C(c1ccccc1)c1coc2ccccc12	0.23636363636363636	0.7987421383647799	0.8571428571428571	exact_construct;exact_scaffold;full_sequence;ligand_tanimoto;local_site_sequence;shared_measurement_publication;shared_structure_publication;validated_structural_similarity
RCSB-8II2-R75-KD	construct-013-989a0da4f5c7	union-9ad224f6353e	O=C(c1ccccc1)c1coc2ccccc12	0.22807017543859648	0.7987421383647799	0.8571428571428571	exact_construct;exact_scaffold;full_sequence;ligand_tanimoto;local_site_sequence;shared_measurement_publication;shared_structure_publication;validated_structural_similarity
RCSB-8II3-PKK-KD	construct-013-989a0da4f5c7	union-9ad224f6353e	O=C(c1ccccc1)c1coc2ccccc12	0.23214285714285715	0.7987421383647799	0.8571428571428571	exact_construct;exact_scaffold;full_sequence;ligand_tanimoto;local_site_sequence;shared_measurement_publication;shared_structure_publication;validated_structural_similarity
RCSB-8WGT-WGJ-KD	construct-013-989a0da4f5c7	union-9ad224f6353e	O=C(c1ccccc1)c1coc2ccccc12	0.22807017543859648	0.7987421383647799	0.8571428571428571	exact_construct;exact_scaffold;full_sequence;ligand_tanimoto;local_site_sequence;shared_measurement_publication;shared_structure_publication;validated_structural_similarity
RCSB-8II4-PKQ-KD	construct-013-989a0da4f5c7	union-9ad224f6353e	O=C(c1ccccc1)c1coc2ccccc12	0.22807017543859648	0.7987421383647799	0.8571428571428571	exact_construct;exact_scaffold;full_sequence;ligand_tanimoto;local_site_sequence;shared_measurement_publication;shared_structure_publication;validated_structural_similarity
RCSB-6FTZ-E7E-KD	construct-014-d42e073edd05	union-863b44428cc1	O=C(Nc1ccccc1)c1cccc2[nH]ccc12	0.30985915492957744	0.3371647509578544	0.36	exact_construct;full_sequence;local_site_sequence;shared_measurement_publication;shared_structure_publication;validated_structural_similarity
RCSB-6FUH-E88-KD	construct-014-d42e073edd05	union-863b44428cc1	c1ccc(Nc2ncnc3ccccc23)cc1	0.3013698630136986	0.3371647509578544	0.36	exact_construct;full_sequence;ligand_tanimoto;local_site_sequence;shared_measurement_publication;shared_structure_publication;validated_structural_similarity
RCSB-6FUG-E85-KD	construct-014-d42e073edd05	union-863b44428cc1	c1ccc(Nc2ncnc3[nH]nc(Nc4ccccc4)c23)cc1	0.2608695652173913	0.3371647509578544	0.36	exact_construct;full_sequence;local_site_sequence;shared_measurement_publication;shared_structure_publication;validated_structural_similarity
RCSB-5MT4-M7O-KD	construct-014-d42e073edd05	union-863b44428cc1	O=C(NCc1ccccc1)Nc1ccccc1	0.32727272727272727	0.3371647509578544	0.36	exact_construct;full_sequence;local_site_sequence;validated_structural_similarity
RCSB-6FUI-E7W-KD	construct-014-d42e073edd05	union-863b44428cc1	c1ccc(Nc2nc(NC3CCCCC3)nc3ccccc23)cc1	0.2692307692307692	0.3371647509578544	0.36	exact_construct;full_sequence;ligand_tanimoto;local_site_sequence;shared_measurement_publication;shared_structure_publication;validated_structural_similarity
RCSB-5LLE-V51-KD	construct-015-e6a24c903c1e	union-9ad224f6353e	c1ccc(NC23CC4CC(CC(C4)C2)C3)cc1	0.4375	0.9811320754716981	0.7391304347826086	exact_construct;full_sequence;ligand_tanimoto;local_site_sequence;shared_measurement_publication;shared_structure_publication;validated_structural_similarity
RCSB-6GOT-F6W-KD	construct-015-e6a24c903c1e	union-9ad224f6353e	c1ccc(CCSc2ccccc2)cc1	0.3939393939393939	0.9811320754716981	0.7391304347826086	exact_construct;full_sequence;ligand_tanimoto;local_site_sequence;shared_measurement_publication;validated_structural_similarity
RCSB-5LLG-VD9-KD	construct-015-e6a24c903c1e	union-9ad224f6353e	c1ccccc1	0.43333333333333335	0.9811320754716981	0.7391304347826086	exact_construct;exact_scaffold;full_sequence;ligand_tanimoto;local_site_sequence;shared_measurement_publication;shared_structure_publication;validated_structural_similarity
RCSB-4QSB-EWY-KD	construct-015-e6a24c903c1e	union-9ad224f6353e	O=C(CSc1nccc(=O)[nH]1)c1ccccc1	0.36363636363636365	0.9811320754716981	0.7391304347826086	exact_construct;full_sequence;ligand_tanimoto;local_site_sequence;validated_structural_similarity
RCSB-5NLK-92E-KD	construct-016-fad0d613c720	union-9ad224f6353e	O=C(Nc1ccccc1)c1cccc(NC(=O)c2ccco2)c1	0.27941176470588236	0.3208955223880597	0.47619047619047616	exact_construct;full_sequence;ligand_tanimoto;local_site_sequence;shared_measurement_publication;validated_structural_similarity
RCSB-5MPZ-4I8-KD	construct-016-fad0d613c720	union-9ad224f6353e	O=c1[nH]c2ccccc2o1	0.2978723404255319	0.3208955223880597	0.47619047619047616	exact_construct;full_sequence;local_site_sequence;shared_measurement_publication;shared_structure_publication;validated_structural_similarity
RCSB-5H85-5XS-KD	construct-016-fad0d613c720	union-9ad224f6353e	O=C(Nc1ncnc2nc[nH]c12)c1ccccc1	0.3181818181818182	0.3208955223880597	0.47619047619047616	exact_construct;full_sequence;local_site_sequence;shared_measurement_publication;shared_structure_publication;validated_structural_similarity
RCSB-5MQE-PKU-KD	construct-016-fad0d613c720	union-9ad224f6353e	c1cc[nH]c1	0.3170731707317073	0.3208955223880597	0.47619047619047616	exact_construct;exact_scaffold;full_sequence;local_site_sequence;shared_measurement_publication;shared_structure_publication;validated_structural_similarity
RCSB-5MME-8Q6-KD	construct-016-fad0d613c720	union-9ad224f6353e	c1ccc(Nc2ccccc2)cc1	0.2830188679245283	0.3208955223880597	0.47619047619047616	exact_construct;exact_scaffold;full_sequence;ligand_tanimoto;local_site_sequence;shared_measurement_publication;shared_structure_publication;validated_structural_similarity
RCSB-7AVT-S3T-KD	construct-017-11db684aee95	union-13362b01fedf	c1ccc(CNc2ncnc3ccccc23)cc1	0.4852941176470588	0.9938775510204082	0.75	exact_construct;exact_scaffold;full_sequence;ligand_tanimoto;local_site_sequence;shared_measurement_publication;shared_structure_publication;validated_structural_similarity
RCSB-7AVS-S3Q-KD	construct-017-11db684aee95	union-13362b01fedf	c1ccc(CNc2ncnc3ccccc23)cc1	0.4647887323943662	0.9938775510204082	0.75	exact_construct;exact_scaffold;full_sequence;ligand_tanimoto;local_site_sequence;shared_measurement_publication;shared_structure_publication;validated_structural_similarity
RCSB-7AVU-S3Z-KD	construct-017-11db684aee95	union-13362b01fedf	c1ccc(CNc2ncnc3ccccc23)cc1	0.4189189189189189	0.9938775510204082	0.75	exact_construct;exact_scaffold;full_sequence;ligand_tanimoto;local_site_sequence;shared_measurement_publication;shared_structure_publication;validated_structural_similarity
RCSB-7AVV-S2W-KD	construct-017-11db684aee95	union-13362b01fedf	c1ccc(CNc2ncnc3ccccc23)cc1	0.3076923076923077	0.9938775510204082	0.75	exact_construct;exact_scaffold;full_sequence;ligand_tanimoto;local_site_sequence;shared_measurement_publication;shared_structure_publication;validated_structural_similarity
RCSB-6PDH-OAV-KD	construct-018-17684ef8ed95	union-02cdef6a2cc8	O=C(Cc1ccc(Oc2ccccc2)cc1)NCCn1cccn1	0.21505376344086022	0.23770491803278687	0.2692307692307692	exact_construct;full_sequence;ligand_tanimoto;local_site_sequence;shared_measurement_publication;shared_structure_publication
RCSB-6WHD-KFS-KD	construct-018-17684ef8ed95	union-02cdef6a2cc8	c1ccc(Oc2ccccc2)cc1	0.25	0.23770491803278687	0.2692307692307692	exact_construct;full_sequence;ligand_tanimoto;local_site_sequence;shared_measurement_publication;shared_structure_publication
RCSB-6PG1-O7P-KD	construct-018-17684ef8ed95	union-02cdef6a2cc8	O=C1CN(C(=O)Cc2ccc(Oc3ccccc3)cc2)CCN1	0.2159090909090909	0.23770491803278687	0.2692307692307692	exact_construct;full_sequence;ligand_tanimoto;local_site_sequence;shared_measurement_publication;shared_structure_publication
RCSB-6PLI-ONY-KD	construct-018-17684ef8ed95	union-02cdef6a2cc8	O=C(Cc1ccc(Oc2ccccc2)cc1)NCCc1ncon1	0.2073170731707317	0.23770491803278687	0.2692307692307692	exact_construct;full_sequence;ligand_tanimoto;local_site_sequence;shared_measurement_publication;shared_structure_publication
RCSB-5BOJ-4TX-KD	construct-019-1be38543a2db	union-9ad224f6353e	c1ccccc1	0.3023255813953488	0.9921875	0.8571428571428571	exact_construct;exact_scaffold;full_sequence;local_site_sequence;shared_measurement_publication;validated_structural_similarity
RCSB-4WO0-AGI-KD	construct-019-1be38543a2db	union-9ad224f6353e	O=c1cc(-c2ccccc2)oc2ccccc12	0.24489795918367346	0.9921875	0.8571428571428571	exact_construct;exact_scaffold;full_sequence;ligand_tanimoto;local_site_sequence;shared_measurement_publication;validated_structural_similarity
RCSB-4QXV-LU2-KD	construct-019-1be38543a2db	union-9ad224f6353e	O=c1cc(-c2ccccc2)oc2ccccc12	0.21153846153846154	0.9921875	0.8571428571428571	exact_construct;exact_scaffold;full_sequence;ligand_tanimoto;local_site_sequence;shared_measurement_publication;validated_structural_similarity
RCSB-3RJW-CIQ-KD	construct-020-2acb35da5928	union-42c7c765b1fb	c1cc2c(NC3CCNCC3)nc(C3CCCCC3)nc2cc1OCCCN1CCCC1	0.4533333333333333	0.7243816254416962	0.8	exact_construct;full_sequence;ligand_tanimoto;local_site_sequence;validated_structural_similarity
RCSB-5TTF-7KZ-KD	construct-020-2acb35da5928	union-42c7c765b1fb	c1ccc2c(NC3CCNCC3)ncnc2c1	0.6229508196721312	0.7243816254416962	0.8	exact_construct;exact_scaffold;full_sequence;ligand_tanimoto;local_site_sequence;validated_structural_similarity
RCSB-7T7L-G4R-KD	construct-020-2acb35da5928	union-42c7c765b1fb	c1nc(NC2CCNCC2)c2ccc(OCCCN3CCCC3)cc2n1	0.4024390243902439	0.7243816254416962	0.8	exact_construct;full_sequence;ligand_tanimoto;local_site_sequence;validated_structural_similarity
RCSB-7X73-J26-KD	construct-020-2acb35da5928	union-42c7c765b1fb	O=C(NC(CCC1CC1)C(=O)Nc1ccccc1)c1cc2c([nH]1)CCCC2=O	0.2054794520547945	0.7243816254416962	0.8	exact_construct;full_sequence;local_site_sequence;validated_structural_similarity
RCSB-4K9X-8AW-KD	construct-022-46b8fca0fc9d	union-9ad224f6353e	O=C(NC(CCCCc1ccccc1)Cc1ccccc1)OCc1cncs1	0.2545454545454545	0.24329501915708812	0.3	exact_construct;full_sequence;ligand_tanimoto;local_site_sequence;shared_measurement_publication;shared_structure_publication;validated_structural_similarity
RCSB-4K9V-6AW-KD	construct-022-46b8fca0fc9d	union-9ad224f6353e	O=C(CNC(=O)NCc1cscn1)NCCCCNC(=O)OCc1cncs1	0.17582417582417584	0.24329501915708812	0.3	exact_construct;full_sequence;ligand_tanimoto;local_site_sequence;shared_measurement_publication;shared_structure_publication;validated_structural_similarity
RCSB-4D7D-PKT-KD	construct-022-46b8fca0fc9d	union-9ad224f6353e	O=C(CCSCCCc1c[nH]c2ccccc12)NCc1cccnc1	0.36486486486486486	0.24329501915708812	0.3	exact_construct;full_sequence;ligand_tanimoto;local_site_sequence;shared_measurement_publication;shared_structure_publication;validated_structural_similarity
RCSB-4D78-J9K-KD	construct-022-46b8fca0fc9d	union-9ad224f6353e	O=C(CCSCCCc1ccccc1)NCc1cccnc1	0.2894736842105263	0.24329501915708812	0.3	exact_construct;full_sequence;ligand_tanimoto;local_site_sequence;shared_measurement_publication;shared_structure_publication;validated_structural_similarity
RCSB-188L-OXE-KD	construct-023-68918bffe9f0	union-9ad224f6353e	c1ccccc1	0.22727272727272727	0.9817073170731707	0.9375	exact_construct;exact_scaffold;full_sequence;local_site_sequence;shared_measurement_publication;shared_structure_publication;validated_structural_similarity
RCSB-183L-DEN-KD	construct-023-68918bffe9f0	union-9ad224f6353e	C1=Cc2ccccc2C1	0.2	0.9817073170731707	0.9375	exact_construct;full_sequence;local_site_sequence;shared_measurement_publication;shared_structure_publication;validated_structural_similarity
RCSB-185L-IND-KD	construct-023-68918bffe9f0	union-9ad224f6353e	c1ccc2[nH]ccc2c1	0.46153846153846156	0.9817073170731707	0.9375	exact_construct;exact_scaffold;full_sequence;ligand_tanimoto;local_site_sequence;shared_measurement_publication;shared_structure_publication;validated_structural_similarity
RCSB-184L-I4B-KD	construct-023-68918bffe9f0	union-9ad224f6353e	c1ccccc1	0.2549019607843137	0.9817073170731707	0.9375	exact_construct;exact_scaffold;full_sequence;local_site_sequence;shared_measurement_publication;shared_structure_publication;validated_structural_similarity
RCSB-5J1R-6FG-KD	construct-025-8861b7ad0d67	union-6f910a6bd525	O=C(CCc1ccoc1)N1CCCC1	0.22950819672131148	0.2696629213483146	0.32	
RCSB-4MP7-PFT-KD	construct-026-997c3e281e6e	union-9ad224f6353e	O=C(c1ccccc1)N1Cc2ccccc2C1	0.3055555555555556	0.24329501915708812	0.36666666666666664	exact_construct;exact_scaffold;full_sequence;ligand_tanimoto;local_site_sequence;shared_measurement_publication;shared_structure_publication;validated_structural_similarity
RCSB-4MPE-PV8-KD	construct-026-997c3e281e6e	union-9ad224f6353e	O=S(=O)(c1ccccc1)N1Cc2ccccc2C1	0.24	0.24329501915708812	0.36666666666666664	exact_construct;full_sequence;ligand_tanimoto;local_site_sequence;shared_measurement_publication;shared_structure_publication;validated_structural_similarity
RCSB-4MP2-PV1-KD	construct-026-997c3e281e6e	union-9ad224f6353e	O=C(c1ccccc1)N1Cc2ccccc2C1	0.25	0.24329501915708812	0.36666666666666664	exact_construct;exact_scaffold;full_sequence;ligand_tanimoto;local_site_sequence;shared_measurement_publication;shared_structure_publication;validated_structural_similarity
RCSB-5J71-P35-KD	construct-026-997c3e281e6e	union-9ad224f6353e	O=S(=O)(c1ccccc1)N1Cc2ccc(NC3CCNCC3)cc2C1	0.27941176470588236	0.24329501915708812	0.36666666666666664	exact_construct;full_sequence;ligand_tanimoto;local_site_sequence;validated_structural_similarity
RCSB-5E73-UO1-KD	construct-027-baf0440a45db	union-9ad224f6353e	c1ccc(Nc2c[nH]c3ccccc23)cc1	0.4	0.5517241379310345	0.6470588235294118	exact_construct;full_sequence;ligand_tanimoto;local_site_sequence;shared_measurement_publication;shared_structure_publication;validated_structural_similarity
RCSB-5MGE-7MX-KD	construct-027-baf0440a45db	union-9ad224f6353e	O=c1cccc[nH]1	0.28	0.5517241379310345	0.6470588235294118	exact_construct;full_sequence;local_site_sequence;shared_measurement_publication;shared_structure_publication;validated_structural_similarity
RCSB-5MGF-7MW-KD	construct-027-baf0440a45db	union-9ad224f6353e	c1cc[nH]c1	1.0	0.5517241379310345	0.6470588235294118	exact_construct;exact_scaffold;full_sequence;ligand_tanimoto;local_site_sequence;shared_measurement_publication;shared_structure_publication;validated_structural_similarity
RCSB-5X4O-YAM-KD	construct-028-c2d68d73bda9	union-9ad224f6353e	O=C1Cc2cc(Nc3nccc(NCc4cccnc4)n3)ccc2N1	0.27	0.8581560283687943	0.3076923076923077	exact_construct;full_sequence;ligand_tanimoto;local_site_sequence;shared_measurement_publication;shared_structure_publication;validated_structural_similarity
RCSB-5X9O-80R-KD	construct-028-c2d68d73bda9	union-9ad224f6353e	O=c1[nH]c2ccc(Nc3ccccc3)cc2[nH]1	0.23943661971830985	0.8581560283687943	0.3076923076923077	exact_construct;full_sequence;local_site_sequence;validated_structural_similarity
RCSB-5X4P-7ZO-KD	construct-028-c2d68d73bda9	union-9ad224f6353e	O=C1Cc2cc(Nc3ccncn3)ccc2N1	0.25	0.8581560283687943	0.3076923076923077	exact_construct;full_sequence;ligand_tanimoto;local_site_sequence;shared_measurement_publication;shared_structure_publication;validated_structural_similarity
RCSB-5X4N-7ZL-KD	construct-028-c2d68d73bda9	union-9ad224f6353e	c1ccc(Nc2ccncn2)cc1	0.2857142857142857	0.8581560283687943	0.3076923076923077	exact_construct;full_sequence;local_site_sequence;shared_measurement_publication;shared_structure_publication;validated_structural_similarity
RCSB-5MGK-7MW-KD	construct-029-13705e998f4e	union-9ad224f6353e	c1cc[nH]c1	1.0	0.5517241379310345	0.6470588235294118	exact_scaffold;full_sequence;ligand_tanimoto;local_site_sequence;shared_measurement_publication;shared_structure_publication;validated_structural_similarity
RCSB-4AJK-88S-KD	construct-030-2c56ee04d79a	union-9ad224f6353e	c1ccc2scnc2c1	0.2786885245901639	0.2430167597765363	0.37037037037037035	exact_construct;exact_scaffold;full_sequence;ligand_tanimoto;local_site_sequence;shared_measurement_publication;shared_structure_publication;validated_structural_similarity
RCSB-4AL4-W7E-KD	construct-030-2c56ee04d79a	union-9ad224f6353e	O=C(CCNC(=O)NCCOc1ccccc1)Nc1ccc2ncsc2c1	0.25333333333333335	0.2430167597765363	0.37037037037037035	exact_construct;full_sequence;ligand_tanimoto;local_site_sequence;shared_measurement_publication;shared_structure_publication;validated_structural_similarity
RCSB-4AJN-88V-KD	construct-030-2c56ee04d79a	union-9ad224f6353e	O=C(CCNC(=O)NCCc1ccccc1)Nc1ccc2ncsc2c1	0.2714285714285714	0.2430167597765363	0.37037037037037035	exact_construct;full_sequence;ligand_tanimoto;local_site_sequence;shared_measurement_publication;shared_structure_publication;validated_structural_similarity
RCSB-3B25-B2K-KD	construct-031-37b3e0822467	union-9ad224f6353e	O=S(=O)(c1ccccc1)c1ccncn1	0.2702702702702703	0.9196787148594378	0.5517241379310345	exact_construct;full_sequence;local_site_sequence;shared_measurement_publication;shared_structure_publication;validated_structural_similarity
RCSB-3B27-B2T-KD	construct-031-37b3e0822467	union-9ad224f6353e	c1ccc(-c2ncncn2)cc1	0.2765957446808511	0.9196787148594378	0.5517241379310345	exact_construct;full_sequence;local_site_sequence;shared_measurement_publication;shared_structure_publication;validated_structural_similarity
RCSB-3B24-B2J-KD	construct-031-37b3e0822467	union-9ad224f6353e	c1ncncn1	0.18181818181818182	0.9196787148594378	0.5517241379310345	exact_construct;full_sequence;local_site_sequence;shared_measurement_publication;shared_structure_publication;validated_structural_similarity
RCSB-6T0M-GOZ-KD	construct-033-4212e6c5e472	union-863b44428cc1	O=C(NCc1ccncc1)C1CCCN1C(=O)CCc1ccccc1	0.2702702702702703	0.3371647509578544	0.36	exact_construct;exact_scaffold;full_sequence;ligand_tanimoto;local_site_sequence;shared_measurement_publication;shared_structure_publication;validated_structural_similarity
RCSB-6T0P-M6Q-KD	construct-033-4212e6c5e472	union-863b44428cc1	O=C(NCc1ccncc1)C1CCCN1C(=O)CCc1ccccc1	0.2564102564102564	0.3371647509578544	0.36	exact_construct;exact_scaffold;full_sequence;ligand_tanimoto;local_site_sequence;shared_measurement_publication;shared_structure_publication;validated_structural_similarity
RCSB-6T5W-J5K-KD	construct-033-4212e6c5e472	union-863b44428cc1	O=C(NCc1cccnc1)C1CCCN1C(=O)CCc1ccccc1	0.2597402597402597	0.3371647509578544	0.36	exact_construct;full_sequence;ligand_tanimoto;local_site_sequence;shared_measurement_publication;shared_structure_publication;validated_structural_similarity
RCSB-3UNZ-0BZ-KD	construct-034-4b9e20d92aa0	union-9ad224f6353e	c1ccc(Nc2ccnc(Nc3ccccc3)n2)cc1	0.2459016393442623	0.31528662420382164	0.38461538461538464	exact_construct;exact_scaffold;full_sequence;ligand_tanimoto;local_site_sequence;shared_measurement_publication;shared_structure_publication;validated_structural_similarity
RCSB-3UOD-0C3-KD	construct-034-4b9e20d92aa0	union-9ad224f6353e	c1ccc(Nc2ccnc(Nc3ccccc3)n2)cc1	0.25555555555555554	0.31528662420382164	0.38461538461538464	exact_construct;exact_scaffold;full_sequence;ligand_tanimoto;local_site_sequence;shared_measurement_publication;shared_structure_publication;validated_structural_similarity
RCSB-3UO5-0BX-KD	construct-034-4b9e20d92aa0	union-9ad224f6353e	c1ccc(Nc2ccnc(Nc3ccccc3)n2)cc1	0.2857142857142857	0.31528662420382164	0.38461538461538464	exact_construct;exact_scaffold;full_sequence;ligand_tanimoto;local_site_sequence;shared_measurement_publication;shared_structure_publication;validated_structural_similarity
RCSB-7CAJ-FNC-KD	construct-035-4f0c729feeb4	union-af34b2069870	O=c1[nH]c(NC2CNCC(c3ccccc3)C2)nc2cc[nH]c12	0.25757575757575757	0.27235772357723576	0.2916666666666667	exact_construct;exact_scaffold;full_sequence;ligand_tanimoto;local_site_sequence;shared_measurement_publication;shared_structure_publication
RCSB-7C9N-FN9-KD	construct-035-4f0c729feeb4	union-af34b2069870	O=c1[nH]c(NC2CNCC(c3ccccc3)C2)nc2cc[nH]c12	0.2903225806451613	0.27235772357723576	0.2916666666666667	exact_construct;exact_scaffold;full_sequence;ligand_tanimoto;local_site_sequence;shared_measurement_publication;shared_structure_publication
RCSB-7CJT-G09-KD	construct-035-4f0c729feeb4	union-af34b2069870	O=c1[nH]c(NC2CNCC(c3ccc(OCc4ccccc4)cc3)C2)nc2cc[nH]c12	0.24770642201834864	0.27235772357723576	0.2916666666666667	exact_construct;full_sequence;ligand_tanimoto;local_site_sequence;shared_measurement_publication;shared_structure_publication
RCSB-6BGV-DQG-KD	construct-037-682d0d6b3d7a	union-60607bf31a0c	c1ccc(C(OCCN2CCCCC2)c2cc3ncccc3[nH]2)cc1	0.21978021978021978	0.23770491803278687	0.2727272727272727	exact_construct;exact_scaffold;full_sequence;ligand_tanimoto;local_site_sequence;shared_measurement_publication;shared_structure_publication
RCSB-6BH2-90V-KD	construct-037-682d0d6b3d7a	union-60607bf31a0c	O=C(NC1CCN(C(=O)c2ccn[nH]2)C1)C1CC1	0.25	0.23770491803278687	0.2727272727272727	exact_construct;full_sequence;local_site_sequence;shared_measurement_publication;shared_structure_publication
RCSB-6BH0-DO1-KD	construct-037-682d0d6b3d7a	union-60607bf31a0c	c1ccc(C(OCCN2CCCCC2)c2cc3ncccc3[nH]2)cc1	0.21978021978021978	0.23770491803278687	0.2727272727272727	exact_construct;exact_scaffold;full_sequence;ligand_tanimoto;local_site_sequence;shared_measurement_publication;shared_structure_publication
RCSB-5F2P-5TY-KD	construct-039-90fec4b83698	union-9ad224f6353e	O=c1[nH]ccc2ncncc12	0.2903225806451613	0.36585365853658536	0.5294117647058824	exact_construct;full_sequence;local_site_sequence;shared_measurement_publication;shared_structure_publication;validated_structural_similarity
RCSB-5F25-5TU-KD	construct-039-90fec4b83698	union-9ad224f6353e	O=c1ccc(-c2ccccc2)c[nH]1	0.30303030303030304	0.36585365853658536	0.5294117647058824	exact_construct;full_sequence;local_site_sequence;shared_measurement_publication;shared_structure_publication;validated_structural_similarity
RCSB-4Z6I-4L3-KD	construct-039-90fec4b83698	union-9ad224f6353e	O=C1CCCC(c2ccccc2)N1c1ccc2ccc(=O)[nH]c2c1	0.2077922077922078	0.36585365853658536	0.5294117647058824	exact_construct;full_sequence;local_site_sequence;shared_measurement_publication;validated_structural_similarity
RCSB-7Z62-IEC-KD	construct-040-ac2363267f3b	union-9ad224f6353e	C=C(c1ccccc1)c1ccc(SC2CCCCO2)cc1	0.35714285714285715	0.25	0.29411764705882354	exact_construct;full_sequence;ligand_tanimoto;local_site_sequence;shared_measurement_publication;shared_structure_publication;validated_structural_similarity
RCSB-4LK7-GAL-KD	construct-040-ac2363267f3b	union-9ad224f6353e	C1CCOCC1	0.3023255813953488	0.25	0.29411764705882354	exact_construct;full_sequence;local_site_sequence;shared_measurement_publication;validated_structural_similarity
RCSB-7Z63-IE3-KD	construct-040-ac2363267f3b	union-9ad224f6353e	O=C(c1ccccc1)c1cccc(SC2CCCCO2)c1	0.2698412698412698	0.25	0.29411764705882354	exact_construct;full_sequence;ligand_tanimoto;local_site_sequence;shared_measurement_publication;shared_structure_publication;validated_structural_similarity
RCSB-3C49-KU8-KD	construct-041-af8addec2ede	union-9ad224f6353e	O=C(c1cccc(Cc2n[nH]c(=O)c3ccccc23)c1)N1CCCNCC1	0.225	0.2379746835443038	0.47619047619047616	exact_construct;full_sequence;local_site_sequence;shared_measurement_publication;shared_structure_publication;validated_structural_similarity
RCSB-3CE0-P34-KD	construct-041-af8addec2ede	union-9ad224f6353e	O=c1[nH]c2ccccc2c2ccccc12	0.27692307692307694	0.2379746835443038	0.47619047619047616	exact_construct;full_sequence;local_site_sequence;shared_measurement_publication;shared_structure_publication;validated_structural_similarity
RCSB-8G44-ZU9-KD	construct-042-b818769d59cf	union-4c805334d5db	O=C(Cn1cnc2ccccc2c1=O)NCc1ccccc1	0.39622641509433965	0.2677165354330709	0.35714285714285715	exact_construct;full_sequence;ligand_tanimoto;local_site_sequence;shared_measurement_publication;shared_structure_publication;validated_structural_similarity
RCSB-8G43-ZU6-KD	construct-042-b818769d59cf	union-4c805334d5db	O=c1[nH]cnc2ccccc12	0.4117647058823529	0.2677165354330709	0.35714285714285715	exact_construct;exact_scaffold;full_sequence;ligand_tanimoto;local_site_sequence;shared_measurement_publication;shared_structure_publication;validated_structural_similarity
RCSB-6CED-EYA-KD	construct-042-b818769d59cf	union-4c805334d5db	O=c1[nH]cnc2ccccc12	0.4444444444444444	0.2677165354330709	0.35714285714285715	exact_construct;exact_scaffold;full_sequence;ligand_tanimoto;local_site_sequence;validated_structural_similarity
RCSB-7MS5-ZOG-KD	construct-043-bfab01cca0a7	union-4c805334d5db	O=S(=O)(c1ccccc1)N1CCC(c2ccccc2)CC1	0.2235294117647059	0.2677165354330709	0.3125	exact_construct;exact_scaffold;full_sequence;ligand_tanimoto;local_site_sequence;shared_measurement_publication;shared_structure_publication;validated_structural_similarity
RCSB-7MS6-ZPV-KD	construct-043-bfab01cca0a7	union-4c805334d5db	O=S(=O)(c1ccccc1)N1CCC(c2ccccc2)CC1	0.24050632911392406	0.2677165354330709	0.3125	exact_construct;exact_scaffold;full_sequence;ligand_tanimoto;local_site_sequence;shared_measurement_publication;shared_structure_publication;validated_structural_similarity
RCSB-6NFT-KKG-KD	construct-043-bfab01cca0a7	union-4c805334d5db	O=c1[nH]cnc2ccccc12	0.4444444444444444	0.2677165354330709	0.3125	exact_construct;exact_scaffold;full_sequence;ligand_tanimoto;local_site_sequence;validated_structural_similarity
RCSB-8AE7-LVU-KD	construct-046-e314686107a8	union-9ad224f6353e	c1ccc2[nH]ncc2c1	0.16981132075471697	0.972972972972973	0.5	exact_construct;exact_scaffold;full_sequence;ligand_tanimoto;local_site_sequence;shared_measurement_publication;shared_structure_publication;validated_structural_similarity
RCSB-5CSP-54G-KD	construct-046-e314686107a8	union-9ad224f6353e	c1ccccc1	1.0	0.972972972972973	0.5	exact_construct;exact_scaffold;full_sequence;ligand_tanimoto;local_site_sequence;shared_measurement_publication;validated_structural_similarity
RCSB-8AEC-LW3-KD	construct-046-e314686107a8	union-9ad224f6353e	c1ccc2[nH]ncc2c1	0.15789473684210525	0.972972972972973	0.5	exact_construct;exact_scaffold;full_sequence;ligand_tanimoto;local_site_sequence;shared_measurement_publication;shared_structure_publication;validated_structural_similarity
RCSB-5CU2-54G-KD	construct-047-02852c250924	union-9ad224f6353e	c1ccccc1	1.0	0.9232954545454546	0.32142857142857145	exact_scaffold;full_sequence;ligand_tanimoto;shared_measurement_publication;validated_structural_similarity
RCSB-7A6W-R3E-KD	construct-049-226bc9b1a66a	union-0d3067ade0f6	O=C1OC(CCc2ccccc2)c2cccc(c2)OCC=CCOCCOc2ccc(cc2)C(C2CCCCC2)C(=O)N2CCCCC12	0.22115384615384615	0.24285714285714285	0.3076923076923077	exact_construct;full_sequence;ligand_tanimoto;local_site_sequence;shared_measurement_publication;shared_structure_publication
RCSB-7A6X-R3B-KD	construct-049-226bc9b1a66a	union-0d3067ade0f6	O=C1OC(CCc2ccccc2)c2cccc(c2)OCCCOc2ccc(cc2)C(C2CCCCC2)C(=O)N2CCCCC12	0.23711340206185566	0.24285714285714285	0.3076923076923077	exact_construct;full_sequence;ligand_tanimoto;local_site_sequence;shared_measurement_publication;shared_structure_publication
RCSB-5VD0-8X7-KD	construct-050-27409f179f54	union-9ad224f6353e	O=c1[nH]n(-c2ccccn2)c2nc(Nc3ccc(N4CCNCC4)cc3)ncc12	0.4367816091954023	0.2865013774104683	0.4230769230769231	exact_construct;full_sequence;ligand_tanimoto;local_site_sequence;shared_measurement_publication;shared_structure_publication;validated_structural_similarity
RCSB-5VD3-H8H-KD	construct-050-27409f179f54	union-9ad224f6353e	c1cc(Nc2ncnc3cc(OCCN4CCNCC4)cc(OC4CCOCC4)c23)c2c(c1)OCO2	0.24489795918367346	0.2865013774104683	0.4230769230769231	exact_construct;full_sequence;local_site_sequence;shared_measurement_publication;shared_structure_publication;validated_structural_similarity
RCSB-6T1J-M7T-KD	construct-051-31c871f0f628	union-9ad224f6353e	O=C(NCc1ccc(CN2CCCC2)cc1)N1CCN(C(=O)c2cccs2)CC1	0.32	0.23809523809523808	0.30434782608695654	exact_construct;full_sequence;ligand_tanimoto;local_site_sequence;shared_measurement_publication;shared_structure_publication;validated_structural_similarity
RCSB-6T1L-M7N-KD	construct-051-31c871f0f628	union-9ad224f6353e	O=C(NCc1ccccc1)N1CCN(c2ncccn2)CC1	0.2597402597402597	0.23809523809523808	0.30434782608695654	exact_construct;full_sequence;ligand_tanimoto;local_site_sequence;shared_measurement_publication;shared_structure_publication;validated_structural_similarity
RCSB-4F7V-J1D-KD	construct-053-41d32cbef056	union-9ad224f6353e	O=C(CNC(=O)C1=Nc2c(nc[nH]c2=O)NC1)NCCS(=O)(=O)CC1CCC(n2cnc3cncnc32)O1	0.40229885057471265	0.9753086419753086	0.5135135135135135	full_sequence;ligand_tanimoto;local_site_sequence;validated_structural_similarity
RCSB-6HQY-GKW-KD	construct-054-50c213a0f7bf	union-4c805334d5db	c1ccc(Cn2ccc3ccccc32)cc1	1.0	0.9977628635346756	0.68	exact_construct;exact_scaffold;full_sequence;ligand_tanimoto;local_site_sequence;shared_measurement_publication;shared_structure_publication;validated_structural_similarity
RCSB-6HRQ-GM5-KD	construct-054-50c213a0f7bf	union-4c805334d5db	c1ccc(SCn2cc(-c3ccccc3)nn2)cc1	0.2692307692307692	0.9977628635346756	0.68	exact_construct;full_sequence;local_site_sequence;shared_measurement_publication;shared_structure_publication;validated_structural_similarity
RCSB-4LVB-20N-KD	construct-055-55e07f4ed0ce	union-ac38a95655be	O=C(Nc1ccccc1)C1CC1	0.26153846153846155	0.23817567567567569	0.35294117647058826	exact_construct;full_sequence;local_site_sequence;shared_measurement_publication;shared_structure_publication
RCSB-4LV9-20J-KD	construct-055-55e07f4ed0ce	union-ac38a95655be	O=S1(=O)NC=Nc2ccccc21	0.24444444444444444	0.23817567567567569	0.35294117647058826	exact_construct;full_sequence;local_site_sequence;shared_measurement_publication;shared_structure_publication
RCSB-5IA5-GV0-KD	construct-056-5e2cf644e754	union-9ad224f6353e	O=C(Nc1cc(Oc2ccc(NC(=O)C3(C(=O)Nc4ccccc4)CC3)cc2)ccn1)N1CCC(N2CCNCC2)CC1	0.21495327102803738	0.3622291021671827	0.37037037037037035	exact_construct;full_sequence;ligand_tanimoto;local_site_sequence;shared_measurement_publication;shared_structure_publication;validated_structural_similarity
RCSB-5IA4-88Z-KD	construct-056-5e2cf644e754	union-9ad224f6353e	O=C(Nc1ccccc1)C1(C(=O)Nc2ccc(Oc3ccnc4cc(OCCCN5CCOCC5)ccc34)cc2)CC1	0.3238095238095238	0.3622291021671827	0.37037037037037035	exact_construct;full_sequence;ligand_tanimoto;local_site_sequence;shared_measurement_publication;shared_structure_publication;validated_structural_similarity
RCSB-5LVN-ADN-KD	construct-057-64fd661d958f	union-9ad224f6353e	c1ncc2ncn(C3CCCO3)c2n1	0.40229885057471265	0.31528662420382164	0.35	exact_construct;full_sequence;ligand_tanimoto;local_site_sequence;validated_structural_similarity
RCSB-4RQK-R1S-KD	construct-057-64fd661d958f	union-9ad224f6353e	O=S(=O)(Nc1nc2ccccc2s1)c1csc2ccccc12	0.2903225806451613	0.31528662420382164	0.35	exact_construct;full_sequence;local_site_sequence;validated_structural_similarity
RCSB-6EQ2-BU8-KD	construct-058-7dd2d4fe658a	union-2c3dbff37a32	c1cnc2nc[nH]c2c1	0.2545454545454545	0.23921568627450981	0.3157894736842105	exact_construct;full_sequence;local_site_sequence;shared_measurement_publication;shared_structure_publication
RCSB-6EQ6-EV2-KD	construct-058-7dd2d4fe658a	union-2c3dbff37a32	c1ccc2nc(N3CCCC3)cnc2c1	0.3055555555555556	0.23921568627450981	0.3157894736842105	exact_construct;full_sequence;local_site_sequence;shared_measurement_publication;shared_structure_publication
RCSB-5H8E-5Y3-KD	construct-061-920a294dd28c	union-9ad224f6353e	c1ccc(Nc2cc(NC3CC3)n3nccc3n2)cc1	0.22972972972972974	0.972972972972973	0.5	exact_construct;exact_scaffold;full_sequence;ligand_tanimoto;local_site_sequence;shared_measurement_publication;shared_structure_publication;validated_structural_similarity
RCSB-5H8B-5Y2-KD	construct-061-920a294dd28c	union-9ad224f6353e	c1ccc(Nc2cc(NC3CC3)n3nccc3n2)cc1	0.26153846153846155	0.972972972972973	0.5	exact_construct;exact_scaffold;full_sequence;ligand_tanimoto;local_site_sequence;shared_measurement_publication;shared_structure_publication;validated_structural_similarity
RCSB-6RL9-SAN-KD	construct-062-9efbec4633b7	union-9ad224f6353e	c1ccccc1	0.43333333333333335	0.9811320754716981	0.7391304347826086	exact_construct;exact_scaffold;full_sequence;ligand_tanimoto;local_site_sequence;shared_structure_publication;validated_structural_similarity
RCSB-6SD7-L7T-KD	construct-062-9efbec4633b7	union-9ad224f6353e	c1ccccc1	0.5185185185185185	0.9811320754716981	0.7391304347826086	exact_construct;exact_scaffold;full_sequence;ligand_tanimoto;local_site_sequence;shared_measurement_publication;shared_structure_publication;validated_structural_similarity
RCSB-3B9L-AZZ-KD	construct-063-a35bb68136a5	union-9ad224f6353e	O=c1ccn(C2CCCO2)c(=O)[nH]1	0.19767441860465115	0.23717948717948717	0.32	exact_construct;full_sequence;local_site_sequence
RCSB-4Z69-DIF-KD	construct-063-a35bb68136a5	union-9ad224f6353e	c1ccc(Nc2ccccc2)cc1	0.2708333333333333	0.23717948717948717	0.32	exact_construct;exact_scaffold;full_sequence;local_site_sequence
RCSB-3BUH-AED-KD	construct-064-ad692e3f3920	union-9ad224f6353e	c1ccc(C2CCCCC2)cc1	0.2549019607843137	0.9830097087378641	0.6363636363636364	exact_construct;full_sequence;ligand_tanimoto;local_site_sequence;shared_measurement_publication;shared_structure_publication;validated_structural_similarity
RCSB-3BUG-AEH-KD	construct-064-ad692e3f3920	union-9ad224f6353e	c1ccccc1	0.30612244897959184	0.9830097087378641	0.6363636363636364	exact_construct;exact_scaffold;full_sequence;ligand_tanimoto;local_site_sequence;shared_measurement_publication;shared_structure_publication;validated_structural_similarity
RCSB-2XHT-C0Y-KD	construct-065-c6820d7c5ca9	union-9ad224f6353e	O=C(c1ccccc1)N1CCOCC1	0.2857142857142857	0.9196787148594378	0.5517241379310345	exact_construct;full_sequence;local_site_sequence;shared_measurement_publication;shared_structure_publication;validated_structural_similarity
RCSB-2XDL-2DL-KD	construct-065-c6820d7c5ca9	union-9ad224f6353e	c1ccccc1	0.29545454545454547	0.9196787148594378	0.5517241379310345	exact_construct;exact_scaffold;full_sequence;local_site_sequence;shared_measurement_publication;shared_structure_publication;validated_structural_similarity
RCSB-5VSD-9HJ-KD	construct-066-cf6ef633d328	union-42c7c765b1fb	c1ccc2c(NC3CCNCC3)ncnc2c1	0.6229508196721312	0.7243816254416962	0.8	exact_construct;exact_scaffold;full_sequence;ligand_tanimoto;local_site_sequence;shared_measurement_publication;shared_structure_publication;validated_structural_similarity
RCSB-5VSF-9HG-KD	construct-066-cf6ef633d328	union-42c7c765b1fb	c1ccc2c(NC3CCNCC3)nc(NC3CCCC3)nc2c1	0.5555555555555556	0.7243816254416962	0.8	exact_construct;full_sequence;ligand_tanimoto;local_site_sequence;shared_measurement_publication;shared_structure_publication;validated_structural_similarity
RCSB-5OIT-9WH-KD	construct-068-e4ce5a06fca5	union-9ad224f6353e	c1ccc(Cn2ccc(Nc3nnc(Cn4cccn4)s3)n2)cc1	0.17391304347826086	0.2647058823529412	0.2916666666666667	exact_construct;full_sequence;local_site_sequence;shared_measurement_publication;shared_structure_publication;validated_structural_similarity
RCSB-5OIS-9WK-KD	construct-068-e4ce5a06fca5	union-9ad224f6353e	O=C(NCc1ccccc1)c1ccc(Cn2cccn2)cc1	0.24324324324324326	0.2647058823529412	0.2916666666666667	exact_construct;full_sequence;local_site_sequence;shared_measurement_publication;shared_structure_publication;validated_structural_similarity
RCSB-6X4P-UOG-KD	construct-069-eae4b87a5d0e	union-7f9569df7dfc	O=C1COC(=O)CC=Cc2ccc3ccc(nc3c2)CNC(=O)C2CCCN(N2)C(=O)CN1	0.3008849557522124	0.9820359281437125	0.8695652173913043	exact_construct;full_sequence;ligand_tanimoto;local_site_sequence;shared_measurement_publication;shared_structure_publication;validated_structural_similarity
RCSB-6X4N-UOD-KD	construct-069-eae4b87a5d0e	union-7f9569df7dfc	O=C1CC=Cc2ccc3ccc(nc3c2)COC(=O)C2CCCN(N2)C(=O)CNC(=O)CN1	0.39814814814814814	0.9820359281437125	0.8695652173913043	exact_construct;full_sequence;ligand_tanimoto;local_site_sequence;shared_measurement_publication;shared_structure_publication;validated_structural_similarity
RCSB-8UC9-QBC-KD	construct-072-0883ef7c2bf6	union-13362b01fedf	c1ccc2ncccc2c1	0.23529411764705882	0.8142857142857143	0.3125	full_sequence;validated_structural_similarity
RCSB-7ER7-A80-KD	construct-073-08de83e846b6	union-9ad224f6353e	O=C(Nc1ccc2c(c1)CCCC2)c1ccccc1	0.27941176470588236	0.2523364485981308	0.2777777777777778	validated_structural_similarity
RCSB-5T9W-78E-KD	construct-075-11667023dc36	union-7f9569df7dfc	O=C1CCCCC=CC=CCCOC(=O)C2CCCN(N2)C(=O)C(Cc2ccccc2)NC(=O)CN1	0.5510204081632653	0.9939024390243902	0.9583333333333334	full_sequence;ligand_tanimoto;local_site_sequence;shared_measurement_publication;shared_structure_publication;validated_structural_similarity
RCSB-6UYC-QLV-KD	construct-077-14436d5c0612	union-76b89b47cc6b	C(=CC1CCCCC1)c1cccnc1	0.19540229885057472	0.25098039215686274	0.29411764705882354	
RCSB-6TD2-N2K-KD	construct-078-1cc8ce95bee6	union-9ad224f6353e	c1ccccc1	0.2153846153846154	0.8839779005524862	0.7333333333333333	exact_scaffold;full_sequence;local_site_sequence;validated_structural_similarity
RCSB-6HSF-GKW-KD	construct-080-212de0c2d87d	union-4c805334d5db	c1ccc(Cn2ccc3ccccc32)cc1	1.0	0.9977628635346756	0.68	exact_scaffold;full_sequence;ligand_tanimoto;local_site_sequence;shared_measurement_publication;shared_structure_publication;validated_structural_similarity
RCSB-6T9C-MX8-KD	construct-081-24e4a9c7d2a9	union-9ad224f6353e	c1ccccc1	0.25757575757575757	0.9078947368421053	0.6451612903225806	exact_scaffold;full_sequence;local_site_sequence;validated_structural_similarity
RCSB-7LPK-Y9P-KD	construct-082-250a0b13b064	union-9ad224f6353e	O=c1cc(NC2CCNC2)cn[nH]1	0.2786885245901639	0.43089430894308944	0.75	full_sequence;local_site_sequence;validated_structural_similarity
RCSB-7U3G-L6F-KD	construct-083-2c0e2584aae9	union-9ad224f6353e	c1ccc(C2NCCc3ccccc32)cc1	0.21052631578947367	0.23195876288659795	0.3125	validated_structural_similarity
RCSB-4AIC-FOM-KD	construct-084-32e392306ff8	union-9ad224f6353e		0.10416666666666667	0.2483221476510067	0.25925925925925924	validated_structural_similarity
RCSB-6EPA-BNQ-KD	construct-085-3502b9d06d9b	union-9ad224f6353e	O=C(CC(c1ccccc1)c1ccccc1)Nc1nc2ccccc2s1	0.35714285714285715	0.24479166666666666	0.3	ligand_tanimoto
RCSB-1LI3-3CH-KD	construct-088-4200e5f1c56e	union-9ad224f6353e	c1ccccc1	0.36	0.9817073170731707	0.9375	exact_scaffold;full_sequence;ligand_tanimoto;local_site_sequence;shared_measurement_publication;validated_structural_similarity
RCSB-4WUQ-3UG-KD	construct-089-457c7d99d0a8	union-9ad224f6353e	c1ccc(N2CCCCC2)cc1	0.5185185185185185	0.6015325670498084	0.6666666666666666	full_sequence;ligand_tanimoto;local_site_sequence;validated_structural_similarity
RCSB-2IKJ-393-KD	construct-091-4834dba4d3ca	union-fef9c81eedf1	O=C(NCc1ccccc1)c1ccccc1	0.25925925925925924	0.24068767908309455	0.2916666666666667	validated_structural_similarity
RCSB-4CX4-HW9-KD	construct-092-49214f6eb0db	union-9ad224f6353e	c1ccc(CCCCCOC2CNCC2Cc2ccccn2)nc1	0.8235294117647058	0.37264150943396224	0.5714285714285714	exact_scaffold;full_sequence;ligand_tanimoto;local_site_sequence;validated_structural_similarity
RCSB-5EQE-5R8-KD	construct-093-4c5251a29733	union-9ad224f6353e	c1ccc(CN2CCCNCC2)cc1	0.30357142857142855	0.25	0.29411764705882354	validated_structural_similarity
RCSB-6CQ1-F8J-KD	construct-094-4d70d9d3dad0	union-9ad224f6353e	S=C(NCCc1c[nH]c2ccccc12)Nc1ccc2c(CN3CCNCC3)c[nH]c2c1	0.30120481927710846	0.8581560283687943	0.35714285714285715	full_sequence;validated_structural_similarity
RCSB-4EY7-E20-KD	construct-095-5413b51ed388	union-9ad224f6353e	O=C1c2ccccc2CC1CC1CCN(Cc2ccccc2)CC1	0.25	0.8839779005524862	0.7333333333333333	full_sequence;local_site_sequence;validated_structural_similarity
RCSB-5TBP-7A4-KD	construct-096-584f2cad7947	union-9ad224f6353e	C1=Cc2ccccc2C1=Cc1ccccc1	0.2236842105263158	0.2578397212543554	0.2962962962962963	validated_structural_similarity
RCSB-5JAL-6HO-KD	construct-097-59c0fef6e781	union-9ad224f6353e	O=C(c1ccccc1)N1CC=CC1	0.2857142857142857	0.23809523809523808	0.375	validated_structural_similarity
RCSB-8HHP-NZA-KD	construct-099-64e2bd6b555d	union-9ad224f6353e	c1ccc(Cn2cc(Sc3ccccc3)c3ccccc32)cc1	0.24242424242424243	0.9078947368421053	0.6451612903225806	full_sequence;local_site_sequence;validated_structural_similarity
RCSB-5U8F-82G-KD	construct-100-68fa759a793c	union-9ad224f6353e	c1ccc2c(c1)CCC2N1CCC(c2c[nH]c3ccccc23)C1	0.2077922077922078	0.24479166666666666	0.3	validated_structural_similarity
RCSB-8R42-XUC-KD	construct-101-6d45410f8f76	union-fef9c81eedf1	c1ccc(CC2CCCN2C2CCN(c3ccccn3)CC2)cc1	0.21739130434782608	0.25327510917030566	0.2857142857142857	validated_structural_similarity
RCSB-5Y0X-8JR-KD	construct-102-6eebf5264d70	union-9ad224f6353e	O=S(=O)(Nc1ccccc1)c1cccc2ccccc12	0.40625	0.2777777777777778	0.2571428571428571	ligand_tanimoto;validated_structural_similarity
RCSB-7OAK-V6B-KD	construct-103-710261cb700a	union-9ad224f6353e	O=C(NCCCN1CCOC1=O)c1cnc(NCc2ccccc2)nc1NC1CCCC1	0.25688073394495414	0.2932330827067669	0.3793103448275862	validated_structural_similarity
RCSB-4NO7-2N8-KD	construct-104-71fe53434608	union-c1097b98823c	O=C1CCC(CC(C(=O)Nc2cnccn2)c2ccccc2)C1	0.21978021978021978	0.2459016393442623	0.2857142857142857	
RCSB-1ONZ-968-KD	construct-105-752a2a811a16	union-66844df2a5f7	c1ccc(Nc2cccc3ccccc23)cc1	0.34146341463414637	0.2481012658227848	0.25	
RCSB-4F1Q-0RZ-KD	construct-108-8182bbcbf8a0	union-9ad224f6353e	c1ccccc1	0.29310344827586204	0.22483221476510068	0.47619047619047616	exact_scaffold;validated_structural_similarity
RCSB-3WB5-0B4-KD	construct-111-8af9958b120b	union-9ad224f6353e	O=C1CC(C2CC2c2ccccc2)N=CN1	0.25	0.9831730769230769	0.6363636363636364	full_sequence;local_site_sequence;validated_structural_similarity
RCSB-6Y81-OG5-KD	construct-112-9480d3c9488d	union-9ad224f6353e	O=C(CC(NS(=O)(=O)c1ccc(N2C(=O)CCC2=O)nc1)c1ccccc1)NCC1C2CC3CC(C2)CC1C3	0.21649484536082475	0.34324324324324323	0.32142857142857145	full_sequence;validated_structural_similarity
RCSB-4WR8-3TX-KD	construct-113-94bddcf5ae1b	union-9ad224f6353e	c1ccc(-n2cc(-c3ccc4ccccc4n3)nn2)cc1	0.3	0.25	0.3125	validated_structural_similarity
RCSB-6U8B-Q1M-KD	construct-114-95cbcb4a8b50	union-9ad224f6353e	O=S(=O)(Nc1ccccc1)c1ccccc1	0.4153846153846154	0.977491961414791	0.9047619047619048	exact_scaffold;full_sequence;ligand_tanimoto;local_site_sequence;shared_measurement_publication;shared_structure_publication;validated_structural_similarity
RCSB-4BTM-F8E-KD	construct-115-9a950e182ddc	union-9ad224f6353e	c1ccc(Nc2ncnc3[nH]ccc23)cc1	0.3181818181818182	0.2865013774104683	0.4230769230769231	validated_structural_similarity
RCSB-4M5L-YH4-KD	construct-116-9ae95a04d65c	union-9ad224f6353e	O=C(CSc1nc2nc[nH]c(=O)c2[nH]1)c1ccccc1	0.36363636363636365	0.9938271604938271	0.9565217391304348	full_sequence;ligand_tanimoto;local_site_sequence;validated_structural_similarity
RCSB-5WBO-A1Y-KD	construct-118-9f8b6e165062	union-9ad224f6353e	c1ccc(N2CCOCC2)nc1	0.2608695652173913	0.25	0.30434782608695654	validated_structural_similarity
RCSB-6JOF-BWR-KD	construct-120-a64f362737a1	union-fc2c7e989c11	O=C(NCc1ccc(CN2CCCCC2)cc1)c1csc2nc[nH]c(=O)c12	0.32	0.2696629213483146	0.2916666666666667	
RCSB-4OG3-2S6-KD	construct-121-a692a9cca88a	union-a7b49450b924	c1ccc(OCCCN2CCC(C(c3ccccc3)C3CCCC3)CC2)cc1	0.2222222222222222	0.9815950920245399	0.5185185185185185	full_sequence;local_site_sequence;validated_structural_similarity
RCSB-4X5Z-3XY-KD	construct-122-a7a7325a75fe	union-a7b49450b924	c1nc(NC2CCN(Cc3ccc4[nH]ccc4c3)CC2)c2ccsc2n1	0.2222222222222222	0.9815950920245399	0.5185185185185185	full_sequence;local_site_sequence;validated_structural_similarity
RCSB-7B3T-SVK-KD	construct-123-b8ea4f953170	union-9ad224f6353e	c1ccc(Cc2c[nH]c3ncccc23)cc1	0.2692307692307692	0.3622291021671827	0.34615384615384615	full_sequence;validated_structural_similarity
RCSB-5ETO-5RY-KD	construct-124-bf2caeb019c6	union-9ad224f6353e	O=c1[nH]cnc2[nH]c(SCc3ccccc3)nc12	0.273972602739726	0.9938271604938271	0.9565217391304348	full_sequence;local_site_sequence;validated_structural_similarity
RCSB-5OVI-AXH-KD	construct-125-c460e3bd19de	union-13362b01fedf	c1ccc(-c2csc(CNc3ncnc4ccccc34)c2)cc1	0.4852941176470588	0.9938775510204082	0.75	full_sequence;ligand_tanimoto;local_site_sequence;validated_structural_similarity
RCSB-5FDZ-5X0-KD	construct-126-cecc6141575d	union-9ad224f6353e	O=C(COc1ccc(OC2CCOCC2)cc1)Nc1ccccc1	0.24489795918367346	0.43089430894308944	0.75	full_sequence;local_site_sequence;validated_structural_similarity
RCSB-5TA2-78X-KD	construct-127-cf37c77dcb23	union-7f9569df7dfc	O=C1CCCCC=Cc2cccc(c2)COC(=O)C2CCCN(N2)C(=O)C(Cc2ccccc2)NC(=O)CN1	0.5510204081632653	0.9939024390243902	0.9583333333333334	full_sequence;ligand_tanimoto;local_site_sequence;shared_measurement_publication;shared_structure_publication;validated_structural_similarity
RCSB-2AMA-DHT-KD	construct-129-da127f2629ee	union-9ad224f6353e	O=C1CCC2C(CCC3C4CCCC4CCC23)C1	0.14516129032258066	0.2536764705882353	0.34615384615384615	validated_structural_similarity
RCSB-5WYX-CU8-KD	construct-131-e03e7d49727d	union-2411bb5b8e03	c1ccc(-c2ccnc3ccnn23)cc1	0.23728813559322035	0.21454112038140644	0.3157894736842105	
RCSB-7MRG-ZMM-KD	construct-133-eab72abc872f	union-9ad224f6353e	O=C1CCCN1c1cccc(-c2c[nH]c(=O)c3ccccc23)c1	1.0	0.6692913385826772	0.6190476190476191	exact_scaffold;full_sequence;ligand_tanimoto;local_site_sequence;shared_measurement_publication;shared_structure_publication;validated_structural_similarity
RCSB-3RTM-RTM-KD	construct-135-eb81b9f95fe1	union-9ad224f6353e	O=C(CCc1cnc2ccccc2c1)NC1CCCCC1	0.2692307692307692	0.9831730769230769	0.46153846153846156	full_sequence;validated_structural_similarity
RCSB-5D1J-56H-KD	construct-138-fe22d91e18cd	union-9ad224f6353e	O=C(Nc1ncc(SCc2ncco2)s1)C1CCNCC1	0.2558139534883721	0.34324324324324323	0.38461538461538464	full_sequence;validated_structural_similarity
