observation_id	series_id	component_id	scaffold_cluster_id	scaffold_cluster_size	scaffold_fold_eligible
G3S-014e4407ee50fa22-L0001	G3S-014e4407ee50fa22	G3-FINAL-001	G3S-014e4407ee50fa22-SC-001	36	false
G3S-014e4407ee50fa22-L0002	G3S-014e4407ee50fa22	G3-FINAL-001	G3S-014e4407ee50fa22-SC-001	36	false
G3S-014e4407ee50fa22-L0003	G3S-014e4407ee50fa22	G3-FINAL-001	G3S-014e4407ee50fa22-SC-001	36	false
G3S-014e4407ee50fa22-L0004	G3S-014e4407ee50fa22	G3-FINAL-001	G3S-014e4407ee50fa22-SC-001	36	false
G3S-014e4407ee50fa22-L0005	G3S-014e4407ee50fa22	G3-FINAL-001	G3S-014e4407ee50fa22-SC-001	36	false
G3S-014e4407ee50fa22-L0006	G3S-014e4407ee50fa22	G3-FINAL-001	G3S-014e4407ee50fa22-SC-001	36	false
G3S-014e4407ee50fa22-L0007	G3S-014e4407ee50fa22	G3-FINAL-001	G3S-014e4407ee50fa22-SC-001	36	false
G3S-014e4407ee50fa22-L0008	G3S-014e4407ee50fa22	G3-FINAL-001	G3S-014e4407ee50fa22-SC-001	36	false
G3S-014e4407ee50fa22-L0009	G3S-014e4407ee50fa22	G3-FINAL-001	G3S-014e4407ee50fa22-SC-001	36	false
G3S-014e4407ee50fa22-L0010	G3S-014e4407ee50fa22	G3-FINAL-001	G3S-014e4407ee50fa22-SC-001	36	false
G3S-014e4407ee50fa22-L0011	G3S-014e4407ee50fa22	G3-FINAL-001	G3S-014e4407ee50fa22-SC-001	36	false
G3S-014e4407ee50fa22-L0012	G3S-014e4407ee50fa22	G3-FINAL-001	G3S-014e4407ee50fa22-SC-001	36	false
G3S-014e4407ee50fa22-L0013	G3S-014e4407ee50fa22	G3-FINAL-001	G3S-014e4407ee50fa22-SC-001	36	false
G3S-014e4407ee50fa22-L0014	G3S-014e4407ee50fa22	G3-FINAL-001	G3S-014e4407ee50fa22-SC-001	36	false
G3S-014e4407ee50fa22-L0015	G3S-014e4407ee50fa22	G3-FINAL-001	G3S-014e4407ee50fa22-SC-001	36	false
G3S-014e4407ee50fa22-L0016	G3S-014e4407ee50fa22	G3-FINAL-001	G3S-014e4407ee50fa22-SC-001	36	false
G3S-014e4407ee50fa22-L0017	G3S-014e4407ee50fa22	G3-FINAL-001	G3S-014e4407ee50fa22-SC-001	36	false
G3S-014e4407ee50fa22-L0018	G3S-014e4407ee50fa22	G3-FINAL-001	G3S-014e4407ee50fa22-SC-001	36	false
G3S-014e4407ee50fa22-L0019	G3S-014e4407ee50fa22	G3-FINAL-001	G3S-014e4407ee50fa22-SC-001	36	false
G3S-014e4407ee50fa22-L0020	G3S-014e4407ee50fa22	G3-FINAL-001	G3S-014e4407ee50fa22-SC-001	36	false
G3S-014e4407ee50fa22-L0021	G3S-014e4407ee50fa22	G3-FINAL-001	G3S-014e4407ee50fa22-SC-001	36	false
G3S-014e4407ee50fa22-L0022	G3S-014e4407ee50fa22	G3-FINAL-001	G3S-014e4407ee50fa22-SC-001	36	false
G3S-014e4407ee50fa22-L0023	G3S-014e4407ee50fa22	G3-FINAL-001	G3S-014e4407ee50fa22-SC-001	36	false
G3S-014e4407ee50fa22-L0024	G3S-014e4407ee50fa22	G3-FINAL-001	G3S-014e4407ee50fa22-SC-001	36	false
G3S-014e4407ee50fa22-L0025	G3S-014e4407ee50fa22	G3-FINAL-001	G3S-014e4407ee50fa22-SC-001	36	false
G3S-014e4407ee50fa22-L0026	G3S-014e4407ee50fa22	G3-FINAL-001	G3S-014e4407ee50fa22-SC-001	36	false
G3S-014e4407ee50fa22-L0027	G3S-014e4407ee50fa22	G3-FINAL-001	G3S-014e4407ee50fa22-SC-001	36	false
G3S-014e4407ee50fa22-L0028	G3S-014e4407ee50fa22	G3-FINAL-001	G3S-014e4407ee50fa22-SC-001	36	false
G3S-014e4407ee50fa22-L0029	G3S-014e4407ee50fa22	G3-FINAL-001	G3S-014e4407ee50fa22-SC-001	36	false
G3S-014e4407ee50fa22-L0030	G3S-014e4407ee50fa22	G3-FINAL-001	G3S-014e4407ee50fa22-SC-001	36	false
G3S-014e4407ee50fa22-L0032	G3S-014e4407ee50fa22	G3-FINAL-001	G3S-014e4407ee50fa22-SC-001	36	false
G3S-014e4407ee50fa22-L0033	G3S-014e4407ee50fa22	G3-FINAL-001	G3S-014e4407ee50fa22-SC-001	36	false
G3S-014e4407ee50fa22-L0034	G3S-014e4407ee50fa22	G3-FINAL-001	G3S-014e4407ee50fa22-SC-001	36	false
G3S-014e4407ee50fa22-L0035	G3S-014e4407ee50fa22	G3-FINAL-001	G3S-014e4407ee50fa22-SC-001	36	false
G3S-014e4407ee50fa22-L0036	G3S-014e4407ee50fa22	G3-FINAL-001	G3S-014e4407ee50fa22-SC-001	36	false
G3S-014e4407ee50fa22-L0037	G3S-014e4407ee50fa22	G3-FINAL-001	G3S-014e4407ee50fa22-SC-001	36	false
G3S-03ecbf7361b64421-L0001	G3S-03ecbf7361b64421	G3-FINAL-002	G3S-03ecbf7361b64421-SC-001	8	false
G3S-03ecbf7361b64421-L0002	G3S-03ecbf7361b64421	G3-FINAL-002	G3S-03ecbf7361b64421-SC-001	8	false
G3S-03ecbf7361b64421-L0003	G3S-03ecbf7361b64421	G3-FINAL-002	G3S-03ecbf7361b64421-SC-002	1	false
G3S-03ecbf7361b64421-L0004	G3S-03ecbf7361b64421	G3-FINAL-002	G3S-03ecbf7361b64421-SC-003	1	false
G3S-03ecbf7361b64421-L0005	G3S-03ecbf7361b64421	G3-FINAL-002	G3S-03ecbf7361b64421-SC-001	8	false
G3S-03ecbf7361b64421-L0006	G3S-03ecbf7361b64421	G3-FINAL-002	G3S-03ecbf7361b64421-SC-001	8	false
G3S-03ecbf7361b64421-L0007	G3S-03ecbf7361b64421	G3-FINAL-002	G3S-03ecbf7361b64421-SC-001	8	false
G3S-03ecbf7361b64421-L0008	G3S-03ecbf7361b64421	G3-FINAL-002	G3S-03ecbf7361b64421-SC-001	8	false
G3S-03ecbf7361b64421-L0009	G3S-03ecbf7361b64421	G3-FINAL-002	G3S-03ecbf7361b64421-SC-001	8	false
G3S-03ecbf7361b64421-L0010	G3S-03ecbf7361b64421	G3-FINAL-002	G3S-03ecbf7361b64421-SC-001	8	false
G3S-0adfbd2895adde2d-L0001	G3S-0adfbd2895adde2d	G3-FINAL-003	G3S-0adfbd2895adde2d-SC-001	9	false
G3S-0adfbd2895adde2d-L0002	G3S-0adfbd2895adde2d	G3-FINAL-003	G3S-0adfbd2895adde2d-SC-001	9	false
G3S-0adfbd2895adde2d-L0003	G3S-0adfbd2895adde2d	G3-FINAL-003	G3S-0adfbd2895adde2d-SC-001	9	false
G3S-0adfbd2895adde2d-L0004	G3S-0adfbd2895adde2d	G3-FINAL-003	G3S-0adfbd2895adde2d-SC-001	9	false
G3S-0adfbd2895adde2d-L0005	G3S-0adfbd2895adde2d	G3-FINAL-003	G3S-0adfbd2895adde2d-SC-001	9	false
G3S-0adfbd2895adde2d-L0006	G3S-0adfbd2895adde2d	G3-FINAL-003	G3S-0adfbd2895adde2d-SC-001	9	false
G3S-0adfbd2895adde2d-L0007	G3S-0adfbd2895adde2d	G3-FINAL-003	G3S-0adfbd2895adde2d-SC-001	9	false
G3S-0adfbd2895adde2d-L0008	G3S-0adfbd2895adde2d	G3-FINAL-003	G3S-0adfbd2895adde2d-SC-001	9	false
G3S-0adfbd2895adde2d-L0009	G3S-0adfbd2895adde2d	G3-FINAL-003	G3S-0adfbd2895adde2d-SC-001	9	false
G3S-0c2b41bb223d8483-L0001	G3S-0c2b41bb223d8483	G3-FINAL-004	G3S-0c2b41bb223d8483-SC-001	31	false
G3S-0c2b41bb223d8483-L0002	G3S-0c2b41bb223d8483	G3-FINAL-004	G3S-0c2b41bb223d8483-SC-001	31	false
G3S-0c2b41bb223d8483-L0003	G3S-0c2b41bb223d8483	G3-FINAL-004	G3S-0c2b41bb223d8483-SC-001	31	false
G3S-0c2b41bb223d8483-L0004	G3S-0c2b41bb223d8483	G3-FINAL-004	G3S-0c2b41bb223d8483-SC-001	31	false
G3S-0c2b41bb223d8483-L0005	G3S-0c2b41bb223d8483	G3-FINAL-004	G3S-0c2b41bb223d8483-SC-001	31	false
G3S-0c2b41bb223d8483-L0006	G3S-0c2b41bb223d8483	G3-FINAL-004	G3S-0c2b41bb223d8483-SC-001	31	false
G3S-0c2b41bb223d8483-L0007	G3S-0c2b41bb223d8483	G3-FINAL-004	G3S-0c2b41bb223d8483-SC-001	31	false
G3S-0c2b41bb223d8483-L0008	G3S-0c2b41bb223d8483	G3-FINAL-004	G3S-0c2b41bb223d8483-SC-001	31	false
G3S-0c2b41bb223d8483-L0010	G3S-0c2b41bb223d8483	G3-FINAL-004	G3S-0c2b41bb223d8483-SC-001	31	false
G3S-0c2b41bb223d8483-L0011	G3S-0c2b41bb223d8483	G3-FINAL-004	G3S-0c2b41bb223d8483-SC-001	31	false
G3S-0c2b41bb223d8483-L0012	G3S-0c2b41bb223d8483	G3-FINAL-004	G3S-0c2b41bb223d8483-SC-001	31	false
G3S-0c2b41bb223d8483-L0013	G3S-0c2b41bb223d8483	G3-FINAL-004	G3S-0c2b41bb223d8483-SC-001	31	false
G3S-0c2b41bb223d8483-L0014	G3S-0c2b41bb223d8483	G3-FINAL-004	G3S-0c2b41bb223d8483-SC-001	31	false
G3S-0c2b41bb223d8483-L0015	G3S-0c2b41bb223d8483	G3-FINAL-004	G3S-0c2b41bb223d8483-SC-001	31	false
G3S-0c2b41bb223d8483-L0016	G3S-0c2b41bb223d8483	G3-FINAL-004	G3S-0c2b41bb223d8483-SC-001	31	false
G3S-0c2b41bb223d8483-L0017	G3S-0c2b41bb223d8483	G3-FINAL-004	G3S-0c2b41bb223d8483-SC-001	31	false
G3S-0c2b41bb223d8483-L0018	G3S-0c2b41bb223d8483	G3-FINAL-004	G3S-0c2b41bb223d8483-SC-001	31	false
G3S-0c2b41bb223d8483-L0019	G3S-0c2b41bb223d8483	G3-FINAL-004	G3S-0c2b41bb223d8483-SC-001	31	false
G3S-0c2b41bb223d8483-L0020	G3S-0c2b41bb223d8483	G3-FINAL-004	G3S-0c2b41bb223d8483-SC-001	31	false
G3S-0c2b41bb223d8483-L0021	G3S-0c2b41bb223d8483	G3-FINAL-004	G3S-0c2b41bb223d8483-SC-001	31	false
G3S-0c2b41bb223d8483-L0022	G3S-0c2b41bb223d8483	G3-FINAL-004	G3S-0c2b41bb223d8483-SC-001	31	false
G3S-0c2b41bb223d8483-L0023	G3S-0c2b41bb223d8483	G3-FINAL-004	G3S-0c2b41bb223d8483-SC-001	31	false
G3S-0c2b41bb223d8483-L0024	G3S-0c2b41bb223d8483	G3-FINAL-004	G3S-0c2b41bb223d8483-SC-001	31	false
G3S-0c2b41bb223d8483-L0025	G3S-0c2b41bb223d8483	G3-FINAL-004	G3S-0c2b41bb223d8483-SC-001	31	false
G3S-0c2b41bb223d8483-L0026	G3S-0c2b41bb223d8483	G3-FINAL-004	G3S-0c2b41bb223d8483-SC-001	31	false
G3S-0c2b41bb223d8483-L0027	G3S-0c2b41bb223d8483	G3-FINAL-004	G3S-0c2b41bb223d8483-SC-001	31	false
G3S-0c2b41bb223d8483-L0028	G3S-0c2b41bb223d8483	G3-FINAL-004	G3S-0c2b41bb223d8483-SC-001	31	false
G3S-0c2b41bb223d8483-L0029	G3S-0c2b41bb223d8483	G3-FINAL-004	G3S-0c2b41bb223d8483-SC-001	31	false
G3S-0c2b41bb223d8483-L0030	G3S-0c2b41bb223d8483	G3-FINAL-004	G3S-0c2b41bb223d8483-SC-001	31	false
G3S-0c2b41bb223d8483-L0031	G3S-0c2b41bb223d8483	G3-FINAL-004	G3S-0c2b41bb223d8483-SC-001	31	false
G3S-0c2b41bb223d8483-L0032	G3S-0c2b41bb223d8483	G3-FINAL-004	G3S-0c2b41bb223d8483-SC-001	31	false
G3S-0d6ea790d633fb5e-L0001	G3S-0d6ea790d633fb5e	G3-FINAL-005	G3S-0d6ea790d633fb5e-SC-001	32	false
G3S-0d6ea790d633fb5e-L0002	G3S-0d6ea790d633fb5e	G3-FINAL-005	G3S-0d6ea790d633fb5e-SC-001	32	false
G3S-0d6ea790d633fb5e-L0003	G3S-0d6ea790d633fb5e	G3-FINAL-005	G3S-0d6ea790d633fb5e-SC-001	32	false
G3S-0d6ea790d633fb5e-L0004	G3S-0d6ea790d633fb5e	G3-FINAL-005	G3S-0d6ea790d633fb5e-SC-001	32	false
G3S-0d6ea790d633fb5e-L0005	G3S-0d6ea790d633fb5e	G3-FINAL-005	G3S-0d6ea790d633fb5e-SC-001	32	false
G3S-0d6ea790d633fb5e-L0006	G3S-0d6ea790d633fb5e	G3-FINAL-005	G3S-0d6ea790d633fb5e-SC-001	32	false
G3S-0d6ea790d633fb5e-L0007	G3S-0d6ea790d633fb5e	G3-FINAL-005	G3S-0d6ea790d633fb5e-SC-001	32	false
G3S-0d6ea790d633fb5e-L0008	G3S-0d6ea790d633fb5e	G3-FINAL-005	G3S-0d6ea790d633fb5e-SC-001	32	false
G3S-0d6ea790d633fb5e-L0009	G3S-0d6ea790d633fb5e	G3-FINAL-005	G3S-0d6ea790d633fb5e-SC-001	32	false
G3S-0d6ea790d633fb5e-L0010	G3S-0d6ea790d633fb5e	G3-FINAL-005	G3S-0d6ea790d633fb5e-SC-001	32	false
G3S-0d6ea790d633fb5e-L0011	G3S-0d6ea790d633fb5e	G3-FINAL-005	G3S-0d6ea790d633fb5e-SC-001	32	false
G3S-0d6ea790d633fb5e-L0012	G3S-0d6ea790d633fb5e	G3-FINAL-005	G3S-0d6ea790d633fb5e-SC-001	32	false
G3S-0d6ea790d633fb5e-L0013	G3S-0d6ea790d633fb5e	G3-FINAL-005	G3S-0d6ea790d633fb5e-SC-001	32	false
G3S-0d6ea790d633fb5e-L0014	G3S-0d6ea790d633fb5e	G3-FINAL-005	G3S-0d6ea790d633fb5e-SC-001	32	false
G3S-0d6ea790d633fb5e-L0015	G3S-0d6ea790d633fb5e	G3-FINAL-005	G3S-0d6ea790d633fb5e-SC-001	32	false
G3S-0d6ea790d633fb5e-L0016	G3S-0d6ea790d633fb5e	G3-FINAL-005	G3S-0d6ea790d633fb5e-SC-001	32	false
G3S-0d6ea790d633fb5e-L0017	G3S-0d6ea790d633fb5e	G3-FINAL-005	G3S-0d6ea790d633fb5e-SC-001	32	false
G3S-0d6ea790d633fb5e-L0018	G3S-0d6ea790d633fb5e	G3-FINAL-005	G3S-0d6ea790d633fb5e-SC-001	32	false
G3S-0d6ea790d633fb5e-L0019	G3S-0d6ea790d633fb5e	G3-FINAL-005	G3S-0d6ea790d633fb5e-SC-001	32	false
G3S-0d6ea790d633fb5e-L0020	G3S-0d6ea790d633fb5e	G3-FINAL-005	G3S-0d6ea790d633fb5e-SC-001	32	false
G3S-0d6ea790d633fb5e-L0021	G3S-0d6ea790d633fb5e	G3-FINAL-005	G3S-0d6ea790d633fb5e-SC-001	32	false
G3S-0d6ea790d633fb5e-L0022	G3S-0d6ea790d633fb5e	G3-FINAL-005	G3S-0d6ea790d633fb5e-SC-001	32	false
G3S-0d6ea790d633fb5e-L0023	G3S-0d6ea790d633fb5e	G3-FINAL-005	G3S-0d6ea790d633fb5e-SC-001	32	false
G3S-0d6ea790d633fb5e-L0024	G3S-0d6ea790d633fb5e	G3-FINAL-005	G3S-0d6ea790d633fb5e-SC-001	32	false
G3S-0d6ea790d633fb5e-L0025	G3S-0d6ea790d633fb5e	G3-FINAL-005	G3S-0d6ea790d633fb5e-SC-001	32	false
G3S-0d6ea790d633fb5e-L0026	G3S-0d6ea790d633fb5e	G3-FINAL-005	G3S-0d6ea790d633fb5e-SC-001	32	false
G3S-0d6ea790d633fb5e-L0027	G3S-0d6ea790d633fb5e	G3-FINAL-005	G3S-0d6ea790d633fb5e-SC-001	32	false
G3S-0d6ea790d633fb5e-L0028	G3S-0d6ea790d633fb5e	G3-FINAL-005	G3S-0d6ea790d633fb5e-SC-001	32	false
G3S-0d6ea790d633fb5e-L0029	G3S-0d6ea790d633fb5e	G3-FINAL-005	G3S-0d6ea790d633fb5e-SC-001	32	false
G3S-0d6ea790d633fb5e-L0030	G3S-0d6ea790d633fb5e	G3-FINAL-005	G3S-0d6ea790d633fb5e-SC-001	32	false
G3S-0d6ea790d633fb5e-L0031	G3S-0d6ea790d633fb5e	G3-FINAL-005	G3S-0d6ea790d633fb5e-SC-001	32	false
G3S-0d6ea790d633fb5e-L0032	G3S-0d6ea790d633fb5e	G3-FINAL-005	G3S-0d6ea790d633fb5e-SC-001	32	false
G3S-1d6a948c781cf9b6-L0002	G3S-1d6a948c781cf9b6	G3-FINAL-006	G3S-1d6a948c781cf9b6-SC-002	3	true
G3S-1d6a948c781cf9b6-L0003	G3S-1d6a948c781cf9b6	G3-FINAL-006	G3S-1d6a948c781cf9b6-SC-001	5	false
G3S-1d6a948c781cf9b6-L0004	G3S-1d6a948c781cf9b6	G3-FINAL-006	G3S-1d6a948c781cf9b6-SC-001	5	false
G3S-1d6a948c781cf9b6-L0005	G3S-1d6a948c781cf9b6	G3-FINAL-006	G3S-1d6a948c781cf9b6-SC-002	3	true
G3S-1d6a948c781cf9b6-L0006	G3S-1d6a948c781cf9b6	G3-FINAL-006	G3S-1d6a948c781cf9b6-SC-001	5	false
G3S-1d6a948c781cf9b6-L0007	G3S-1d6a948c781cf9b6	G3-FINAL-006	G3S-1d6a948c781cf9b6-SC-003	1	false
G3S-1d6a948c781cf9b6-L0008	G3S-1d6a948c781cf9b6	G3-FINAL-006	G3S-1d6a948c781cf9b6-SC-002	3	true
G3S-1d6a948c781cf9b6-L0009	G3S-1d6a948c781cf9b6	G3-FINAL-006	G3S-1d6a948c781cf9b6-SC-001	5	false
G3S-1d6a948c781cf9b6-L0010	G3S-1d6a948c781cf9b6	G3-FINAL-006	G3S-1d6a948c781cf9b6-SC-001	5	false
G3S-1f6e9ae98fcbd583-L0001	G3S-1f6e9ae98fcbd583	G3-FINAL-007	G3S-1f6e9ae98fcbd583-SC-001	22	false
G3S-1f6e9ae98fcbd583-L0002	G3S-1f6e9ae98fcbd583	G3-FINAL-007	G3S-1f6e9ae98fcbd583-SC-001	22	false
G3S-1f6e9ae98fcbd583-L0003	G3S-1f6e9ae98fcbd583	G3-FINAL-007	G3S-1f6e9ae98fcbd583-SC-001	22	false
G3S-1f6e9ae98fcbd583-L0004	G3S-1f6e9ae98fcbd583	G3-FINAL-007	G3S-1f6e9ae98fcbd583-SC-001	22	false
G3S-1f6e9ae98fcbd583-L0005	G3S-1f6e9ae98fcbd583	G3-FINAL-007	G3S-1f6e9ae98fcbd583-SC-001	22	false
G3S-1f6e9ae98fcbd583-L0006	G3S-1f6e9ae98fcbd583	G3-FINAL-007	G3S-1f6e9ae98fcbd583-SC-001	22	false
G3S-1f6e9ae98fcbd583-L0007	G3S-1f6e9ae98fcbd583	G3-FINAL-007	G3S-1f6e9ae98fcbd583-SC-001	22	false
G3S-1f6e9ae98fcbd583-L0008	G3S-1f6e9ae98fcbd583	G3-FINAL-007	G3S-1f6e9ae98fcbd583-SC-001	22	false
G3S-1f6e9ae98fcbd583-L0009	G3S-1f6e9ae98fcbd583	G3-FINAL-007	G3S-1f6e9ae98fcbd583-SC-001	22	false
G3S-1f6e9ae98fcbd583-L0010	G3S-1f6e9ae98fcbd583	G3-FINAL-007	G3S-1f6e9ae98fcbd583-SC-001	22	false
G3S-1f6e9ae98fcbd583-L0011	G3S-1f6e9ae98fcbd583	G3-FINAL-007	G3S-1f6e9ae98fcbd583-SC-001	22	false
G3S-1f6e9ae98fcbd583-L0012	G3S-1f6e9ae98fcbd583	G3-FINAL-007	G3S-1f6e9ae98fcbd583-SC-001	22	false
G3S-1f6e9ae98fcbd583-L0013	G3S-1f6e9ae98fcbd583	G3-FINAL-007	G3S-1f6e9ae98fcbd583-SC-001	22	false
G3S-1f6e9ae98fcbd583-L0014	G3S-1f6e9ae98fcbd583	G3-FINAL-007	G3S-1f6e9ae98fcbd583-SC-001	22	false
G3S-1f6e9ae98fcbd583-L0015	G3S-1f6e9ae98fcbd583	G3-FINAL-007	G3S-1f6e9ae98fcbd583-SC-001	22	false
G3S-1f6e9ae98fcbd583-L0016	G3S-1f6e9ae98fcbd583	G3-FINAL-007	G3S-1f6e9ae98fcbd583-SC-001	22	false
G3S-1f6e9ae98fcbd583-L0017	G3S-1f6e9ae98fcbd583	G3-FINAL-007	G3S-1f6e9ae98fcbd583-SC-001	22	false
G3S-1f6e9ae98fcbd583-L0018	G3S-1f6e9ae98fcbd583	G3-FINAL-007	G3S-1f6e9ae98fcbd583-SC-001	22	false
G3S-1f6e9ae98fcbd583-L0019	G3S-1f6e9ae98fcbd583	G3-FINAL-007	G3S-1f6e9ae98fcbd583-SC-001	22	false
G3S-1f6e9ae98fcbd583-L0020	G3S-1f6e9ae98fcbd583	G3-FINAL-007	G3S-1f6e9ae98fcbd583-SC-001	22	false
G3S-1f6e9ae98fcbd583-L0021	G3S-1f6e9ae98fcbd583	G3-FINAL-007	G3S-1f6e9ae98fcbd583-SC-001	22	false
G3S-1f6e9ae98fcbd583-L0022	G3S-1f6e9ae98fcbd583	G3-FINAL-007	G3S-1f6e9ae98fcbd583-SC-001	22	false
G3S-237de531113c65a9-L0001	G3S-237de531113c65a9	G3-FINAL-008	G3S-237de531113c65a9-SC-001	4	true
G3S-237de531113c65a9-L0002	G3S-237de531113c65a9	G3-FINAL-008	G3S-237de531113c65a9-SC-002	4	true
G3S-237de531113c65a9-L0003	G3S-237de531113c65a9	G3-FINAL-008	G3S-237de531113c65a9-SC-002	4	true
G3S-237de531113c65a9-L0004	G3S-237de531113c65a9	G3-FINAL-008	G3S-237de531113c65a9-SC-003	2	true
G3S-237de531113c65a9-L0005	G3S-237de531113c65a9	G3-FINAL-008	G3S-237de531113c65a9-SC-001	4	true
G3S-237de531113c65a9-L0006	G3S-237de531113c65a9	G3-FINAL-008	G3S-237de531113c65a9-SC-002	4	true
G3S-237de531113c65a9-L0007	G3S-237de531113c65a9	G3-FINAL-008	G3S-237de531113c65a9-SC-004	1	false
G3S-237de531113c65a9-L0008	G3S-237de531113c65a9	G3-FINAL-008	G3S-237de531113c65a9-SC-001	4	true
G3S-237de531113c65a9-L0009	G3S-237de531113c65a9	G3-FINAL-008	G3S-237de531113c65a9-SC-003	2	true
G3S-237de531113c65a9-L0010	G3S-237de531113c65a9	G3-FINAL-008	G3S-237de531113c65a9-SC-001	4	true
G3S-237de531113c65a9-L0011	G3S-237de531113c65a9	G3-FINAL-008	G3S-237de531113c65a9-SC-002	4	true
G3S-2a143dedddd90694-L0001	G3S-2a143dedddd90694	G3-FINAL-009	G3S-2a143dedddd90694-SC-001	11	false
G3S-2a143dedddd90694-L0002	G3S-2a143dedddd90694	G3-FINAL-009	G3S-2a143dedddd90694-SC-002	1	false
G3S-2a143dedddd90694-L0003	G3S-2a143dedddd90694	G3-FINAL-009	G3S-2a143dedddd90694-SC-001	11	false
G3S-2a143dedddd90694-L0004	G3S-2a143dedddd90694	G3-FINAL-009	G3S-2a143dedddd90694-SC-001	11	false
G3S-2a143dedddd90694-L0006	G3S-2a143dedddd90694	G3-FINAL-009	G3S-2a143dedddd90694-SC-001	11	false
G3S-2a143dedddd90694-L0007	G3S-2a143dedddd90694	G3-FINAL-009	G3S-2a143dedddd90694-SC-001	11	false
G3S-2a143dedddd90694-L0008	G3S-2a143dedddd90694	G3-FINAL-009	G3S-2a143dedddd90694-SC-001	11	false
G3S-2a143dedddd90694-L0009	G3S-2a143dedddd90694	G3-FINAL-009	G3S-2a143dedddd90694-SC-003	1	false
G3S-2a143dedddd90694-L0010	G3S-2a143dedddd90694	G3-FINAL-009	G3S-2a143dedddd90694-SC-001	11	false
G3S-2a143dedddd90694-L0011	G3S-2a143dedddd90694	G3-FINAL-009	G3S-2a143dedddd90694-SC-001	11	false
G3S-2a143dedddd90694-L0012	G3S-2a143dedddd90694	G3-FINAL-009	G3S-2a143dedddd90694-SC-001	11	false
G3S-2a143dedddd90694-L0013	G3S-2a143dedddd90694	G3-FINAL-009	G3S-2a143dedddd90694-SC-001	11	false
G3S-2a143dedddd90694-L0014	G3S-2a143dedddd90694	G3-FINAL-009	G3S-2a143dedddd90694-SC-001	11	false
G3S-3021d6a688e870ed-L0001	G3S-3021d6a688e870ed	G3-FINAL-010	G3S-3021d6a688e870ed-SC-002	1	false
G3S-3021d6a688e870ed-L0002	G3S-3021d6a688e870ed	G3-FINAL-010	G3S-3021d6a688e870ed-SC-001	2	true
G3S-3021d6a688e870ed-L0003	G3S-3021d6a688e870ed	G3-FINAL-010	G3S-3021d6a688e870ed-SC-003	1	false
G3S-3021d6a688e870ed-L0004	G3S-3021d6a688e870ed	G3-FINAL-010	G3S-3021d6a688e870ed-SC-004	1	false
G3S-3021d6a688e870ed-L0005	G3S-3021d6a688e870ed	G3-FINAL-010	G3S-3021d6a688e870ed-SC-005	1	false
G3S-3021d6a688e870ed-L0006	G3S-3021d6a688e870ed	G3-FINAL-010	G3S-3021d6a688e870ed-SC-006	1	false
G3S-3021d6a688e870ed-L0007	G3S-3021d6a688e870ed	G3-FINAL-010	G3S-3021d6a688e870ed-SC-007	1	false
G3S-3021d6a688e870ed-L0008	G3S-3021d6a688e870ed	G3-FINAL-010	G3S-3021d6a688e870ed-SC-001	2	true
G3S-3021d6a688e870ed-L0009	G3S-3021d6a688e870ed	G3-FINAL-010	G3S-3021d6a688e870ed-SC-008	1	false
G3S-3021d6a688e870ed-L0010	G3S-3021d6a688e870ed	G3-FINAL-010	G3S-3021d6a688e870ed-SC-009	1	false
G3S-3021d6a688e870ed-L0011	G3S-3021d6a688e870ed	G3-FINAL-010	G3S-3021d6a688e870ed-SC-010	1	false
G3S-3a4ac119455247b0-L0001	G3S-3a4ac119455247b0	G3-FINAL-011	G3S-3a4ac119455247b0-SC-001	7	false
G3S-3a4ac119455247b0-L0002	G3S-3a4ac119455247b0	G3-FINAL-011	G3S-3a4ac119455247b0-SC-001	7	false
G3S-3a4ac119455247b0-L0003	G3S-3a4ac119455247b0	G3-FINAL-011	G3S-3a4ac119455247b0-SC-001	7	false
G3S-3a4ac119455247b0-L0004	G3S-3a4ac119455247b0	G3-FINAL-011	G3S-3a4ac119455247b0-SC-002	1	false
G3S-3a4ac119455247b0-L0005	G3S-3a4ac119455247b0	G3-FINAL-011	G3S-3a4ac119455247b0-SC-001	7	false
G3S-3a4ac119455247b0-L0006	G3S-3a4ac119455247b0	G3-FINAL-011	G3S-3a4ac119455247b0-SC-001	7	false
G3S-3a4ac119455247b0-L0007	G3S-3a4ac119455247b0	G3-FINAL-011	G3S-3a4ac119455247b0-SC-001	7	false
G3S-3a4ac119455247b0-L0008	G3S-3a4ac119455247b0	G3-FINAL-011	G3S-3a4ac119455247b0-SC-001	7	false
G3S-3bfb2092ea669ef8-L0001	G3S-3bfb2092ea669ef8	G3-FINAL-012	G3S-3bfb2092ea669ef8-SC-002	4	true
G3S-3bfb2092ea669ef8-L0002	G3S-3bfb2092ea669ef8	G3-FINAL-012	G3S-3bfb2092ea669ef8-SC-001	8	false
G3S-3bfb2092ea669ef8-L0003	G3S-3bfb2092ea669ef8	G3-FINAL-012	G3S-3bfb2092ea669ef8-SC-001	8	false
G3S-3bfb2092ea669ef8-L0004	G3S-3bfb2092ea669ef8	G3-FINAL-012	G3S-3bfb2092ea669ef8-SC-002	4	true
G3S-3bfb2092ea669ef8-L0005	G3S-3bfb2092ea669ef8	G3-FINAL-012	G3S-3bfb2092ea669ef8-SC-002	4	true
G3S-3bfb2092ea669ef8-L0006	G3S-3bfb2092ea669ef8	G3-FINAL-012	G3S-3bfb2092ea669ef8-SC-001	8	false
G3S-3bfb2092ea669ef8-L0007	G3S-3bfb2092ea669ef8	G3-FINAL-012	G3S-3bfb2092ea669ef8-SC-001	8	false
G3S-3bfb2092ea669ef8-L0008	G3S-3bfb2092ea669ef8	G3-FINAL-012	G3S-3bfb2092ea669ef8-SC-001	8	false
G3S-3bfb2092ea669ef8-L0009	G3S-3bfb2092ea669ef8	G3-FINAL-012	G3S-3bfb2092ea669ef8-SC-002	4	true
G3S-3bfb2092ea669ef8-L0010	G3S-3bfb2092ea669ef8	G3-FINAL-012	G3S-3bfb2092ea669ef8-SC-001	8	false
G3S-3bfb2092ea669ef8-L0012	G3S-3bfb2092ea669ef8	G3-FINAL-012	G3S-3bfb2092ea669ef8-SC-001	8	false
G3S-3bfb2092ea669ef8-L0013	G3S-3bfb2092ea669ef8	G3-FINAL-012	G3S-3bfb2092ea669ef8-SC-001	8	false
G3S-3c840aaf07c196c4-L0001	G3S-3c840aaf07c196c4	G3-FINAL-013	G3S-3c840aaf07c196c4-SC-001	15	false
G3S-3c840aaf07c196c4-L0002	G3S-3c840aaf07c196c4	G3-FINAL-013	G3S-3c840aaf07c196c4-SC-001	15	false
G3S-3c840aaf07c196c4-L0003	G3S-3c840aaf07c196c4	G3-FINAL-013	G3S-3c840aaf07c196c4-SC-001	15	false
G3S-3c840aaf07c196c4-L0004	G3S-3c840aaf07c196c4	G3-FINAL-013	G3S-3c840aaf07c196c4-SC-001	15	false
G3S-3c840aaf07c196c4-L0005	G3S-3c840aaf07c196c4	G3-FINAL-013	G3S-3c840aaf07c196c4-SC-001	15	false
G3S-3c840aaf07c196c4-L0006	G3S-3c840aaf07c196c4	G3-FINAL-013	G3S-3c840aaf07c196c4-SC-001	15	false
G3S-3c840aaf07c196c4-L0007	G3S-3c840aaf07c196c4	G3-FINAL-013	G3S-3c840aaf07c196c4-SC-001	15	false
G3S-3c840aaf07c196c4-L0008	G3S-3c840aaf07c196c4	G3-FINAL-013	G3S-3c840aaf07c196c4-SC-001	15	false
G3S-3c840aaf07c196c4-L0009	G3S-3c840aaf07c196c4	G3-FINAL-013	G3S-3c840aaf07c196c4-SC-001	15	false
G3S-3c840aaf07c196c4-L0010	G3S-3c840aaf07c196c4	G3-FINAL-013	G3S-3c840aaf07c196c4-SC-002	1	false
G3S-3c840aaf07c196c4-L0011	G3S-3c840aaf07c196c4	G3-FINAL-013	G3S-3c840aaf07c196c4-SC-001	15	false
G3S-3c840aaf07c196c4-L0012	G3S-3c840aaf07c196c4	G3-FINAL-013	G3S-3c840aaf07c196c4-SC-001	15	false
G3S-3c840aaf07c196c4-L0013	G3S-3c840aaf07c196c4	G3-FINAL-013	G3S-3c840aaf07c196c4-SC-003	1	false
G3S-3c840aaf07c196c4-L0014	G3S-3c840aaf07c196c4	G3-FINAL-013	G3S-3c840aaf07c196c4-SC-001	15	false
G3S-3c840aaf07c196c4-L0015	G3S-3c840aaf07c196c4	G3-FINAL-013	G3S-3c840aaf07c196c4-SC-001	15	false
G3S-3c840aaf07c196c4-L0016	G3S-3c840aaf07c196c4	G3-FINAL-013	G3S-3c840aaf07c196c4-SC-001	15	false
G3S-3c840aaf07c196c4-L0017	G3S-3c840aaf07c196c4	G3-FINAL-013	G3S-3c840aaf07c196c4-SC-001	15	false
G3S-441b618a57261680-L0001	G3S-441b618a57261680	G3-FINAL-014	G3S-441b618a57261680-SC-001	15	true
G3S-441b618a57261680-L0002	G3S-441b618a57261680	G3-FINAL-014	G3S-441b618a57261680-SC-001	15	true
G3S-441b618a57261680-L0003	G3S-441b618a57261680	G3-FINAL-014	G3S-441b618a57261680-SC-001	15	true
G3S-441b618a57261680-L0004	G3S-441b618a57261680	G3-FINAL-014	G3S-441b618a57261680-SC-001	15	true
G3S-441b618a57261680-L0005	G3S-441b618a57261680	G3-FINAL-014	G3S-441b618a57261680-SC-001	15	true
G3S-441b618a57261680-L0006	G3S-441b618a57261680	G3-FINAL-014	G3S-441b618a57261680-SC-002	6	true
G3S-441b618a57261680-L0007	G3S-441b618a57261680	G3-FINAL-014	G3S-441b618a57261680-SC-001	15	true
G3S-441b618a57261680-L0008	G3S-441b618a57261680	G3-FINAL-014	G3S-441b618a57261680-SC-001	15	true
G3S-441b618a57261680-L0009	G3S-441b618a57261680	G3-FINAL-014	G3S-441b618a57261680-SC-001	15	true
G3S-441b618a57261680-L0011	G3S-441b618a57261680	G3-FINAL-014	G3S-441b618a57261680-SC-002	6	true
G3S-441b618a57261680-L0012	G3S-441b618a57261680	G3-FINAL-014	G3S-441b618a57261680-SC-001	15	true
G3S-441b618a57261680-L0013	G3S-441b618a57261680	G3-FINAL-014	G3S-441b618a57261680-SC-001	15	true
G3S-441b618a57261680-L0014	G3S-441b618a57261680	G3-FINAL-014	G3S-441b618a57261680-SC-001	15	true
G3S-441b618a57261680-L0015	G3S-441b618a57261680	G3-FINAL-014	G3S-441b618a57261680-SC-002	6	true
G3S-441b618a57261680-L0016	G3S-441b618a57261680	G3-FINAL-014	G3S-441b618a57261680-SC-002	6	true
G3S-441b618a57261680-L0017	G3S-441b618a57261680	G3-FINAL-014	G3S-441b618a57261680-SC-002	6	true
G3S-441b618a57261680-L0018	G3S-441b618a57261680	G3-FINAL-014	G3S-441b618a57261680-SC-001	15	true
G3S-441b618a57261680-L0019	G3S-441b618a57261680	G3-FINAL-014	G3S-441b618a57261680-SC-001	15	true
G3S-441b618a57261680-L0020	G3S-441b618a57261680	G3-FINAL-014	G3S-441b618a57261680-SC-001	15	true
G3S-441b618a57261680-L0021	G3S-441b618a57261680	G3-FINAL-014	G3S-441b618a57261680-SC-002	6	true
G3S-441b618a57261680-L0022	G3S-441b618a57261680	G3-FINAL-014	G3S-441b618a57261680-SC-001	15	true
G3S-532f119ff68b2182-L0001	G3S-532f119ff68b2182	G3-FINAL-015	G3S-532f119ff68b2182-SC-001	13	false
G3S-532f119ff68b2182-L0002	G3S-532f119ff68b2182	G3-FINAL-015	G3S-532f119ff68b2182-SC-001	13	false
G3S-532f119ff68b2182-L0003	G3S-532f119ff68b2182	G3-FINAL-015	G3S-532f119ff68b2182-SC-001	13	false
G3S-532f119ff68b2182-L0004	G3S-532f119ff68b2182	G3-FINAL-015	G3S-532f119ff68b2182-SC-001	13	false
G3S-532f119ff68b2182-L0005	G3S-532f119ff68b2182	G3-FINAL-015	G3S-532f119ff68b2182-SC-001	13	false
G3S-532f119ff68b2182-L0006	G3S-532f119ff68b2182	G3-FINAL-015	G3S-532f119ff68b2182-SC-001	13	false
G3S-532f119ff68b2182-L0007	G3S-532f119ff68b2182	G3-FINAL-015	G3S-532f119ff68b2182-SC-001	13	false
G3S-532f119ff68b2182-L0008	G3S-532f119ff68b2182	G3-FINAL-015	G3S-532f119ff68b2182-SC-001	13	false
G3S-532f119ff68b2182-L0009	G3S-532f119ff68b2182	G3-FINAL-015	G3S-532f119ff68b2182-SC-001	13	false
G3S-532f119ff68b2182-L0010	G3S-532f119ff68b2182	G3-FINAL-015	G3S-532f119ff68b2182-SC-001	13	false
G3S-532f119ff68b2182-L0011	G3S-532f119ff68b2182	G3-FINAL-015	G3S-532f119ff68b2182-SC-001	13	false
G3S-532f119ff68b2182-L0012	G3S-532f119ff68b2182	G3-FINAL-015	G3S-532f119ff68b2182-SC-001	13	false
G3S-532f119ff68b2182-L0013	G3S-532f119ff68b2182	G3-FINAL-015	G3S-532f119ff68b2182-SC-001	13	false
G3S-5fea584126042c2e-L0001	G3S-5fea584126042c2e	G3-FINAL-016	G3S-5fea584126042c2e-SC-001	11	false
G3S-5fea584126042c2e-L0002	G3S-5fea584126042c2e	G3-FINAL-016	G3S-5fea584126042c2e-SC-001	11	false
G3S-5fea584126042c2e-L0004	G3S-5fea584126042c2e	G3-FINAL-016	G3S-5fea584126042c2e-SC-001	11	false
G3S-5fea584126042c2e-L0005	G3S-5fea584126042c2e	G3-FINAL-016	G3S-5fea584126042c2e-SC-001	11	false
G3S-5fea584126042c2e-L0006	G3S-5fea584126042c2e	G3-FINAL-016	G3S-5fea584126042c2e-SC-001	11	false
G3S-5fea584126042c2e-L0007	G3S-5fea584126042c2e	G3-FINAL-016	G3S-5fea584126042c2e-SC-001	11	false
G3S-5fea584126042c2e-L0008	G3S-5fea584126042c2e	G3-FINAL-016	G3S-5fea584126042c2e-SC-001	11	false
G3S-5fea584126042c2e-L0009	G3S-5fea584126042c2e	G3-FINAL-016	G3S-5fea584126042c2e-SC-001	11	false
G3S-5fea584126042c2e-L0010	G3S-5fea584126042c2e	G3-FINAL-016	G3S-5fea584126042c2e-SC-001	11	false
G3S-5fea584126042c2e-L0011	G3S-5fea584126042c2e	G3-FINAL-016	G3S-5fea584126042c2e-SC-001	11	false
G3S-5fea584126042c2e-L0012	G3S-5fea584126042c2e	G3-FINAL-016	G3S-5fea584126042c2e-SC-001	11	false
G3S-61544361ce31eac2-L0001	G3S-61544361ce31eac2	G3-FINAL-017	G3S-61544361ce31eac2-SC-001	14	false
G3S-61544361ce31eac2-L0002	G3S-61544361ce31eac2	G3-FINAL-017	G3S-61544361ce31eac2-SC-001	14	false
G3S-61544361ce31eac2-L0003	G3S-61544361ce31eac2	G3-FINAL-017	G3S-61544361ce31eac2-SC-001	14	false
G3S-61544361ce31eac2-L0004	G3S-61544361ce31eac2	G3-FINAL-017	G3S-61544361ce31eac2-SC-001	14	false
G3S-61544361ce31eac2-L0005	G3S-61544361ce31eac2	G3-FINAL-017	G3S-61544361ce31eac2-SC-001	14	false
G3S-61544361ce31eac2-L0006	G3S-61544361ce31eac2	G3-FINAL-017	G3S-61544361ce31eac2-SC-001	14	false
G3S-61544361ce31eac2-L0007	G3S-61544361ce31eac2	G3-FINAL-017	G3S-61544361ce31eac2-SC-001	14	false
G3S-61544361ce31eac2-L0008	G3S-61544361ce31eac2	G3-FINAL-017	G3S-61544361ce31eac2-SC-001	14	false
G3S-61544361ce31eac2-L0009	G3S-61544361ce31eac2	G3-FINAL-017	G3S-61544361ce31eac2-SC-001	14	false
G3S-61544361ce31eac2-L0010	G3S-61544361ce31eac2	G3-FINAL-017	G3S-61544361ce31eac2-SC-001	14	false
G3S-61544361ce31eac2-L0011	G3S-61544361ce31eac2	G3-FINAL-017	G3S-61544361ce31eac2-SC-001	14	false
G3S-61544361ce31eac2-L0013	G3S-61544361ce31eac2	G3-FINAL-017	G3S-61544361ce31eac2-SC-001	14	false
G3S-61544361ce31eac2-L0014	G3S-61544361ce31eac2	G3-FINAL-017	G3S-61544361ce31eac2-SC-001	14	false
G3S-61544361ce31eac2-L0015	G3S-61544361ce31eac2	G3-FINAL-017	G3S-61544361ce31eac2-SC-001	14	false
G3S-61544361ce31eac2-L0016	G3S-61544361ce31eac2	G3-FINAL-017	G3S-61544361ce31eac2-SC-002	1	false
G3S-6454ff7a6533168a-L0001	G3S-6454ff7a6533168a	G3-FINAL-018	G3S-6454ff7a6533168a-SC-001	7	false
G3S-6454ff7a6533168a-L0002	G3S-6454ff7a6533168a	G3-FINAL-018	G3S-6454ff7a6533168a-SC-001	7	false
G3S-6454ff7a6533168a-L0003	G3S-6454ff7a6533168a	G3-FINAL-018	G3S-6454ff7a6533168a-SC-001	7	false
G3S-6454ff7a6533168a-L0004	G3S-6454ff7a6533168a	G3-FINAL-018	G3S-6454ff7a6533168a-SC-002	1	false
G3S-6454ff7a6533168a-L0005	G3S-6454ff7a6533168a	G3-FINAL-018	G3S-6454ff7a6533168a-SC-003	1	false
G3S-6454ff7a6533168a-L0006	G3S-6454ff7a6533168a	G3-FINAL-018	G3S-6454ff7a6533168a-SC-001	7	false
G3S-6454ff7a6533168a-L0007	G3S-6454ff7a6533168a	G3-FINAL-018	G3S-6454ff7a6533168a-SC-001	7	false
G3S-6454ff7a6533168a-L0008	G3S-6454ff7a6533168a	G3-FINAL-018	G3S-6454ff7a6533168a-SC-001	7	false
G3S-6454ff7a6533168a-L0009	G3S-6454ff7a6533168a	G3-FINAL-018	G3S-6454ff7a6533168a-SC-001	7	false
G3S-7258bf496c1f8d25-L0001	G3S-7258bf496c1f8d25	G3-FINAL-019	G3S-7258bf496c1f8d25-SC-001	31	false
G3S-7258bf496c1f8d25-L0003	G3S-7258bf496c1f8d25	G3-FINAL-019	G3S-7258bf496c1f8d25-SC-001	31	false
G3S-7258bf496c1f8d25-L0004	G3S-7258bf496c1f8d25	G3-FINAL-019	G3S-7258bf496c1f8d25-SC-001	31	false
G3S-7258bf496c1f8d25-L0005	G3S-7258bf496c1f8d25	G3-FINAL-019	G3S-7258bf496c1f8d25-SC-001	31	false
G3S-7258bf496c1f8d25-L0006	G3S-7258bf496c1f8d25	G3-FINAL-019	G3S-7258bf496c1f8d25-SC-002	1	false
G3S-7258bf496c1f8d25-L0007	G3S-7258bf496c1f8d25	G3-FINAL-019	G3S-7258bf496c1f8d25-SC-001	31	false
G3S-7258bf496c1f8d25-L0008	G3S-7258bf496c1f8d25	G3-FINAL-019	G3S-7258bf496c1f8d25-SC-001	31	false
G3S-7258bf496c1f8d25-L0009	G3S-7258bf496c1f8d25	G3-FINAL-019	G3S-7258bf496c1f8d25-SC-001	31	false
G3S-7258bf496c1f8d25-L0010	G3S-7258bf496c1f8d25	G3-FINAL-019	G3S-7258bf496c1f8d25-SC-001	31	false
G3S-7258bf496c1f8d25-L0011	G3S-7258bf496c1f8d25	G3-FINAL-019	G3S-7258bf496c1f8d25-SC-001	31	false
G3S-7258bf496c1f8d25-L0012	G3S-7258bf496c1f8d25	G3-FINAL-019	G3S-7258bf496c1f8d25-SC-001	31	false
G3S-7258bf496c1f8d25-L0013	G3S-7258bf496c1f8d25	G3-FINAL-019	G3S-7258bf496c1f8d25-SC-001	31	false
G3S-7258bf496c1f8d25-L0014	G3S-7258bf496c1f8d25	G3-FINAL-019	G3S-7258bf496c1f8d25-SC-001	31	false
G3S-7258bf496c1f8d25-L0015	G3S-7258bf496c1f8d25	G3-FINAL-019	G3S-7258bf496c1f8d25-SC-001	31	false
G3S-7258bf496c1f8d25-L0016	G3S-7258bf496c1f8d25	G3-FINAL-019	G3S-7258bf496c1f8d25-SC-001	31	false
G3S-7258bf496c1f8d25-L0017	G3S-7258bf496c1f8d25	G3-FINAL-019	G3S-7258bf496c1f8d25-SC-003	1	false
G3S-7258bf496c1f8d25-L0018	G3S-7258bf496c1f8d25	G3-FINAL-019	G3S-7258bf496c1f8d25-SC-001	31	false
G3S-7258bf496c1f8d25-L0019	G3S-7258bf496c1f8d25	G3-FINAL-019	G3S-7258bf496c1f8d25-SC-001	31	false
G3S-7258bf496c1f8d25-L0020	G3S-7258bf496c1f8d25	G3-FINAL-019	G3S-7258bf496c1f8d25-SC-001	31	false
G3S-7258bf496c1f8d25-L0021	G3S-7258bf496c1f8d25	G3-FINAL-019	G3S-7258bf496c1f8d25-SC-001	31	false
G3S-7258bf496c1f8d25-L0022	G3S-7258bf496c1f8d25	G3-FINAL-019	G3S-7258bf496c1f8d25-SC-001	31	false
G3S-7258bf496c1f8d25-L0023	G3S-7258bf496c1f8d25	G3-FINAL-019	G3S-7258bf496c1f8d25-SC-001	31	false
G3S-7258bf496c1f8d25-L0024	G3S-7258bf496c1f8d25	G3-FINAL-019	G3S-7258bf496c1f8d25-SC-001	31	false
G3S-7258bf496c1f8d25-L0025	G3S-7258bf496c1f8d25	G3-FINAL-019	G3S-7258bf496c1f8d25-SC-001	31	false
G3S-7258bf496c1f8d25-L0026	G3S-7258bf496c1f8d25	G3-FINAL-019	G3S-7258bf496c1f8d25-SC-001	31	false
G3S-7258bf496c1f8d25-L0027	G3S-7258bf496c1f8d25	G3-FINAL-019	G3S-7258bf496c1f8d25-SC-001	31	false
G3S-7258bf496c1f8d25-L0028	G3S-7258bf496c1f8d25	G3-FINAL-019	G3S-7258bf496c1f8d25-SC-001	31	false
G3S-7258bf496c1f8d25-L0029	G3S-7258bf496c1f8d25	G3-FINAL-019	G3S-7258bf496c1f8d25-SC-001	31	false
G3S-7258bf496c1f8d25-L0030	G3S-7258bf496c1f8d25	G3-FINAL-019	G3S-7258bf496c1f8d25-SC-001	31	false
G3S-7258bf496c1f8d25-L0031	G3S-7258bf496c1f8d25	G3-FINAL-019	G3S-7258bf496c1f8d25-SC-001	31	false
G3S-7258bf496c1f8d25-L0032	G3S-7258bf496c1f8d25	G3-FINAL-019	G3S-7258bf496c1f8d25-SC-001	31	false
G3S-7258bf496c1f8d25-L0033	G3S-7258bf496c1f8d25	G3-FINAL-019	G3S-7258bf496c1f8d25-SC-001	31	false
G3S-7258bf496c1f8d25-L0034	G3S-7258bf496c1f8d25	G3-FINAL-019	G3S-7258bf496c1f8d25-SC-001	31	false
G3S-7b63d80d43bd8871-L0001	G3S-7b63d80d43bd8871	G3-FINAL-020	G3S-7b63d80d43bd8871-SC-001	15	false
G3S-7b63d80d43bd8871-L0002	G3S-7b63d80d43bd8871	G3-FINAL-020	G3S-7b63d80d43bd8871-SC-001	15	false
G3S-7b63d80d43bd8871-L0003	G3S-7b63d80d43bd8871	G3-FINAL-020	G3S-7b63d80d43bd8871-SC-001	15	false
G3S-7b63d80d43bd8871-L0004	G3S-7b63d80d43bd8871	G3-FINAL-020	G3S-7b63d80d43bd8871-SC-001	15	false
G3S-7b63d80d43bd8871-L0005	G3S-7b63d80d43bd8871	G3-FINAL-020	G3S-7b63d80d43bd8871-SC-002	1	false
G3S-7b63d80d43bd8871-L0006	G3S-7b63d80d43bd8871	G3-FINAL-020	G3S-7b63d80d43bd8871-SC-001	15	false
G3S-7b63d80d43bd8871-L0007	G3S-7b63d80d43bd8871	G3-FINAL-020	G3S-7b63d80d43bd8871-SC-001	15	false
G3S-7b63d80d43bd8871-L0008	G3S-7b63d80d43bd8871	G3-FINAL-020	G3S-7b63d80d43bd8871-SC-001	15	false
G3S-7b63d80d43bd8871-L0009	G3S-7b63d80d43bd8871	G3-FINAL-020	G3S-7b63d80d43bd8871-SC-001	15	false
G3S-7b63d80d43bd8871-L0010	G3S-7b63d80d43bd8871	G3-FINAL-020	G3S-7b63d80d43bd8871-SC-001	15	false
G3S-7b63d80d43bd8871-L0011	G3S-7b63d80d43bd8871	G3-FINAL-020	G3S-7b63d80d43bd8871-SC-001	15	false
G3S-7b63d80d43bd8871-L0012	G3S-7b63d80d43bd8871	G3-FINAL-020	G3S-7b63d80d43bd8871-SC-001	15	false
G3S-7b63d80d43bd8871-L0013	G3S-7b63d80d43bd8871	G3-FINAL-020	G3S-7b63d80d43bd8871-SC-001	15	false
G3S-7b63d80d43bd8871-L0014	G3S-7b63d80d43bd8871	G3-FINAL-020	G3S-7b63d80d43bd8871-SC-001	15	false
G3S-7b63d80d43bd8871-L0015	G3S-7b63d80d43bd8871	G3-FINAL-020	G3S-7b63d80d43bd8871-SC-001	15	false
G3S-7b63d80d43bd8871-L0016	G3S-7b63d80d43bd8871	G3-FINAL-020	G3S-7b63d80d43bd8871-SC-001	15	false
G3S-7e32e8326784c5b1-L0001	G3S-7e32e8326784c5b1	G3-FINAL-021	G3S-7e32e8326784c5b1-SC-001	9	false
G3S-7e32e8326784c5b1-L0002	G3S-7e32e8326784c5b1	G3-FINAL-021	G3S-7e32e8326784c5b1-SC-001	9	false
G3S-7e32e8326784c5b1-L0003	G3S-7e32e8326784c5b1	G3-FINAL-021	G3S-7e32e8326784c5b1-SC-001	9	false
G3S-7e32e8326784c5b1-L0004	G3S-7e32e8326784c5b1	G3-FINAL-021	G3S-7e32e8326784c5b1-SC-001	9	false
G3S-7e32e8326784c5b1-L0005	G3S-7e32e8326784c5b1	G3-FINAL-021	G3S-7e32e8326784c5b1-SC-001	9	false
G3S-7e32e8326784c5b1-L0006	G3S-7e32e8326784c5b1	G3-FINAL-021	G3S-7e32e8326784c5b1-SC-001	9	false
G3S-7e32e8326784c5b1-L0007	G3S-7e32e8326784c5b1	G3-FINAL-021	G3S-7e32e8326784c5b1-SC-001	9	false
G3S-7e32e8326784c5b1-L0008	G3S-7e32e8326784c5b1	G3-FINAL-021	G3S-7e32e8326784c5b1-SC-001	9	false
G3S-7e32e8326784c5b1-L0009	G3S-7e32e8326784c5b1	G3-FINAL-021	G3S-7e32e8326784c5b1-SC-001	9	false
G3S-82d2cb1cb942342d-L0001	G3S-82d2cb1cb942342d	G3-FINAL-022	G3S-82d2cb1cb942342d-SC-001	37	false
G3S-82d2cb1cb942342d-L0002	G3S-82d2cb1cb942342d	G3-FINAL-022	G3S-82d2cb1cb942342d-SC-001	37	false
G3S-82d2cb1cb942342d-L0003	G3S-82d2cb1cb942342d	G3-FINAL-022	G3S-82d2cb1cb942342d-SC-001	37	false
G3S-82d2cb1cb942342d-L0004	G3S-82d2cb1cb942342d	G3-FINAL-022	G3S-82d2cb1cb942342d-SC-001	37	false
G3S-82d2cb1cb942342d-L0005	G3S-82d2cb1cb942342d	G3-FINAL-022	G3S-82d2cb1cb942342d-SC-001	37	false
G3S-82d2cb1cb942342d-L0006	G3S-82d2cb1cb942342d	G3-FINAL-022	G3S-82d2cb1cb942342d-SC-001	37	false
G3S-82d2cb1cb942342d-L0007	G3S-82d2cb1cb942342d	G3-FINAL-022	G3S-82d2cb1cb942342d-SC-001	37	false
G3S-82d2cb1cb942342d-L0008	G3S-82d2cb1cb942342d	G3-FINAL-022	G3S-82d2cb1cb942342d-SC-001	37	false
G3S-82d2cb1cb942342d-L0009	G3S-82d2cb1cb942342d	G3-FINAL-022	G3S-82d2cb1cb942342d-SC-001	37	false
G3S-82d2cb1cb942342d-L0010	G3S-82d2cb1cb942342d	G3-FINAL-022	G3S-82d2cb1cb942342d-SC-001	37	false
G3S-82d2cb1cb942342d-L0011	G3S-82d2cb1cb942342d	G3-FINAL-022	G3S-82d2cb1cb942342d-SC-001	37	false
G3S-82d2cb1cb942342d-L0012	G3S-82d2cb1cb942342d	G3-FINAL-022	G3S-82d2cb1cb942342d-SC-001	37	false
G3S-82d2cb1cb942342d-L0013	G3S-82d2cb1cb942342d	G3-FINAL-022	G3S-82d2cb1cb942342d-SC-001	37	false
G3S-82d2cb1cb942342d-L0014	G3S-82d2cb1cb942342d	G3-FINAL-022	G3S-82d2cb1cb942342d-SC-001	37	false
G3S-82d2cb1cb942342d-L0016	G3S-82d2cb1cb942342d	G3-FINAL-022	G3S-82d2cb1cb942342d-SC-001	37	false
G3S-82d2cb1cb942342d-L0017	G3S-82d2cb1cb942342d	G3-FINAL-022	G3S-82d2cb1cb942342d-SC-001	37	false
G3S-82d2cb1cb942342d-L0018	G3S-82d2cb1cb942342d	G3-FINAL-022	G3S-82d2cb1cb942342d-SC-001	37	false
G3S-82d2cb1cb942342d-L0019	G3S-82d2cb1cb942342d	G3-FINAL-022	G3S-82d2cb1cb942342d-SC-001	37	false
G3S-82d2cb1cb942342d-L0020	G3S-82d2cb1cb942342d	G3-FINAL-022	G3S-82d2cb1cb942342d-SC-001	37	false
G3S-82d2cb1cb942342d-L0021	G3S-82d2cb1cb942342d	G3-FINAL-022	G3S-82d2cb1cb942342d-SC-001	37	false
G3S-82d2cb1cb942342d-L0022	G3S-82d2cb1cb942342d	G3-FINAL-022	G3S-82d2cb1cb942342d-SC-001	37	false
G3S-82d2cb1cb942342d-L0023	G3S-82d2cb1cb942342d	G3-FINAL-022	G3S-82d2cb1cb942342d-SC-001	37	false
G3S-82d2cb1cb942342d-L0024	G3S-82d2cb1cb942342d	G3-FINAL-022	G3S-82d2cb1cb942342d-SC-001	37	false
G3S-82d2cb1cb942342d-L0025	G3S-82d2cb1cb942342d	G3-FINAL-022	G3S-82d2cb1cb942342d-SC-001	37	false
G3S-82d2cb1cb942342d-L0026	G3S-82d2cb1cb942342d	G3-FINAL-022	G3S-82d2cb1cb942342d-SC-001	37	false
G3S-82d2cb1cb942342d-L0027	G3S-82d2cb1cb942342d	G3-FINAL-022	G3S-82d2cb1cb942342d-SC-001	37	false
G3S-82d2cb1cb942342d-L0028	G3S-82d2cb1cb942342d	G3-FINAL-022	G3S-82d2cb1cb942342d-SC-001	37	false
G3S-82d2cb1cb942342d-L0029	G3S-82d2cb1cb942342d	G3-FINAL-022	G3S-82d2cb1cb942342d-SC-001	37	false
G3S-82d2cb1cb942342d-L0030	G3S-82d2cb1cb942342d	G3-FINAL-022	G3S-82d2cb1cb942342d-SC-001	37	false
G3S-82d2cb1cb942342d-L0031	G3S-82d2cb1cb942342d	G3-FINAL-022	G3S-82d2cb1cb942342d-SC-001	37	false
G3S-82d2cb1cb942342d-L0032	G3S-82d2cb1cb942342d	G3-FINAL-022	G3S-82d2cb1cb942342d-SC-001	37	false
G3S-82d2cb1cb942342d-L0033	G3S-82d2cb1cb942342d	G3-FINAL-022	G3S-82d2cb1cb942342d-SC-001	37	false
G3S-82d2cb1cb942342d-L0034	G3S-82d2cb1cb942342d	G3-FINAL-022	G3S-82d2cb1cb942342d-SC-001	37	false
G3S-82d2cb1cb942342d-L0035	G3S-82d2cb1cb942342d	G3-FINAL-022	G3S-82d2cb1cb942342d-SC-001	37	false
G3S-82d2cb1cb942342d-L0036	G3S-82d2cb1cb942342d	G3-FINAL-022	G3S-82d2cb1cb942342d-SC-001	37	false
G3S-82d2cb1cb942342d-L0037	G3S-82d2cb1cb942342d	G3-FINAL-022	G3S-82d2cb1cb942342d-SC-001	37	false
G3S-82d2cb1cb942342d-L0038	G3S-82d2cb1cb942342d	G3-FINAL-022	G3S-82d2cb1cb942342d-SC-001	37	false
G3S-83ba16a2ad335359-L0001	G3S-83ba16a2ad335359	G3-FINAL-023	G3S-83ba16a2ad335359-SC-001	8	false
G3S-83ba16a2ad335359-L0002	G3S-83ba16a2ad335359	G3-FINAL-023	G3S-83ba16a2ad335359-SC-001	8	false
G3S-83ba16a2ad335359-L0004	G3S-83ba16a2ad335359	G3-FINAL-023	G3S-83ba16a2ad335359-SC-001	8	false
G3S-83ba16a2ad335359-L0005	G3S-83ba16a2ad335359	G3-FINAL-023	G3S-83ba16a2ad335359-SC-001	8	false
G3S-83ba16a2ad335359-L0006	G3S-83ba16a2ad335359	G3-FINAL-023	G3S-83ba16a2ad335359-SC-001	8	false
G3S-83ba16a2ad335359-L0007	G3S-83ba16a2ad335359	G3-FINAL-023	G3S-83ba16a2ad335359-SC-001	8	false
G3S-83ba16a2ad335359-L0008	G3S-83ba16a2ad335359	G3-FINAL-023	G3S-83ba16a2ad335359-SC-001	8	false
G3S-83ba16a2ad335359-L0009	G3S-83ba16a2ad335359	G3-FINAL-023	G3S-83ba16a2ad335359-SC-001	8	false
G3S-8468ef8a559bdade-L0001	G3S-8468ef8a559bdade	G3-FINAL-024	G3S-8468ef8a559bdade-SC-002	1	false
G3S-8468ef8a559bdade-L0002	G3S-8468ef8a559bdade	G3-FINAL-024	G3S-8468ef8a559bdade-SC-001	40	false
G3S-8468ef8a559bdade-L0003	G3S-8468ef8a559bdade	G3-FINAL-024	G3S-8468ef8a559bdade-SC-001	40	false
G3S-8468ef8a559bdade-L0004	G3S-8468ef8a559bdade	G3-FINAL-024	G3S-8468ef8a559bdade-SC-001	40	false
G3S-8468ef8a559bdade-L0005	G3S-8468ef8a559bdade	G3-FINAL-024	G3S-8468ef8a559bdade-SC-001	40	false
G3S-8468ef8a559bdade-L0006	G3S-8468ef8a559bdade	G3-FINAL-024	G3S-8468ef8a559bdade-SC-001	40	false
G3S-8468ef8a559bdade-L0007	G3S-8468ef8a559bdade	G3-FINAL-024	G3S-8468ef8a559bdade-SC-001	40	false
G3S-8468ef8a559bdade-L0008	G3S-8468ef8a559bdade	G3-FINAL-024	G3S-8468ef8a559bdade-SC-001	40	false
G3S-8468ef8a559bdade-L0009	G3S-8468ef8a559bdade	G3-FINAL-024	G3S-8468ef8a559bdade-SC-001	40	false
G3S-8468ef8a559bdade-L0010	G3S-8468ef8a559bdade	G3-FINAL-024	G3S-8468ef8a559bdade-SC-001	40	false
G3S-8468ef8a559bdade-L0011	G3S-8468ef8a559bdade	G3-FINAL-024	G3S-8468ef8a559bdade-SC-001	40	false
G3S-8468ef8a559bdade-L0012	G3S-8468ef8a559bdade	G3-FINAL-024	G3S-8468ef8a559bdade-SC-001	40	false
G3S-8468ef8a559bdade-L0013	G3S-8468ef8a559bdade	G3-FINAL-024	G3S-8468ef8a559bdade-SC-001	40	false
G3S-8468ef8a559bdade-L0014	G3S-8468ef8a559bdade	G3-FINAL-024	G3S-8468ef8a559bdade-SC-001	40	false
G3S-8468ef8a559bdade-L0015	G3S-8468ef8a559bdade	G3-FINAL-024	G3S-8468ef8a559bdade-SC-001	40	false
G3S-8468ef8a559bdade-L0016	G3S-8468ef8a559bdade	G3-FINAL-024	G3S-8468ef8a559bdade-SC-001	40	false
G3S-8468ef8a559bdade-L0017	G3S-8468ef8a559bdade	G3-FINAL-024	G3S-8468ef8a559bdade-SC-001	40	false
G3S-8468ef8a559bdade-L0018	G3S-8468ef8a559bdade	G3-FINAL-024	G3S-8468ef8a559bdade-SC-001	40	false
G3S-8468ef8a559bdade-L0020	G3S-8468ef8a559bdade	G3-FINAL-024	G3S-8468ef8a559bdade-SC-001	40	false
G3S-8468ef8a559bdade-L0021	G3S-8468ef8a559bdade	G3-FINAL-024	G3S-8468ef8a559bdade-SC-003	1	false
G3S-8468ef8a559bdade-L0022	G3S-8468ef8a559bdade	G3-FINAL-024	G3S-8468ef8a559bdade-SC-001	40	false
G3S-8468ef8a559bdade-L0023	G3S-8468ef8a559bdade	G3-FINAL-024	G3S-8468ef8a559bdade-SC-001	40	false
G3S-8468ef8a559bdade-L0024	G3S-8468ef8a559bdade	G3-FINAL-024	G3S-8468ef8a559bdade-SC-001	40	false
G3S-8468ef8a559bdade-L0025	G3S-8468ef8a559bdade	G3-FINAL-024	G3S-8468ef8a559bdade-SC-001	40	false
G3S-8468ef8a559bdade-L0026	G3S-8468ef8a559bdade	G3-FINAL-024	G3S-8468ef8a559bdade-SC-001	40	false
G3S-8468ef8a559bdade-L0027	G3S-8468ef8a559bdade	G3-FINAL-024	G3S-8468ef8a559bdade-SC-001	40	false
G3S-8468ef8a559bdade-L0028	G3S-8468ef8a559bdade	G3-FINAL-024	G3S-8468ef8a559bdade-SC-001	40	false
G3S-8468ef8a559bdade-L0029	G3S-8468ef8a559bdade	G3-FINAL-024	G3S-8468ef8a559bdade-SC-001	40	false
G3S-8468ef8a559bdade-L0030	G3S-8468ef8a559bdade	G3-FINAL-024	G3S-8468ef8a559bdade-SC-001	40	false
G3S-8468ef8a559bdade-L0031	G3S-8468ef8a559bdade	G3-FINAL-024	G3S-8468ef8a559bdade-SC-001	40	false
G3S-8468ef8a559bdade-L0032	G3S-8468ef8a559bdade	G3-FINAL-024	G3S-8468ef8a559bdade-SC-001	40	false
G3S-8468ef8a559bdade-L0033	G3S-8468ef8a559bdade	G3-FINAL-024	G3S-8468ef8a559bdade-SC-001	40	false
G3S-8468ef8a559bdade-L0034	G3S-8468ef8a559bdade	G3-FINAL-024	G3S-8468ef8a559bdade-SC-001	40	false
G3S-8468ef8a559bdade-L0035	G3S-8468ef8a559bdade	G3-FINAL-024	G3S-8468ef8a559bdade-SC-001	40	false
G3S-8468ef8a559bdade-L0036	G3S-8468ef8a559bdade	G3-FINAL-024	G3S-8468ef8a559bdade-SC-001	40	false
G3S-8468ef8a559bdade-L0037	G3S-8468ef8a559bdade	G3-FINAL-024	G3S-8468ef8a559bdade-SC-001	40	false
G3S-8468ef8a559bdade-L0038	G3S-8468ef8a559bdade	G3-FINAL-024	G3S-8468ef8a559bdade-SC-001	40	false
G3S-8468ef8a559bdade-L0039	G3S-8468ef8a559bdade	G3-FINAL-024	G3S-8468ef8a559bdade-SC-001	40	false
G3S-8468ef8a559bdade-L0040	G3S-8468ef8a559bdade	G3-FINAL-024	G3S-8468ef8a559bdade-SC-001	40	false
G3S-8468ef8a559bdade-L0041	G3S-8468ef8a559bdade	G3-FINAL-024	G3S-8468ef8a559bdade-SC-001	40	false
G3S-8468ef8a559bdade-L0042	G3S-8468ef8a559bdade	G3-FINAL-024	G3S-8468ef8a559bdade-SC-001	40	false
G3S-8468ef8a559bdade-L0043	G3S-8468ef8a559bdade	G3-FINAL-024	G3S-8468ef8a559bdade-SC-001	40	false
G3S-95eff58067253a12-L0001	G3S-95eff58067253a12	G3-FINAL-025	G3S-95eff58067253a12-SC-001	7	false
G3S-95eff58067253a12-L0002	G3S-95eff58067253a12	G3-FINAL-025	G3S-95eff58067253a12-SC-001	7	false
G3S-95eff58067253a12-L0003	G3S-95eff58067253a12	G3-FINAL-025	G3S-95eff58067253a12-SC-001	7	false
G3S-95eff58067253a12-L0004	G3S-95eff58067253a12	G3-FINAL-025	G3S-95eff58067253a12-SC-001	7	false
G3S-95eff58067253a12-L0005	G3S-95eff58067253a12	G3-FINAL-025	G3S-95eff58067253a12-SC-002	2	true
G3S-95eff58067253a12-L0006	G3S-95eff58067253a12	G3-FINAL-025	G3S-95eff58067253a12-SC-001	7	false
G3S-95eff58067253a12-L0007	G3S-95eff58067253a12	G3-FINAL-025	G3S-95eff58067253a12-SC-001	7	false
G3S-95eff58067253a12-L0008	G3S-95eff58067253a12	G3-FINAL-025	G3S-95eff58067253a12-SC-001	7	false
G3S-95eff58067253a12-L0009	G3S-95eff58067253a12	G3-FINAL-025	G3S-95eff58067253a12-SC-002	2	true
G3S-a0eeacac2c679281-L0001	G3S-a0eeacac2c679281	G3-FINAL-026	G3S-a0eeacac2c679281-SC-001	10	false
G3S-a0eeacac2c679281-L0002	G3S-a0eeacac2c679281	G3-FINAL-026	G3S-a0eeacac2c679281-SC-001	10	false
G3S-a0eeacac2c679281-L0003	G3S-a0eeacac2c679281	G3-FINAL-026	G3S-a0eeacac2c679281-SC-001	10	false
G3S-a0eeacac2c679281-L0004	G3S-a0eeacac2c679281	G3-FINAL-026	G3S-a0eeacac2c679281-SC-001	10	false
G3S-a0eeacac2c679281-L0006	G3S-a0eeacac2c679281	G3-FINAL-026	G3S-a0eeacac2c679281-SC-001	10	false
G3S-a0eeacac2c679281-L0007	G3S-a0eeacac2c679281	G3-FINAL-026	G3S-a0eeacac2c679281-SC-001	10	false
G3S-a0eeacac2c679281-L0008	G3S-a0eeacac2c679281	G3-FINAL-026	G3S-a0eeacac2c679281-SC-001	10	false
G3S-a0eeacac2c679281-L0009	G3S-a0eeacac2c679281	G3-FINAL-026	G3S-a0eeacac2c679281-SC-002	2	true
G3S-a0eeacac2c679281-L0010	G3S-a0eeacac2c679281	G3-FINAL-026	G3S-a0eeacac2c679281-SC-002	2	true
G3S-a0eeacac2c679281-L0011	G3S-a0eeacac2c679281	G3-FINAL-026	G3S-a0eeacac2c679281-SC-001	10	false
G3S-a0eeacac2c679281-L0012	G3S-a0eeacac2c679281	G3-FINAL-026	G3S-a0eeacac2c679281-SC-001	10	false
G3S-a0eeacac2c679281-L0013	G3S-a0eeacac2c679281	G3-FINAL-026	G3S-a0eeacac2c679281-SC-001	10	false
G3S-b6b157cccce7111a-L0001	G3S-b6b157cccce7111a	G3-FINAL-027	G3S-b6b157cccce7111a-SC-002	1	false
G3S-b6b157cccce7111a-L0002	G3S-b6b157cccce7111a	G3-FINAL-027	G3S-b6b157cccce7111a-SC-001	6	false
G3S-b6b157cccce7111a-L0003	G3S-b6b157cccce7111a	G3-FINAL-027	G3S-b6b157cccce7111a-SC-001	6	false
G3S-b6b157cccce7111a-L0004	G3S-b6b157cccce7111a	G3-FINAL-027	G3S-b6b157cccce7111a-SC-001	6	false
G3S-b6b157cccce7111a-L0005	G3S-b6b157cccce7111a	G3-FINAL-027	G3S-b6b157cccce7111a-SC-001	6	false
G3S-b6b157cccce7111a-L0006	G3S-b6b157cccce7111a	G3-FINAL-027	G3S-b6b157cccce7111a-SC-003	1	false
G3S-b6b157cccce7111a-L0007	G3S-b6b157cccce7111a	G3-FINAL-027	G3S-b6b157cccce7111a-SC-001	6	false
G3S-b6b157cccce7111a-L0008	G3S-b6b157cccce7111a	G3-FINAL-027	G3S-b6b157cccce7111a-SC-001	6	false
G3S-c6c69878bad91dca-L0001	G3S-c6c69878bad91dca	G3-FINAL-028	G3S-c6c69878bad91dca-SC-002	1	false
G3S-c6c69878bad91dca-L0002	G3S-c6c69878bad91dca	G3-FINAL-028	G3S-c6c69878bad91dca-SC-003	1	false
G3S-c6c69878bad91dca-L0003	G3S-c6c69878bad91dca	G3-FINAL-028	G3S-c6c69878bad91dca-SC-004	1	false
G3S-c6c69878bad91dca-L0004	G3S-c6c69878bad91dca	G3-FINAL-028	G3S-c6c69878bad91dca-SC-001	3	true
G3S-c6c69878bad91dca-L0005	G3S-c6c69878bad91dca	G3-FINAL-028	G3S-c6c69878bad91dca-SC-005	1	false
G3S-c6c69878bad91dca-L0006	G3S-c6c69878bad91dca	G3-FINAL-028	G3S-c6c69878bad91dca-SC-001	3	true
G3S-c6c69878bad91dca-L0007	G3S-c6c69878bad91dca	G3-FINAL-028	G3S-c6c69878bad91dca-SC-006	1	false
G3S-c6c69878bad91dca-L0009	G3S-c6c69878bad91dca	G3-FINAL-028	G3S-c6c69878bad91dca-SC-007	1	false
G3S-c6c69878bad91dca-L0010	G3S-c6c69878bad91dca	G3-FINAL-028	G3S-c6c69878bad91dca-SC-008	1	false
G3S-c6c69878bad91dca-L0011	G3S-c6c69878bad91dca	G3-FINAL-028	G3S-c6c69878bad91dca-SC-009	1	false
G3S-c6c69878bad91dca-L0012	G3S-c6c69878bad91dca	G3-FINAL-028	G3S-c6c69878bad91dca-SC-010	1	false
G3S-c6c69878bad91dca-L0013	G3S-c6c69878bad91dca	G3-FINAL-028	G3S-c6c69878bad91dca-SC-011	1	false
G3S-c6c69878bad91dca-L0014	G3S-c6c69878bad91dca	G3-FINAL-028	G3S-c6c69878bad91dca-SC-012	1	false
G3S-c6c69878bad91dca-L0015	G3S-c6c69878bad91dca	G3-FINAL-028	G3S-c6c69878bad91dca-SC-013	1	false
G3S-c6c69878bad91dca-L0016	G3S-c6c69878bad91dca	G3-FINAL-028	G3S-c6c69878bad91dca-SC-014	1	false
G3S-c6c69878bad91dca-L0017	G3S-c6c69878bad91dca	G3-FINAL-028	G3S-c6c69878bad91dca-SC-015	1	false
G3S-c6c69878bad91dca-L0018	G3S-c6c69878bad91dca	G3-FINAL-028	G3S-c6c69878bad91dca-SC-001	3	true
G3S-c6c69878bad91dca-L0019	G3S-c6c69878bad91dca	G3-FINAL-028	G3S-c6c69878bad91dca-SC-016	1	false
G3S-cf9073a054dd1e8c-L0001	G3S-cf9073a054dd1e8c	G3-FINAL-029	G3S-cf9073a054dd1e8c-SC-001	31	false
G3S-cf9073a054dd1e8c-L0002	G3S-cf9073a054dd1e8c	G3-FINAL-029	G3S-cf9073a054dd1e8c-SC-001	31	false
G3S-cf9073a054dd1e8c-L0003	G3S-cf9073a054dd1e8c	G3-FINAL-029	G3S-cf9073a054dd1e8c-SC-001	31	false
G3S-cf9073a054dd1e8c-L0004	G3S-cf9073a054dd1e8c	G3-FINAL-029	G3S-cf9073a054dd1e8c-SC-001	31	false
G3S-cf9073a054dd1e8c-L0005	G3S-cf9073a054dd1e8c	G3-FINAL-029	G3S-cf9073a054dd1e8c-SC-001	31	false
G3S-cf9073a054dd1e8c-L0006	G3S-cf9073a054dd1e8c	G3-FINAL-029	G3S-cf9073a054dd1e8c-SC-001	31	false
G3S-cf9073a054dd1e8c-L0007	G3S-cf9073a054dd1e8c	G3-FINAL-029	G3S-cf9073a054dd1e8c-SC-001	31	false
G3S-cf9073a054dd1e8c-L0008	G3S-cf9073a054dd1e8c	G3-FINAL-029	G3S-cf9073a054dd1e8c-SC-001	31	false
G3S-cf9073a054dd1e8c-L0009	G3S-cf9073a054dd1e8c	G3-FINAL-029	G3S-cf9073a054dd1e8c-SC-001	31	false
G3S-cf9073a054dd1e8c-L0010	G3S-cf9073a054dd1e8c	G3-FINAL-029	G3S-cf9073a054dd1e8c-SC-001	31	false
G3S-cf9073a054dd1e8c-L0011	G3S-cf9073a054dd1e8c	G3-FINAL-029	G3S-cf9073a054dd1e8c-SC-001	31	false
G3S-cf9073a054dd1e8c-L0012	G3S-cf9073a054dd1e8c	G3-FINAL-029	G3S-cf9073a054dd1e8c-SC-001	31	false
G3S-cf9073a054dd1e8c-L0013	G3S-cf9073a054dd1e8c	G3-FINAL-029	G3S-cf9073a054dd1e8c-SC-001	31	false
G3S-cf9073a054dd1e8c-L0014	G3S-cf9073a054dd1e8c	G3-FINAL-029	G3S-cf9073a054dd1e8c-SC-001	31	false
G3S-cf9073a054dd1e8c-L0015	G3S-cf9073a054dd1e8c	G3-FINAL-029	G3S-cf9073a054dd1e8c-SC-001	31	false
G3S-cf9073a054dd1e8c-L0016	G3S-cf9073a054dd1e8c	G3-FINAL-029	G3S-cf9073a054dd1e8c-SC-001	31	false
G3S-cf9073a054dd1e8c-L0017	G3S-cf9073a054dd1e8c	G3-FINAL-029	G3S-cf9073a054dd1e8c-SC-001	31	false
G3S-cf9073a054dd1e8c-L0018	G3S-cf9073a054dd1e8c	G3-FINAL-029	G3S-cf9073a054dd1e8c-SC-001	31	false
G3S-cf9073a054dd1e8c-L0019	G3S-cf9073a054dd1e8c	G3-FINAL-029	G3S-cf9073a054dd1e8c-SC-001	31	false
G3S-cf9073a054dd1e8c-L0020	G3S-cf9073a054dd1e8c	G3-FINAL-029	G3S-cf9073a054dd1e8c-SC-001	31	false
G3S-cf9073a054dd1e8c-L0021	G3S-cf9073a054dd1e8c	G3-FINAL-029	G3S-cf9073a054dd1e8c-SC-001	31	false
G3S-cf9073a054dd1e8c-L0022	G3S-cf9073a054dd1e8c	G3-FINAL-029	G3S-cf9073a054dd1e8c-SC-001	31	false
G3S-cf9073a054dd1e8c-L0023	G3S-cf9073a054dd1e8c	G3-FINAL-029	G3S-cf9073a054dd1e8c-SC-001	31	false
G3S-cf9073a054dd1e8c-L0024	G3S-cf9073a054dd1e8c	G3-FINAL-029	G3S-cf9073a054dd1e8c-SC-001	31	false
G3S-cf9073a054dd1e8c-L0025	G3S-cf9073a054dd1e8c	G3-FINAL-029	G3S-cf9073a054dd1e8c-SC-001	31	false
G3S-cf9073a054dd1e8c-L0026	G3S-cf9073a054dd1e8c	G3-FINAL-029	G3S-cf9073a054dd1e8c-SC-001	31	false
G3S-cf9073a054dd1e8c-L0027	G3S-cf9073a054dd1e8c	G3-FINAL-029	G3S-cf9073a054dd1e8c-SC-001	31	false
G3S-cf9073a054dd1e8c-L0028	G3S-cf9073a054dd1e8c	G3-FINAL-029	G3S-cf9073a054dd1e8c-SC-001	31	false
G3S-cf9073a054dd1e8c-L0029	G3S-cf9073a054dd1e8c	G3-FINAL-029	G3S-cf9073a054dd1e8c-SC-001	31	false
G3S-cf9073a054dd1e8c-L0030	G3S-cf9073a054dd1e8c	G3-FINAL-029	G3S-cf9073a054dd1e8c-SC-001	31	false
G3S-cf9073a054dd1e8c-L0031	G3S-cf9073a054dd1e8c	G3-FINAL-029	G3S-cf9073a054dd1e8c-SC-001	31	false
G3S-da8fc773cdc768de-L0002	G3S-da8fc773cdc768de	G3-FINAL-030	G3S-da8fc773cdc768de-SC-004	2	true
G3S-da8fc773cdc768de-L0003	G3S-da8fc773cdc768de	G3-FINAL-030	G3S-da8fc773cdc768de-SC-001	7	true
G3S-da8fc773cdc768de-L0004	G3S-da8fc773cdc768de	G3-FINAL-030	G3S-da8fc773cdc768de-SC-003	3	true
G3S-da8fc773cdc768de-L0005	G3S-da8fc773cdc768de	G3-FINAL-030	G3S-da8fc773cdc768de-SC-001	7	true
G3S-da8fc773cdc768de-L0006	G3S-da8fc773cdc768de	G3-FINAL-030	G3S-da8fc773cdc768de-SC-002	7	true
G3S-da8fc773cdc768de-L0007	G3S-da8fc773cdc768de	G3-FINAL-030	G3S-da8fc773cdc768de-SC-005	1	false
G3S-da8fc773cdc768de-L0008	G3S-da8fc773cdc768de	G3-FINAL-030	G3S-da8fc773cdc768de-SC-001	7	true
G3S-da8fc773cdc768de-L0009	G3S-da8fc773cdc768de	G3-FINAL-030	G3S-da8fc773cdc768de-SC-002	7	true
G3S-da8fc773cdc768de-L0010	G3S-da8fc773cdc768de	G3-FINAL-030	G3S-da8fc773cdc768de-SC-001	7	true
G3S-da8fc773cdc768de-L0011	G3S-da8fc773cdc768de	G3-FINAL-030	G3S-da8fc773cdc768de-SC-004	2	true
G3S-da8fc773cdc768de-L0012	G3S-da8fc773cdc768de	G3-FINAL-030	G3S-da8fc773cdc768de-SC-003	3	true
G3S-da8fc773cdc768de-L0013	G3S-da8fc773cdc768de	G3-FINAL-030	G3S-da8fc773cdc768de-SC-001	7	true
G3S-da8fc773cdc768de-L0014	G3S-da8fc773cdc768de	G3-FINAL-030	G3S-da8fc773cdc768de-SC-001	7	true
G3S-da8fc773cdc768de-L0015	G3S-da8fc773cdc768de	G3-FINAL-030	G3S-da8fc773cdc768de-SC-002	7	true
G3S-da8fc773cdc768de-L0016	G3S-da8fc773cdc768de	G3-FINAL-030	G3S-da8fc773cdc768de-SC-002	7	true
G3S-da8fc773cdc768de-L0017	G3S-da8fc773cdc768de	G3-FINAL-030	G3S-da8fc773cdc768de-SC-002	7	true
G3S-da8fc773cdc768de-L0018	G3S-da8fc773cdc768de	G3-FINAL-030	G3S-da8fc773cdc768de-SC-001	7	true
G3S-da8fc773cdc768de-L0019	G3S-da8fc773cdc768de	G3-FINAL-030	G3S-da8fc773cdc768de-SC-003	3	true
G3S-da8fc773cdc768de-L0020	G3S-da8fc773cdc768de	G3-FINAL-030	G3S-da8fc773cdc768de-SC-002	7	true
G3S-da8fc773cdc768de-L0021	G3S-da8fc773cdc768de	G3-FINAL-030	G3S-da8fc773cdc768de-SC-002	7	true
G3S-de0a2a7c1887af78-L0001	G3S-de0a2a7c1887af78	G3-FINAL-031	G3S-de0a2a7c1887af78-SC-003	1	false
G3S-de0a2a7c1887af78-L0002	G3S-de0a2a7c1887af78	G3-FINAL-031	G3S-de0a2a7c1887af78-SC-002	5	true
G3S-de0a2a7c1887af78-L0003	G3S-de0a2a7c1887af78	G3-FINAL-031	G3S-de0a2a7c1887af78-SC-004	1	false
G3S-de0a2a7c1887af78-L0004	G3S-de0a2a7c1887af78	G3-FINAL-031	G3S-de0a2a7c1887af78-SC-002	5	true
G3S-de0a2a7c1887af78-L0005	G3S-de0a2a7c1887af78	G3-FINAL-031	G3S-de0a2a7c1887af78-SC-002	5	true
G3S-de0a2a7c1887af78-L0006	G3S-de0a2a7c1887af78	G3-FINAL-031	G3S-de0a2a7c1887af78-SC-002	5	true
G3S-de0a2a7c1887af78-L0007	G3S-de0a2a7c1887af78	G3-FINAL-031	G3S-de0a2a7c1887af78-SC-001	7	true
G3S-de0a2a7c1887af78-L0009	G3S-de0a2a7c1887af78	G3-FINAL-031	G3S-de0a2a7c1887af78-SC-001	7	true
G3S-de0a2a7c1887af78-L0010	G3S-de0a2a7c1887af78	G3-FINAL-031	G3S-de0a2a7c1887af78-SC-001	7	true
G3S-de0a2a7c1887af78-L0011	G3S-de0a2a7c1887af78	G3-FINAL-031	G3S-de0a2a7c1887af78-SC-002	5	true
G3S-de0a2a7c1887af78-L0012	G3S-de0a2a7c1887af78	G3-FINAL-031	G3S-de0a2a7c1887af78-SC-001	7	true
G3S-de0a2a7c1887af78-L0013	G3S-de0a2a7c1887af78	G3-FINAL-031	G3S-de0a2a7c1887af78-SC-001	7	true
G3S-de0a2a7c1887af78-L0014	G3S-de0a2a7c1887af78	G3-FINAL-031	G3S-de0a2a7c1887af78-SC-001	7	true
G3S-de0a2a7c1887af78-L0015	G3S-de0a2a7c1887af78	G3-FINAL-031	G3S-de0a2a7c1887af78-SC-001	7	true
G3S-e36179cfc1b7610c-L0001	G3S-e36179cfc1b7610c	G3-FINAL-032	G3S-e36179cfc1b7610c-SC-001	19	false
G3S-e36179cfc1b7610c-L0002	G3S-e36179cfc1b7610c	G3-FINAL-032	G3S-e36179cfc1b7610c-SC-001	19	false
G3S-e36179cfc1b7610c-L0003	G3S-e36179cfc1b7610c	G3-FINAL-032	G3S-e36179cfc1b7610c-SC-001	19	false
G3S-e36179cfc1b7610c-L0004	G3S-e36179cfc1b7610c	G3-FINAL-032	G3S-e36179cfc1b7610c-SC-001	19	false
G3S-e36179cfc1b7610c-L0005	G3S-e36179cfc1b7610c	G3-FINAL-032	G3S-e36179cfc1b7610c-SC-001	19	false
G3S-e36179cfc1b7610c-L0006	G3S-e36179cfc1b7610c	G3-FINAL-032	G3S-e36179cfc1b7610c-SC-001	19	false
G3S-e36179cfc1b7610c-L0007	G3S-e36179cfc1b7610c	G3-FINAL-032	G3S-e36179cfc1b7610c-SC-001	19	false
G3S-e36179cfc1b7610c-L0008	G3S-e36179cfc1b7610c	G3-FINAL-032	G3S-e36179cfc1b7610c-SC-001	19	false
G3S-e36179cfc1b7610c-L0009	G3S-e36179cfc1b7610c	G3-FINAL-032	G3S-e36179cfc1b7610c-SC-001	19	false
G3S-e36179cfc1b7610c-L0010	G3S-e36179cfc1b7610c	G3-FINAL-032	G3S-e36179cfc1b7610c-SC-001	19	false
G3S-e36179cfc1b7610c-L0011	G3S-e36179cfc1b7610c	G3-FINAL-032	G3S-e36179cfc1b7610c-SC-001	19	false
G3S-e36179cfc1b7610c-L0012	G3S-e36179cfc1b7610c	G3-FINAL-032	G3S-e36179cfc1b7610c-SC-001	19	false
G3S-e36179cfc1b7610c-L0013	G3S-e36179cfc1b7610c	G3-FINAL-032	G3S-e36179cfc1b7610c-SC-001	19	false
G3S-e36179cfc1b7610c-L0014	G3S-e36179cfc1b7610c	G3-FINAL-032	G3S-e36179cfc1b7610c-SC-001	19	false
G3S-e36179cfc1b7610c-L0015	G3S-e36179cfc1b7610c	G3-FINAL-032	G3S-e36179cfc1b7610c-SC-001	19	false
G3S-e36179cfc1b7610c-L0016	G3S-e36179cfc1b7610c	G3-FINAL-032	G3S-e36179cfc1b7610c-SC-001	19	false
G3S-e36179cfc1b7610c-L0017	G3S-e36179cfc1b7610c	G3-FINAL-032	G3S-e36179cfc1b7610c-SC-001	19	false
G3S-e36179cfc1b7610c-L0018	G3S-e36179cfc1b7610c	G3-FINAL-032	G3S-e36179cfc1b7610c-SC-001	19	false
G3S-e36179cfc1b7610c-L0019	G3S-e36179cfc1b7610c	G3-FINAL-032	G3S-e36179cfc1b7610c-SC-001	19	false
G3S-fe0860941e1bd481-L0001	G3S-fe0860941e1bd481	G3-FINAL-033	G3S-fe0860941e1bd481-SC-001	1	false
G3S-fe0860941e1bd481-L0002	G3S-fe0860941e1bd481	G3-FINAL-033	G3S-fe0860941e1bd481-SC-002	1	false
G3S-fe0860941e1bd481-L0003	G3S-fe0860941e1bd481	G3-FINAL-033	G3S-fe0860941e1bd481-SC-003	1	false
G3S-fe0860941e1bd481-L0004	G3S-fe0860941e1bd481	G3-FINAL-033	G3S-fe0860941e1bd481-SC-004	1	false
G3S-fe0860941e1bd481-L0005	G3S-fe0860941e1bd481	G3-FINAL-033	G3S-fe0860941e1bd481-SC-005	1	false
G3S-fe0860941e1bd481-L0006	G3S-fe0860941e1bd481	G3-FINAL-033	G3S-fe0860941e1bd481-SC-006	1	false
G3S-fe0860941e1bd481-L0007	G3S-fe0860941e1bd481	G3-FINAL-033	G3S-fe0860941e1bd481-SC-007	1	false
G3S-fe0860941e1bd481-L0008	G3S-fe0860941e1bd481	G3-FINAL-033	G3S-fe0860941e1bd481-SC-008	1	false
G3S-fe0860941e1bd481-L0009	G3S-fe0860941e1bd481	G3-FINAL-033	G3S-fe0860941e1bd481-SC-009	1	false
G3S-fe0860941e1bd481-L0010	G3S-fe0860941e1bd481	G3-FINAL-033	G3S-fe0860941e1bd481-SC-010	1	false
G3S-ff4e5bfc253b96ea-L0001	G3S-ff4e5bfc253b96ea	G3-FINAL-034	G3S-ff4e5bfc253b96ea-SC-001	71	true
G3S-ff4e5bfc253b96ea-L0002	G3S-ff4e5bfc253b96ea	G3-FINAL-034	G3S-ff4e5bfc253b96ea-SC-001	71	true
G3S-ff4e5bfc253b96ea-L0003	G3S-ff4e5bfc253b96ea	G3-FINAL-034	G3S-ff4e5bfc253b96ea-SC-001	71	true
G3S-ff4e5bfc253b96ea-L0004	G3S-ff4e5bfc253b96ea	G3-FINAL-034	G3S-ff4e5bfc253b96ea-SC-001	71	true
G3S-ff4e5bfc253b96ea-L0005	G3S-ff4e5bfc253b96ea	G3-FINAL-034	G3S-ff4e5bfc253b96ea-SC-001	71	true
G3S-ff4e5bfc253b96ea-L0006	G3S-ff4e5bfc253b96ea	G3-FINAL-034	G3S-ff4e5bfc253b96ea-SC-001	71	true
G3S-ff4e5bfc253b96ea-L0007	G3S-ff4e5bfc253b96ea	G3-FINAL-034	G3S-ff4e5bfc253b96ea-SC-001	71	true
G3S-ff4e5bfc253b96ea-L0008	G3S-ff4e5bfc253b96ea	G3-FINAL-034	G3S-ff4e5bfc253b96ea-SC-001	71	true
G3S-ff4e5bfc253b96ea-L0009	G3S-ff4e5bfc253b96ea	G3-FINAL-034	G3S-ff4e5bfc253b96ea-SC-001	71	true
G3S-ff4e5bfc253b96ea-L0010	G3S-ff4e5bfc253b96ea	G3-FINAL-034	G3S-ff4e5bfc253b96ea-SC-001	71	true
G3S-ff4e5bfc253b96ea-L0011	G3S-ff4e5bfc253b96ea	G3-FINAL-034	G3S-ff4e5bfc253b96ea-SC-006	1	false
G3S-ff4e5bfc253b96ea-L0012	G3S-ff4e5bfc253b96ea	G3-FINAL-034	G3S-ff4e5bfc253b96ea-SC-001	71	true
G3S-ff4e5bfc253b96ea-L0013	G3S-ff4e5bfc253b96ea	G3-FINAL-034	G3S-ff4e5bfc253b96ea-SC-001	71	true
G3S-ff4e5bfc253b96ea-L0014	G3S-ff4e5bfc253b96ea	G3-FINAL-034	G3S-ff4e5bfc253b96ea-SC-001	71	true
G3S-ff4e5bfc253b96ea-L0015	G3S-ff4e5bfc253b96ea	G3-FINAL-034	G3S-ff4e5bfc253b96ea-SC-003	2	true
G3S-ff4e5bfc253b96ea-L0016	G3S-ff4e5bfc253b96ea	G3-FINAL-034	G3S-ff4e5bfc253b96ea-SC-001	71	true
G3S-ff4e5bfc253b96ea-L0017	G3S-ff4e5bfc253b96ea	G3-FINAL-034	G3S-ff4e5bfc253b96ea-SC-007	1	false
G3S-ff4e5bfc253b96ea-L0018	G3S-ff4e5bfc253b96ea	G3-FINAL-034	G3S-ff4e5bfc253b96ea-SC-001	71	true
G3S-ff4e5bfc253b96ea-L0019	G3S-ff4e5bfc253b96ea	G3-FINAL-034	G3S-ff4e5bfc253b96ea-SC-001	71	true
G3S-ff4e5bfc253b96ea-L0020	G3S-ff4e5bfc253b96ea	G3-FINAL-034	G3S-ff4e5bfc253b96ea-SC-001	71	true
G3S-ff4e5bfc253b96ea-L0021	G3S-ff4e5bfc253b96ea	G3-FINAL-034	G3S-ff4e5bfc253b96ea-SC-001	71	true
G3S-ff4e5bfc253b96ea-L0022	G3S-ff4e5bfc253b96ea	G3-FINAL-034	G3S-ff4e5bfc253b96ea-SC-001	71	true
G3S-ff4e5bfc253b96ea-L0023	G3S-ff4e5bfc253b96ea	G3-FINAL-034	G3S-ff4e5bfc253b96ea-SC-004	2	true
G3S-ff4e5bfc253b96ea-L0024	G3S-ff4e5bfc253b96ea	G3-FINAL-034	G3S-ff4e5bfc253b96ea-SC-008	1	false
G3S-ff4e5bfc253b96ea-L0025	G3S-ff4e5bfc253b96ea	G3-FINAL-034	G3S-ff4e5bfc253b96ea-SC-004	2	true
G3S-ff4e5bfc253b96ea-L0026	G3S-ff4e5bfc253b96ea	G3-FINAL-034	G3S-ff4e5bfc253b96ea-SC-001	71	true
G3S-ff4e5bfc253b96ea-L0027	G3S-ff4e5bfc253b96ea	G3-FINAL-034	G3S-ff4e5bfc253b96ea-SC-001	71	true
G3S-ff4e5bfc253b96ea-L0028	G3S-ff4e5bfc253b96ea	G3-FINAL-034	G3S-ff4e5bfc253b96ea-SC-001	71	true
G3S-ff4e5bfc253b96ea-L0029	G3S-ff4e5bfc253b96ea	G3-FINAL-034	G3S-ff4e5bfc253b96ea-SC-001	71	true
G3S-ff4e5bfc253b96ea-L0030	G3S-ff4e5bfc253b96ea	G3-FINAL-034	G3S-ff4e5bfc253b96ea-SC-001	71	true
G3S-ff4e5bfc253b96ea-L0031	G3S-ff4e5bfc253b96ea	G3-FINAL-034	G3S-ff4e5bfc253b96ea-SC-001	71	true
G3S-ff4e5bfc253b96ea-L0032	G3S-ff4e5bfc253b96ea	G3-FINAL-034	G3S-ff4e5bfc253b96ea-SC-001	71	true
G3S-ff4e5bfc253b96ea-L0033	G3S-ff4e5bfc253b96ea	G3-FINAL-034	G3S-ff4e5bfc253b96ea-SC-009	1	false
G3S-ff4e5bfc253b96ea-L0034	G3S-ff4e5bfc253b96ea	G3-FINAL-034	G3S-ff4e5bfc253b96ea-SC-005	2	true
G3S-ff4e5bfc253b96ea-L0035	G3S-ff4e5bfc253b96ea	G3-FINAL-034	G3S-ff4e5bfc253b96ea-SC-001	71	true
G3S-ff4e5bfc253b96ea-L0036	G3S-ff4e5bfc253b96ea	G3-FINAL-034	G3S-ff4e5bfc253b96ea-SC-003	2	true
G3S-ff4e5bfc253b96ea-L0037	G3S-ff4e5bfc253b96ea	G3-FINAL-034	G3S-ff4e5bfc253b96ea-SC-002	3	true
G3S-ff4e5bfc253b96ea-L0038	G3S-ff4e5bfc253b96ea	G3-FINAL-034	G3S-ff4e5bfc253b96ea-SC-010	1	false
G3S-ff4e5bfc253b96ea-L0039	G3S-ff4e5bfc253b96ea	G3-FINAL-034	G3S-ff4e5bfc253b96ea-SC-001	71	true
G3S-ff4e5bfc253b96ea-L0040	G3S-ff4e5bfc253b96ea	G3-FINAL-034	G3S-ff4e5bfc253b96ea-SC-001	71	true
G3S-ff4e5bfc253b96ea-L0041	G3S-ff4e5bfc253b96ea	G3-FINAL-034	G3S-ff4e5bfc253b96ea-SC-001	71	true
G3S-ff4e5bfc253b96ea-L0042	G3S-ff4e5bfc253b96ea	G3-FINAL-034	G3S-ff4e5bfc253b96ea-SC-001	71	true
G3S-ff4e5bfc253b96ea-L0043	G3S-ff4e5bfc253b96ea	G3-FINAL-034	G3S-ff4e5bfc253b96ea-SC-001	71	true
G3S-ff4e5bfc253b96ea-L0044	G3S-ff4e5bfc253b96ea	G3-FINAL-034	G3S-ff4e5bfc253b96ea-SC-001	71	true
G3S-ff4e5bfc253b96ea-L0045	G3S-ff4e5bfc253b96ea	G3-FINAL-034	G3S-ff4e5bfc253b96ea-SC-001	71	true
G3S-ff4e5bfc253b96ea-L0046	G3S-ff4e5bfc253b96ea	G3-FINAL-034	G3S-ff4e5bfc253b96ea-SC-001	71	true
G3S-ff4e5bfc253b96ea-L0047	G3S-ff4e5bfc253b96ea	G3-FINAL-034	G3S-ff4e5bfc253b96ea-SC-001	71	true
G3S-ff4e5bfc253b96ea-L0048	G3S-ff4e5bfc253b96ea	G3-FINAL-034	G3S-ff4e5bfc253b96ea-SC-001	71	true
G3S-ff4e5bfc253b96ea-L0049	G3S-ff4e5bfc253b96ea	G3-FINAL-034	G3S-ff4e5bfc253b96ea-SC-001	71	true
G3S-ff4e5bfc253b96ea-L0050	G3S-ff4e5bfc253b96ea	G3-FINAL-034	G3S-ff4e5bfc253b96ea-SC-001	71	true
G3S-ff4e5bfc253b96ea-L0051	G3S-ff4e5bfc253b96ea	G3-FINAL-034	G3S-ff4e5bfc253b96ea-SC-001	71	true
G3S-ff4e5bfc253b96ea-L0052	G3S-ff4e5bfc253b96ea	G3-FINAL-034	G3S-ff4e5bfc253b96ea-SC-001	71	true
G3S-ff4e5bfc253b96ea-L0053	G3S-ff4e5bfc253b96ea	G3-FINAL-034	G3S-ff4e5bfc253b96ea-SC-001	71	true
G3S-ff4e5bfc253b96ea-L0054	G3S-ff4e5bfc253b96ea	G3-FINAL-034	G3S-ff4e5bfc253b96ea-SC-001	71	true
G3S-ff4e5bfc253b96ea-L0055	G3S-ff4e5bfc253b96ea	G3-FINAL-034	G3S-ff4e5bfc253b96ea-SC-001	71	true
G3S-ff4e5bfc253b96ea-L0056	G3S-ff4e5bfc253b96ea	G3-FINAL-034	G3S-ff4e5bfc253b96ea-SC-001	71	true
G3S-ff4e5bfc253b96ea-L0057	G3S-ff4e5bfc253b96ea	G3-FINAL-034	G3S-ff4e5bfc253b96ea-SC-001	71	true
G3S-ff4e5bfc253b96ea-L0058	G3S-ff4e5bfc253b96ea	G3-FINAL-034	G3S-ff4e5bfc253b96ea-SC-001	71	true
G3S-ff4e5bfc253b96ea-L0059	G3S-ff4e5bfc253b96ea	G3-FINAL-034	G3S-ff4e5bfc253b96ea-SC-002	3	true
G3S-ff4e5bfc253b96ea-L0060	G3S-ff4e5bfc253b96ea	G3-FINAL-034	G3S-ff4e5bfc253b96ea-SC-001	71	true
G3S-ff4e5bfc253b96ea-L0061	G3S-ff4e5bfc253b96ea	G3-FINAL-034	G3S-ff4e5bfc253b96ea-SC-001	71	true
G3S-ff4e5bfc253b96ea-L0062	G3S-ff4e5bfc253b96ea	G3-FINAL-034	G3S-ff4e5bfc253b96ea-SC-001	71	true
G3S-ff4e5bfc253b96ea-L0063	G3S-ff4e5bfc253b96ea	G3-FINAL-034	G3S-ff4e5bfc253b96ea-SC-011	1	false
G3S-ff4e5bfc253b96ea-L0064	G3S-ff4e5bfc253b96ea	G3-FINAL-034	G3S-ff4e5bfc253b96ea-SC-001	71	true
G3S-ff4e5bfc253b96ea-L0065	G3S-ff4e5bfc253b96ea	G3-FINAL-034	G3S-ff4e5bfc253b96ea-SC-001	71	true
G3S-ff4e5bfc253b96ea-L0066	G3S-ff4e5bfc253b96ea	G3-FINAL-034	G3S-ff4e5bfc253b96ea-SC-001	71	true
G3S-ff4e5bfc253b96ea-L0067	G3S-ff4e5bfc253b96ea	G3-FINAL-034	G3S-ff4e5bfc253b96ea-SC-001	71	true
G3S-ff4e5bfc253b96ea-L0068	G3S-ff4e5bfc253b96ea	G3-FINAL-034	G3S-ff4e5bfc253b96ea-SC-002	3	true
G3S-ff4e5bfc253b96ea-L0069	G3S-ff4e5bfc253b96ea	G3-FINAL-034	G3S-ff4e5bfc253b96ea-SC-001	71	true
G3S-ff4e5bfc253b96ea-L0070	G3S-ff4e5bfc253b96ea	G3-FINAL-034	G3S-ff4e5bfc253b96ea-SC-001	71	true
G3S-ff4e5bfc253b96ea-L0071	G3S-ff4e5bfc253b96ea	G3-FINAL-034	G3S-ff4e5bfc253b96ea-SC-001	71	true
G3S-ff4e5bfc253b96ea-L0072	G3S-ff4e5bfc253b96ea	G3-FINAL-034	G3S-ff4e5bfc253b96ea-SC-005	2	true
G3S-ff4e5bfc253b96ea-L0073	G3S-ff4e5bfc253b96ea	G3-FINAL-034	G3S-ff4e5bfc253b96ea-SC-001	71	true
G3S-ff4e5bfc253b96ea-L0074	G3S-ff4e5bfc253b96ea	G3-FINAL-034	G3S-ff4e5bfc253b96ea-SC-001	71	true
G3S-ff4e5bfc253b96ea-L0075	G3S-ff4e5bfc253b96ea	G3-FINAL-034	G3S-ff4e5bfc253b96ea-SC-001	71	true
G3S-ff4e5bfc253b96ea-L0076	G3S-ff4e5bfc253b96ea	G3-FINAL-034	G3S-ff4e5bfc253b96ea-SC-001	71	true
G3S-ff4e5bfc253b96ea-L0077	G3S-ff4e5bfc253b96ea	G3-FINAL-034	G3S-ff4e5bfc253b96ea-SC-001	71	true
G3S-ff4e5bfc253b96ea-L0078	G3S-ff4e5bfc253b96ea	G3-FINAL-034	G3S-ff4e5bfc253b96ea-SC-001	71	true
G3S-ff4e5bfc253b96ea-L0079	G3S-ff4e5bfc253b96ea	G3-FINAL-034	G3S-ff4e5bfc253b96ea-SC-001	71	true
G3S-ff4e5bfc253b96ea-L0080	G3S-ff4e5bfc253b96ea	G3-FINAL-034	G3S-ff4e5bfc253b96ea-SC-001	71	true
G3S-ff4e5bfc253b96ea-L0081	G3S-ff4e5bfc253b96ea	G3-FINAL-034	G3S-ff4e5bfc253b96ea-SC-001	71	true
G3S-ff4e5bfc253b96ea-L0082	G3S-ff4e5bfc253b96ea	G3-FINAL-034	G3S-ff4e5bfc253b96ea-SC-001	71	true
G3S-ff4e5bfc253b96ea-L0083	G3S-ff4e5bfc253b96ea	G3-FINAL-034	G3S-ff4e5bfc253b96ea-SC-001	71	true
G3S-ff4e5bfc253b96ea-L0084	G3S-ff4e5bfc253b96ea	G3-FINAL-034	G3S-ff4e5bfc253b96ea-SC-001	71	true
G3S-ff4e5bfc253b96ea-L0085	G3S-ff4e5bfc253b96ea	G3-FINAL-034	G3S-ff4e5bfc253b96ea-SC-001	71	true
G3S-ff4e5bfc253b96ea-L0086	G3S-ff4e5bfc253b96ea	G3-FINAL-034	G3S-ff4e5bfc253b96ea-SC-001	71	true
