panel	assay_target_label	gene_symbol	uniprot_accession	reported_clone	standardized_estimand_id	davis_structure_component	eligibility_status
KIRHub2026	ABL1	ABL1	P00519	full-length			BLOCKED_NO_UNIQUE_DAVIS_ESTIMAND
KIRHub2026	ABL2/ARG	ABL2	P42684	full-length	UniProt:P42684:288-539|KLIFS:393:positions1-85	PTC001	MAPPED_CONSTRUCT_PENDING_SEQUENCE_VALIDATION
KIRHub2026	ACK1	TNK2	Q07912	aa 110-476	UniProt:Q07912:126-385|KLIFS:394:positions1-85	PTC001	MAPPED_CONSTRUCT_PENDING_SEQUENCE_VALIDATION
KIRHub2026	AKT1	AKT1	P31749	full-length	UniProt:P31749:150-408|KLIFS:1:positions1-85	PTC001	MAPPED_CONSTRUCT_PENDING_SEQUENCE_VALIDATION
KIRHub2026	AKT2	AKT2	P31751	full-length	UniProt:P31751:152-409|KLIFS:2:positions1-85	PTC001	MAPPED_CONSTRUCT_PENDING_SEQUENCE_VALIDATION
KIRHub2026	AKT3	AKT3	Q9Y243	full-length	UniProt:Q9Y243:148-405|KLIFS:3:positions1-85	PTC001	MAPPED_CONSTRUCT_PENDING_SEQUENCE_VALIDATION
KIRHub2026	ALK	ALK	Q9UM73	cytoplasmic aa1058-1620	UniProt:Q9UM73:1116-1392|KLIFS:396:positions1-85	PTC001	MAPPED_CONSTRUCT_PENDING_SEQUENCE_VALIDATION
KIRHub2026	ALK1/ACVRL1	ACVRL1	P37023	cytoplasmic aa139-503	UniProt:P37023:202-492|KLIFS:518:positions1-85	PTC001	MAPPED_CONSTRUCT_PENDING_SEQUENCE_VALIDATION
KIRHub2026	ALK2/ACVR1	ACVR1	Q04771	cytoplasmic aa145-509	UniProt:Q04771:208-502|KLIFS:516:positions1-85	PTC001	MAPPED_CONSTRUCT_PENDING_SEQUENCE_VALIDATION
KIRHub2026	ALK3/BMPR1A	BMPR1A	P36894	Catalytic domain (aa187-532end)	UniProt:P36894:234-525|KLIFS:519:positions1-85	PTC001	BLOCKED_CONSTRUCT_BOUNDARY
KIRHub2026	ALK4/ACVR1B	ACVR1B	P36896	aa 150-505	UniProt:P36896:207-497|KLIFS:517:positions1-85	PTC001	MAPPED_CONSTRUCT_PENDING_SEQUENCE_VALIDATION
KIRHub2026	ALK5/TGFBR1	TGFBR1	P36897	aa200-503	UniProt:P36897:205-495|KLIFS:521:positions1-85	PTC001	MAPPED_CONSTRUCT_PENDING_SEQUENCE_VALIDATION
KIRHub2026	ALK6/BMPR1B	BMPR1B	O00238	Catalytic (aa149-end)	UniProt:O00238:204-494|KLIFS:520:positions1-85	PTC001	BLOCKED_CONSTRUCT_BOUNDARY
KIRHub2026	ARAF	ARAF	P10398	aa 282-end			BLOCKED_NO_UNIQUE_DAVIS_ESTIMAND
KIRHub2026	ARK5/NUAK1	NUAK1	O60285	full-length	UniProt:O60285:55-306|KLIFS:130:positions1-85	PTC001	MAPPED_CONSTRUCT_PENDING_SEQUENCE_VALIDATION
KIRHub2026	ASK1/MAP3K5	MAP3K5	O99683	full-length			BLOCKED_NO_UNIQUE_DAVIS_ESTIMAND
KIRHub2026	Aurora A	AURKA	O14965	full length	UniProt:O14965:133-383|KLIFS:259:positions1-85	PTC001	BLOCKED_CONSTRUCT_BOUNDARY
KIRHub2026	Aurora B	AURKB	Q96GD4	full-length	UniProt:Q96GD4:77-327|KLIFS:261:positions1-85	PTC001	MAPPED_CONSTRUCT_PENDING_SEQUENCE_VALIDATION
KIRHub2026	Aurora C	AURKC	Q9UQB9	full-length	UniProt:Q9UQB9:43-293|KLIFS:260:positions1-85	PTC001	MAPPED_CONSTRUCT_PENDING_SEQUENCE_VALIDATION
KIRHub2026	AXL	AXL	P30530	aa 473-894 end	UniProt:P30530:536-807|KLIFS:398:positions1-85	PTC001	MAPPED_CONSTRUCT_PENDING_SEQUENCE_VALIDATION
KIRHub2026	BLK	BLK	P51451	full-length	UniProt:P51451:241-494|KLIFS:464:positions1-85	PTC001	MAPPED_CONSTRUCT_PENDING_SEQUENCE_VALIDATION
KIRHub2026	BMX/ETK	BMX	P51813	full length	UniProt:P51813:417-675|KLIFS:472:positions1-85	PTC001	BLOCKED_CONSTRUCT_BOUNDARY
KIRHub2026	BRAF	BRAF	P15056	full-length	UniProt:P15056:457-717|KLIFS:509:positions1-85	PTC001	MAPPED_CONSTRUCT_PENDING_SEQUENCE_VALIDATION
KIRHub2026	BRK	PTK6	Q13882	full-length	UniProt:Q13882:191-445|KLIFS:468:positions1-85	PTC001	MAPPED_CONSTRUCT_PENDING_SEQUENCE_VALIDATION
KIRHub2026	BRSK1	BRSK1	Q8TDC3	full-length	UniProt:Q8TDC3:34-285|KLIFS:120:positions1-85	PTC001	MAPPED_CONSTRUCT_PENDING_SEQUENCE_VALIDATION
KIRHub2026	BRSK2	BRSK2	Q8IWQ3	full-length	UniProt:Q8IWQ3:19-270|KLIFS:119:positions1-85	PTC001	MAPPED_CONSTRUCT_PENDING_SEQUENCE_VALIDATION
KIRHub2026	BTK	BTK	Q06187	full-length	UniProt:Q06187:402-655|KLIFS:473:positions1-85	PTC001	MAPPED_CONSTRUCT_PENDING_SEQUENCE_VALIDATION
KIRHub2026	CAMK1a	CAMK1	Q14012	full length	UniProt:Q14012:20-276|KLIFS:109:positions1-85	PTC001	BLOCKED_CONSTRUCT_BOUNDARY
KIRHub2026	CAMK1b	PNCK	Q6P2M8	full length			BLOCKED_NO_UNIQUE_DAVIS_ESTIMAND
KIRHub2026	CAMK1d	CAMK1D	Q8IU85	full length	UniProt:Q8IU85:23-279|KLIFS:110:positions1-85	PTC001	BLOCKED_CONSTRUCT_BOUNDARY
KIRHub2026	CAMK1g	CAMK1G	Q96NX5	C-terminal truncation	UniProt:Q96NX5:23-277|KLIFS:111:positions1-85	PTC001	BLOCKED_CONSTRUCT_BOUNDARY
KIRHub2026	CAMK2a	CAMK2A	Q9UQM7	full length	UniProt:Q9UQM7:13-271|KLIFS:113:positions1-85	PTC001	BLOCKED_CONSTRUCT_BOUNDARY
KIRHub2026	CAMK2b	CAMK2B	Q13554	full length	UniProt:Q13554:14-272|KLIFS:114:positions1-85	PTC001	BLOCKED_CONSTRUCT_BOUNDARY
KIRHub2026	CAMK2d	CAMK2D	Q13557	full length	UniProt:Q13557:14-272|KLIFS:115:positions1-85	PTC001	BLOCKED_CONSTRUCT_BOUNDARY
KIRHub2026	CAMK2g	CAMK2G	Q13555	C-terminal truncation	UniProt:Q13555:14-272|KLIFS:116:positions1-85	PTC001	BLOCKED_CONSTRUCT_BOUNDARY
KIRHub2026	CAMK4	CAMK4	Q16566	full length	UniProt:Q16566:46-300|KLIFS:108:positions1-85	PTC001	BLOCKED_CONSTRUCT_BOUNDARY
KIRHub2026	CAMKK1	CAMKK1	Q8N5S9	full-length	UniProt:Q8N5S9:128-409|KLIFS:266:positions1-85	PTC001	MAPPED_CONSTRUCT_PENDING_SEQUENCE_VALIDATION
KIRHub2026	CAMKK2	CAMKK2	Q96RR4	full-length	UniProt:Q96RR4:165-446|KLIFS:265:positions1-85	PTC001	MAPPED_CONSTRUCT_PENDING_SEQUENCE_VALIDATION
KIRHub2026	CDC7/DBF4	CDC7/DBF4	CDC7:O00311; DBF4:Q9UBU7	full-length CDC7; full-length  DBF4			BLOCKED_NO_UNIQUE_DAVIS_ESTIMAND
KIRHub2026	CDK1/cyclin A	CDK1/CCNA2	CDK1: P06493; cyclin A: P20248	full length / full length			BLOCKED_NO_UNIQUE_DAVIS_ESTIMAND
KIRHub2026	CDK1/cyclin B	CDK1/CCNB1	CDK1: P06493; cyclin B: P14635	full length / full length			BLOCKED_NO_UNIQUE_DAVIS_ESTIMAND
KIRHub2026	CDK1/cyclin E	CDK1/CCNE1	CDK1: P06493; cyclin E: P24864	full length / full length			BLOCKED_NO_UNIQUE_DAVIS_ESTIMAND
KIRHub2026	CDK2/cyclin A1	CDK2/CCNA1	CDK2: P24941; cyclin A1:P78396	full-length			BLOCKED_NO_UNIQUE_DAVIS_ESTIMAND
KIRHub2026	CDK2/cyclin A	CDK2/CCNA2	CDK2: P24941; cyclin A2: P20248	full-length			BLOCKED_NO_UNIQUE_DAVIS_ESTIMAND
KIRHub2026	CDK2/cyclin E	CDK2/CCNE1	CDK2: P24941; cyclin E1: P24864	full length / full length			BLOCKED_NO_UNIQUE_DAVIS_ESTIMAND
KIRHub2026	CDK2/cyclin E2	CDK2/CCNE2	CDK2: P24941; cyclin E2: O96020	full length / full length			BLOCKED_NO_UNIQUE_DAVIS_ESTIMAND
KIRHub2026	CDK2/cyclin O	CDK2/CCNO	CDK2: P24941; cyclin O: P22674	full-length			BLOCKED_NO_UNIQUE_DAVIS_ESTIMAND
KIRHub2026	CDK3/cyclin C	CDK3/CCNC	CDK3: Q00526; cyclin C: P24863	full length / full length			BLOCKED_NO_UNIQUE_DAVIS_ESTIMAND
KIRHub2026	CDK3/cyclin E	CDK3/CCNE1	CDK3: Q00526; cyclin E: P24864	full length / full length			BLOCKED_NO_UNIQUE_DAVIS_ESTIMAND
KIRHub2026	CDK3/cyclin E2	CDK3/CCNE2	CDK3: Q00526; cyclin E2: O96020	full length / full length			BLOCKED_NO_UNIQUE_DAVIS_ESTIMAND
KIRHub2026	CDK4/cyclin D1	CDK4/CCND1	CDK4: P11802; Cyclin D1: P24385	full length			BLOCKED_NO_UNIQUE_DAVIS_ESTIMAND
KIRHub2026	CDK4/cyclin D2	CDK4/CCND2	CDK4: P11802; Cyclin D2: P30279	full-length			BLOCKED_NO_UNIQUE_DAVIS_ESTIMAND
KIRHub2026	CDK4/cyclin D3	CDK4/CCND3	CDK4: P11802; Cyclin D3: P30281	full length			BLOCKED_NO_UNIQUE_DAVIS_ESTIMAND
KIRHub2026	CDK5/p25	CDK5/CDK5R1	CDK5: Q00535; p25: Q15078	full length / aa104-307			BLOCKED_NO_UNIQUE_DAVIS_ESTIMAND
KIRHub2026	CDK5/p35	CDK5/CDK5R1	CDK5: Q00535; p35: Q15078	full length / full length			BLOCKED_NO_UNIQUE_DAVIS_ESTIMAND
KIRHub2026	CDK6/cyclin D1	CDK6/CCND1	CDK6: Q00534; Cyclin D1: P24385	full-length			BLOCKED_NO_UNIQUE_DAVIS_ESTIMAND
KIRHub2026	CDK6/cyclin D2	CDK6/CCND2	CDK6: Q00534; Cyclin D2: P30279	full-length			BLOCKED_NO_UNIQUE_DAVIS_ESTIMAND
KIRHub2026	CDK6/cyclin D3	CDK6/CCND3	CDK6: Q00534; Cyclin D3: P30281	full length / full length			BLOCKED_NO_UNIQUE_DAVIS_ESTIMAND
KIRHub2026	CDK7/cyclin H	CDK7/CCNH/MNAT1	CDK7: P50613; Cyclin H: P51946; MNAT1: Q6ICQ7	full-length			BLOCKED_NO_UNIQUE_DAVIS_ESTIMAND
KIRHub2026	CDK8/cyclin C	CDK8/CCNC	CDK8: P49336; cyclin C: P24863	full length / full length			BLOCKED_NO_UNIQUE_DAVIS_ESTIMAND
KIRHub2026	CDK9/cyclin K	CDK9/CCNK	CDK9: P50750; Cyclin K: O75909	full length / full length			BLOCKED_NO_UNIQUE_DAVIS_ESTIMAND
KIRHub2026	CDK9/cyclin T1	CDK9/CCNT1	CDK9: P50750; Cyclin T1: O60563	full-length			BLOCKED_NO_UNIQUE_DAVIS_ESTIMAND
KIRHub2026	CDK9/cyclin T2	CDK9/CCNT2	CDK9: P50750; Cyclin T2: O60583	full-length			BLOCKED_NO_UNIQUE_DAVIS_ESTIMAND
KIRHub2026	CDK12/cyclin K	CDK12/CCNK	CDK12: Q9NYV4; cyclin K: O75909	aa 715-1052/ aa 11-267			BLOCKED_NO_UNIQUE_DAVIS_ESTIMAND
KIRHub2026	CDK13/cyclin K	CDK13/CCNK	CDK13: Q14004; cyclin K: O75909	aa 656-1050/ aa 1-300			BLOCKED_NO_UNIQUE_DAVIS_ESTIMAND
KIRHub2026	CDK14 (PFTK1)/cyclin Y	CDK14/CCNY	CDK2: P24941; cyclin Y: Q8ND76	full-length/aa2-end			BLOCKED_NO_UNIQUE_DAVIS_ESTIMAND
KIRHub2026	CDK15/cyclin A2	CDK15/CCNA2	CDK15: Q96Q40; cyclin A2: P20248	(aa103-387)/full length			BLOCKED_NO_UNIQUE_DAVIS_ESTIMAND
KIRHub2026	CDK15/cyclin B1	CDK15/CCNB1	CDK15: Q96Q40; cyclin B1: P14635	(aa103-387)/full length			BLOCKED_NO_UNIQUE_DAVIS_ESTIMAND
KIRHub2026	CDK16/cyclin Y	CDK16/CCNY	CDK16: Q00536; cyclin Y: Q8ND76	full length (1-496)/full length (1-341)			BLOCKED_NO_UNIQUE_DAVIS_ESTIMAND
KIRHub2026	CDK17/cyclin Y (PCTK2)	CDK17/CCNY	CDK17: Q00537; cyclin Y: Q8ND76	full-length/aa2-end			BLOCKED_NO_UNIQUE_DAVIS_ESTIMAND
KIRHub2026	CDK18/cyclin Y	CDK18/CCNY	CDK18: Q07002; cyclin Y: Q8ND76	full-length/aa2-end			BLOCKED_NO_UNIQUE_DAVIS_ESTIMAND
KIRHub2026	CDK19/cyclin C	CDK19/CCNC	CDK19: Q9BWU1; Cyclin C: P24863	aa 1-502/aa 1-283			BLOCKED_NO_UNIQUE_DAVIS_ESTIMAND
KIRHub2026	CHK1	CHEK1	O14757	full length	UniProt:O14757:9-265|KLIFS:121:positions1-85	PTC001	BLOCKED_CONSTRUCT_BOUNDARY
KIRHub2026	CHK2	CHEK2	O96017	full-length	UniProt:O96017:220-486|KLIFS:168:positions1-85	PTC001	MAPPED_CONSTRUCT_PENDING_SEQUENCE_VALIDATION
KIRHub2026	CK1a1	CSNK1A1 	P48729	full length	UniProt:P48729:17-285|KLIFS:184:positions1-85	PTC001	BLOCKED_CONSTRUCT_BOUNDARY
KIRHub2026	CK1a1L	CSNK1A1L	Q8N752	full-length	UniProt:Q8N752:17-285|KLIFS:185:positions1-85	PTC001	MAPPED_CONSTRUCT_PENDING_SEQUENCE_VALIDATION
KIRHub2026	CK1d	CSNK1D 	P48730	full length	UniProt:P48730:9-277|KLIFS:186:positions1-85	PTC001	BLOCKED_CONSTRUCT_BOUNDARY
KIRHub2026	CK1epsilon	CSNK1E 	P49674	full length	UniProt:P49674:9-277|KLIFS:187:positions1-85	PTC001	BLOCKED_CONSTRUCT_BOUNDARY
KIRHub2026	CK1g1	CSNK1G1 	Q9HCP0	full-length	UniProt:Q9HCP0:44-315|KLIFS:190:positions1-85	PTC001	MAPPED_CONSTRUCT_PENDING_SEQUENCE_VALIDATION
KIRHub2026	CK1g2	CSNK1G2 	P78368	full length	UniProt:P78368:46-316|KLIFS:188:positions1-85	PTC001	BLOCKED_CONSTRUCT_BOUNDARY
KIRHub2026	CK1g3	CSNK1G3 	Q9Y6M4	full-length	UniProt:Q9Y6M4:43-313|KLIFS:189:positions1-85	PTC001	MAPPED_CONSTRUCT_PENDING_SEQUENCE_VALIDATION
KIRHub2026	CK2a	CSNK2A1 	P68400	full length	UniProt:P68400:39-324|KLIFS:221:positions1-85	PTC001	BLOCKED_CONSTRUCT_BOUNDARY
KIRHub2026	CK2a2	CSNK2A2	P19784	full length	UniProt:P19784:40-325|KLIFS:222:positions1-85	PTC001	BLOCKED_CONSTRUCT_BOUNDARY
KIRHub2026	c-Kit	KIT	P10721	aa 544-976	UniProt:P10721:589-937|KLIFS:451:positions1-85	PTC001	MAPPED_CONSTRUCT_PENDING_SEQUENCE_VALIDATION
KIRHub2026	CLK1	CLK1	P49759	full catalytic domain	UniProt:P49759:161-477|KLIFS:223:positions1-85	PTC001	BLOCKED_CONSTRUCT_BOUNDARY
KIRHub2026	CLK2	CLK2	P49760	catalytic domain aa137-498	UniProt:P49760:163-479|KLIFS:224:positions1-85	PTC001	MAPPED_CONSTRUCT_PENDING_SEQUENCE_VALIDATION
KIRHub2026	CLK3	CLK3	P49761	full-length	UniProt:P49761:156-472|KLIFS:225:positions1-85	PTC001	MAPPED_CONSTRUCT_PENDING_SEQUENCE_VALIDATION
KIRHub2026	CLK4	CLK4	Q9HAZ1	full-length	UniProt:Q9HAZ1:159-475|KLIFS:226:positions1-85	PTC001	MAPPED_CONSTRUCT_PENDING_SEQUENCE_VALIDATION
KIRHub2026	c-MER	MERTK	Q12866	aa 578-872	UniProt:Q12866:587-858|KLIFS:400:positions1-85	PTC001	MAPPED_CONSTRUCT_PENDING_SEQUENCE_VALIDATION
KIRHub2026	c-MET	MET	P08581	aa 956-1390	UniProt:P08581:1078-1345|KLIFS:446:positions1-85	PTC001	MAPPED_CONSTRUCT_PENDING_SEQUENCE_VALIDATION
KIRHub2026	COT1/MAP3K8	MAP3K8	P41279	aa 30-397			BLOCKED_NO_UNIQUE_DAVIS_ESTIMAND
KIRHub2026	CSK	CSK	P41240	full-length	UniProt:P41240:195-449|KLIFS:402:positions1-85	PTC001	MAPPED_CONSTRUCT_PENDING_SEQUENCE_VALIDATION
KIRHub2026	c-Src	SRC	P12931	full-length	UniProt:P12931:270-523|KLIFS:462:positions1-85	PTC001	MAPPED_CONSTRUCT_PENDING_SEQUENCE_VALIDATION
KIRHub2026	CTK/MATK	MATK	P42679	full-length	UniProt:P42679:235-482|KLIFS:403:positions1-85	PTC001	MAPPED_CONSTRUCT_PENDING_SEQUENCE_VALIDATION
KIRHub2026	DAPK1	DAPK1	P53355	full catalytic (aa 1-363)	UniProt:P53355:13-275|KLIFS:140:positions1-85	PTC001	MAPPED_CONSTRUCT_PENDING_SEQUENCE_VALIDATION
KIRHub2026	DAPK2	DAPK2	Q9UIK4	full catalytic	UniProt:Q9UIK4:23-285|KLIFS:142:positions1-85	PTC001	BLOCKED_CONSTRUCT_BOUNDARY
KIRHub2026	DCAMKL1	DCLK1	O15075	full-length	UniProt:O15075:390-647|KLIFS:145:positions1-85	PTC001	MAPPED_CONSTRUCT_PENDING_SEQUENCE_VALIDATION
KIRHub2026	DCAMKL2	DCLK2	Q8N568	full-length	UniProt:Q8N568:394-651|KLIFS:147:positions1-85	PTC001	MAPPED_CONSTRUCT_PENDING_SEQUENCE_VALIDATION
KIRHub2026	DCAMKL3	DCLK3	Q9C098	aa345-end	UniProt:Q9C098:356-613|KLIFS:146:positions1-85	PTC001	BLOCKED_CONSTRUCT_BOUNDARY
KIRHub2026	DDR1	DDR1	Q08345	Catalytic (aa444-876)	UniProt:Q08345:610-905|KLIFS:404:positions1-85	PTC001	MAPPED_CONSTRUCT_PENDING_SEQUENCE_VALIDATION
KIRHub2026	DDR2	DDR2	Q16832	aa 422-855	UniProt:Q16832:563-849|KLIFS:405:positions1-85	PTC001	MAPPED_CONSTRUCT_PENDING_SEQUENCE_VALIDATION
KIRHub2026	DMPK	DMPK	Q09013	full-length	UniProt:Q09013:71-339|KLIFS:5:positions1-85	PTC001	MAPPED_CONSTRUCT_PENDING_SEQUENCE_VALIDATION
KIRHub2026	DMPK2/CDC42BPG	CDC42BPG	Q6DT37	Catalytic domain (aa1-475)	UniProt:Q6DT37:71-337|KLIFS:8:positions1-85	PTC001	MAPPED_CONSTRUCT_PENDING_SEQUENCE_VALIDATION
KIRHub2026	DRAK1/STK17A	STK17A	Q9UEE5	full-length	UniProt:Q9UEE5:61-321|KLIFS:144:positions1-85	PTC001	MAPPED_CONSTRUCT_PENDING_SEQUENCE_VALIDATION
KIRHub2026	DYRK1/DYRK1A	DYRK1A 	Q13627	full-length	UniProt:Q13627:159-479|KLIFS:227:positions1-85	PTC001	MAPPED_CONSTRUCT_PENDING_SEQUENCE_VALIDATION
KIRHub2026	DYRK1B	DYRK1B	Q9Y463	full-length	UniProt:Q9Y463:111-431|KLIFS:228:positions1-85	PTC001	MAPPED_CONSTRUCT_PENDING_SEQUENCE_VALIDATION
KIRHub2026	DYRK2	DYRK2	Q92630	full length	UniProt:Q92630:222-535|KLIFS:230:positions1-85	PTC001	BLOCKED_CONSTRUCT_BOUNDARY
KIRHub2026	DYRK3	DYRK3	O43781	full length			BLOCKED_NO_UNIQUE_DAVIS_ESTIMAND
KIRHub2026	DYRK4	DYRK4 	Q9NR20	full length			BLOCKED_NO_UNIQUE_DAVIS_ESTIMAND
KIRHub2026	EGFR	EGFR	P00533	cytoplasmic (aa 668-1210)	UniProt:P00533:712-979|KLIFS:406:positions1-85	PTC001	MAPPED_CONSTRUCT_PENDING_SEQUENCE_VALIDATION
KIRHub2026	EPHA1	EPHA1	P21709	cytoplasmic	UniProt:P21709:624-884|KLIFS:411:positions1-85	PTC001	BLOCKED_CONSTRUCT_BOUNDARY
KIRHub2026	EPHA2	EPHA2	P29317	cytoplasmic	UniProt:P29317:613-875|KLIFS:410:positions1-85	PTC001	BLOCKED_CONSTRUCT_BOUNDARY
KIRHub2026	EPHA3	EPHA3	P29320	cytoplasmic	UniProt:P29320:621-882|KLIFS:412:positions1-85	PTC001	BLOCKED_CONSTRUCT_BOUNDARY
KIRHub2026	EPHA4	EPHA4	P54764	aa 616-887	UniProt:P54764:621-882|KLIFS:413:positions1-85	PTC001	MAPPED_CONSTRUCT_PENDING_SEQUENCE_VALIDATION
KIRHub2026	EPHA5	EPHA5	P54756	aa 595-1037	UniProt:P54756:675-936|KLIFS:414:positions1-85	PTC001	MAPPED_CONSTRUCT_PENDING_SEQUENCE_VALIDATION
KIRHub2026	EPHA6	EPHA6	Q9UF33	Catalytic (683-end)	UniProt:Q9UF33:631-944|KLIFS:423:positions1-85	PTC001	BLOCKED_CONSTRUCT_BOUNDARY
KIRHub2026	EPHA7	EPHA7	Q15375	catalytic domain (aa 579-998)	UniProt:Q15375:633-894|KLIFS:415:positions1-85	PTC001	MAPPED_CONSTRUCT_PENDING_SEQUENCE_VALIDATION
KIRHub2026	EPHA8	EPHA8	P29322	catalytic domain (aa 565-1005)	UniProt:P29322:635-896|KLIFS:416:positions1-85	PTC001	MAPPED_CONSTRUCT_PENDING_SEQUENCE_VALIDATION
KIRHub2026	EPHB1	EPHB1	P54762	cytoplasmic	UniProt:P54762:619-882|KLIFS:417:positions1-85	PTC001	BLOCKED_CONSTRUCT_BOUNDARY
KIRHub2026	EPHB2	EPHB2	P29323	aa 616-889	UniProt:P29323:621-884|KLIFS:418:positions1-85	PTC001	MAPPED_CONSTRUCT_PENDING_SEQUENCE_VALIDATION
KIRHub2026	EPHB3	EPHB3	P54753	cytoplasmic	UniProt:P54753:633-896|KLIFS:419:positions1-85	PTC001	BLOCKED_CONSTRUCT_BOUNDARY
KIRHub2026	EPHB4	EPHB4	P54760	cytoplasmic	UniProt:P54760:615-899|KLIFS:420:positions1-85	PTC001	BLOCKED_CONSTRUCT_BOUNDARY
KIRHub2026	ERBB2/HER2	ERBB2	P04626	aa679-1255	UniProt:P04626:720-987|KLIFS:407:positions1-85	PTC001	MAPPED_CONSTRUCT_PENDING_SEQUENCE_VALIDATION
KIRHub2026	ERBB4/HER4	ERBB4	Q15303	aa 708-993	UniProt:Q15303:718-985|KLIFS:409:positions1-85	PTC001	MAPPED_CONSTRUCT_PENDING_SEQUENCE_VALIDATION
KIRHub2026	ERK1/MAPK3	MAPK3	P27361	full-length	UniProt:P27361:42-330|KLIFS:240:positions1-85	PTC001	MAPPED_CONSTRUCT_PENDING_SEQUENCE_VALIDATION
KIRHub2026	ERK2/MAPK1	MAPK1	P28482	full-length	UniProt:P28482:25-313|KLIFS:239:positions1-85	PTC001	MAPPED_CONSTRUCT_PENDING_SEQUENCE_VALIDATION
KIRHub2026	ERK5/MAPK7	MAPK7	Q13164	full-length	UniProt:Q13164:55-347|KLIFS:243:positions1-85	PTC001	MAPPED_CONSTRUCT_PENDING_SEQUENCE_VALIDATION
KIRHub2026	ERK7/MAPK15	MAPK15	Q8TD08	aa 1-354	UniProt:Q8TD08:13-304|KLIFS:244:positions1-85	PTC001	MAPPED_CONSTRUCT_PENDING_SEQUENCE_VALIDATION
KIRHub2026	ERN1/IRE1	ERN1	O75460	aa 468-end	UniProt:O75460:571-832|KLIFS:273:positions1-85	PTC001	BLOCKED_CONSTRUCT_BOUNDARY
KIRHub2026	ERN2/IRE2	ERN2	Q76MJ5	aa 449-end			BLOCKED_NO_UNIQUE_DAVIS_ESTIMAND
KIRHub2026	FAK/PTK2	PTK2	Q05397	full-length	UniProt:Q05397:422-680|KLIFS:425:positions1-85	PTC001	MAPPED_CONSTRUCT_PENDING_SEQUENCE_VALIDATION
KIRHub2026	FER	FER	P16591	aa540-822	UniProt:P16591:563-816|KLIFS:426:positions1-85	PTC001	MAPPED_CONSTRUCT_PENDING_SEQUENCE_VALIDATION
KIRHub2026	FES/FPS	FES	P07332	full-length	UniProt:P07332:561-822|KLIFS:427:positions1-85	PTC001	MAPPED_CONSTRUCT_PENDING_SEQUENCE_VALIDATION
KIRHub2026	FGFR1	FGFR1	P11362	cytoplasmic (aa308-731)	UniProt:P11362:478-767|KLIFS:428:positions1-85	PTC001	MAPPED_CONSTRUCT_PENDING_SEQUENCE_VALIDATION
KIRHub2026	FGFR2	FGFR2	P21802	cytoplasmic	UniProt:P21802:481-770|KLIFS:430:positions1-85	PTC001	BLOCKED_CONSTRUCT_BOUNDARY
KIRHub2026	FGFR3	FGFR3	P22607	cytoplasmic	UniProt:P22607:472-761|KLIFS:429:positions1-85	PTC001	BLOCKED_CONSTRUCT_BOUNDARY
KIRHub2026	FGFR4	FGFR4	P22455	aa 460-802	UniProt:P22455:467-755|KLIFS:431:positions1-85	PTC001	MAPPED_CONSTRUCT_PENDING_SEQUENCE_VALIDATION
KIRHub2026	FGR	FGR	P09769	full-length	UniProt:P09769:263-516|KLIFS:460:positions1-85	PTC001	MAPPED_CONSTRUCT_PENDING_SEQUENCE_VALIDATION
KIRHub2026	FLT1/VEGFR1	FLT1	P17948	aa 781-1338	UniProt:P17948:827-1158|KLIFS:483:positions1-85	PTC001	MAPPED_CONSTRUCT_PENDING_SEQUENCE_VALIDATION
KIRHub2026	FLT3	FLT3	P36888	aa 564-958	UniProt:P36888:610-943|KLIFS:450:positions1-85	PTC001	MAPPED_CONSTRUCT_PENDING_SEQUENCE_VALIDATION
KIRHub2026	FLT4/VEGFR3	FLT4	P35916	aa 800-1297	UniProt:P35916:845-1173|KLIFS:484:positions1-85	PTC001	MAPPED_CONSTRUCT_PENDING_SEQUENCE_VALIDATION
KIRHub2026	FMS	CSF1R	P07333	cytoplasmic	UniProt:P07333:582-910|KLIFS:449:positions1-85	PTC001	BLOCKED_CONSTRUCT_BOUNDARY
KIRHub2026	FRK/PTK5	FRK	P42685	full-length	UniProt:P42685:234-491|KLIFS:459:positions1-85	PTC001	MAPPED_CONSTRUCT_PENDING_SEQUENCE_VALIDATION
KIRHub2026	FYN	FYN	P06241	full-length	UniProt:P06241:271-524|KLIFS:461:positions1-85	PTC001	MAPPED_CONSTRUCT_PENDING_SEQUENCE_VALIDATION
KIRHub2026	GCK/MAP4K2	MAP4K2	Q12851	full-length	UniProt:Q12851:16-273|KLIFS:1105:positions1-85	PTC001	MAPPED_CONSTRUCT_PENDING_SEQUENCE_VALIDATION
KIRHub2026	GLK/MAP4K3	MAP4K3	Q8IVH8	aa 1-380	UniProt:Q8IVH8:16-273|KLIFS:356:positions1-85	PTC001	MAPPED_CONSTRUCT_PENDING_SEQUENCE_VALIDATION
KIRHub2026	GRK1	GRK1	Q15835	full-length	UniProt:Q15835:190-455|KLIFS:16:positions1-85	PTC001	MAPPED_CONSTRUCT_PENDING_SEQUENCE_VALIDATION
KIRHub2026	GRK2	ADRBK1	P25098	full length			BLOCKED_NO_UNIQUE_DAVIS_ESTIMAND
KIRHub2026	GRK3	ADRBK2	P35626	full-length			BLOCKED_NO_UNIQUE_DAVIS_ESTIMAND
KIRHub2026	GRK4	GRK4	P32298	full-length	UniProt:P32298:187-449|KLIFS:13:positions1-85	PTC001	MAPPED_CONSTRUCT_PENDING_SEQUENCE_VALIDATION
KIRHub2026	GRK5	GRK5	P34947	full-length			BLOCKED_NO_UNIQUE_DAVIS_ESTIMAND
KIRHub2026	GRK6	GRK6	P43250	full-length			BLOCKED_NO_UNIQUE_DAVIS_ESTIMAND
KIRHub2026	GRK7	GRK7	Q8WTQ7	full-length	UniProt:Q8WTQ7:191-454|KLIFS:17:positions1-85	PTC001	MAPPED_CONSTRUCT_PENDING_SEQUENCE_VALIDATION
KIRHub2026	GSK3a	GSK3A	P49840	full length	UniProt:P49840:119-403|KLIFS:237:positions1-85	PTC001	BLOCKED_CONSTRUCT_BOUNDARY
KIRHub2026	GSK3b	GSK3B	P49841	full-length	UniProt:P49841:56-340|KLIFS:238:positions1-85	PTC001	MAPPED_CONSTRUCT_PENDING_SEQUENCE_VALIDATION
KIRHub2026	Haspin	GSG2	Q8TF76	aa471-798			BLOCKED_NO_UNIQUE_DAVIS_ESTIMAND
KIRHub2026	HCK	HCK	P08631	full-length	UniProt:P08631:262-515|KLIFS:465:positions1-85	PTC001	MAPPED_CONSTRUCT_PENDING_SEQUENCE_VALIDATION
KIRHub2026	HGK/MAP4K4	MAP4K4	O95819	full catalytic	UniProt:O95819:25-289|KLIFS:359:positions1-85	PTC001	BLOCKED_CONSTRUCT_BOUNDARY
KIRHub2026	HIPK1	HIPK1	Q86Z02	aa 158-555	UniProt:Q86Z02:190-518|KLIFS:235:positions1-85	PTC001	MAPPED_CONSTRUCT_PENDING_SEQUENCE_VALIDATION
KIRHub2026	HIPK2	HIPK2	Q9H2X6	aa 165-564	UniProt:Q9H2X6:199-527|KLIFS:233:positions1-85	PTC001	MAPPED_CONSTRUCT_PENDING_SEQUENCE_VALIDATION
KIRHub2026	HIPK3	HIPK3	Q9H422	aa 163-562	UniProt:Q9H422:197-525|KLIFS:232:positions1-85	PTC001	MAPPED_CONSTRUCT_PENDING_SEQUENCE_VALIDATION
KIRHub2026	HIPK4	HIPK4 	Q8NE63	full-length	UniProt:Q8NE63:11-347|KLIFS:234:positions1-85	PTC001	MAPPED_CONSTRUCT_PENDING_SEQUENCE_VALIDATION
KIRHub2026	HPK1/MAP4K1	MAP4K1	Q92918	Catalytic (aa11-346)	UniProt:Q92918:17-274|KLIFS:358:positions1-85	PTC001	MAPPED_CONSTRUCT_PENDING_SEQUENCE_VALIDATION
KIRHub2026	IGF1R	IGF1R	P08069	aa 960-1367	UniProt:P08069:999-1274|KLIFS:432:positions1-85	PTC001	MAPPED_CONSTRUCT_PENDING_SEQUENCE_VALIDATION
KIRHub2026	IKKa/CHUK	CHUK	O15111	full-length	UniProt:O15111:15-302|KLIFS:269:positions1-85	PTC001	MAPPED_CONSTRUCT_PENDING_SEQUENCE_VALIDATION
KIRHub2026	IKKb/IKBKB	IKBKB	O14920	full-length	UniProt:O14920:15-300|KLIFS:270:positions1-85	PTC001	MAPPED_CONSTRUCT_PENDING_SEQUENCE_VALIDATION
KIRHub2026	IKKe/IKBKE	IKBKE	Q14164	full-length	UniProt:Q14164:9-315|KLIFS:271:positions1-85	PTC001	MAPPED_CONSTRUCT_PENDING_SEQUENCE_VALIDATION
KIRHub2026	IR	INSR	P06213	aa 1011-end	UniProt:P06213:1023-1298|KLIFS:433:positions1-85	PTC001	BLOCKED_CONSTRUCT_BOUNDARY
KIRHub2026	IRAK1	IRAK1	P51617	aa 197-721	UniProt:P51617:212-521|KLIFS:486:positions1-85	PTC001	MAPPED_CONSTRUCT_PENDING_SEQUENCE_VALIDATION
KIRHub2026	IRAK4	IRAK4	Q9NWZ3	full-length	UniProt:Q9NWZ3:186-454|KLIFS:489:positions1-85	PTC001	MAPPED_CONSTRUCT_PENDING_SEQUENCE_VALIDATION
KIRHub2026	IRR/INSRR	INSRR	P14616	cytoplasmic	UniProt:P14616:979-1254|KLIFS:434:positions1-85	PTC001	BLOCKED_CONSTRUCT_BOUNDARY
KIRHub2026	ITK	ITK	Q08881	full-length	UniProt:Q08881:363-615|KLIFS:474:positions1-85	PTC001	MAPPED_CONSTRUCT_PENDING_SEQUENCE_VALIDATION
KIRHub2026	JAK1	JAK1 	P23458	aa 866-1154	UniProt:P23458:875-1153|KLIFS:435:positions1-85	PTC001	MAPPED_CONSTRUCT_PENDING_SEQUENCE_VALIDATION
KIRHub2026	JAK2	JAK2	O60674	aa 809-1132 +g	UniProt:O60674:849-1124|KLIFS:436:positions1-85	PTC001	MAPPED_CONSTRUCT_PENDING_SEQUENCE_VALIDATION
KIRHub2026	JAK3	JAK3	P52333	aa 781-1124	UniProt:P52333:822-1111|KLIFS:437:positions1-85	PTC001	MAPPED_CONSTRUCT_PENDING_SEQUENCE_VALIDATION
KIRHub2026	JNK1	MAPK8	P45983-2	full length			BLOCKED_NO_UNIQUE_DAVIS_ESTIMAND
KIRHub2026	JNK2	MAPK9	P45984-1	full length			BLOCKED_NO_UNIQUE_DAVIS_ESTIMAND
KIRHub2026	JNK3	MAPK10	P53779	full length	UniProt:P53779:64-359|KLIFS:247:positions1-85	PTC001	BLOCKED_CONSTRUCT_BOUNDARY
KIRHub2026	KDR/VEGFR2	KDR	P35968	aa 789-1356	UniProt:P35968:834-1162|KLIFS:485:positions1-85	PTC001	MAPPED_CONSTRUCT_PENDING_SEQUENCE_VALIDATION
KIRHub2026	KHS/MAP4K5	MAP4K5	Q9Y4K4	full length	UniProt:Q9Y4K4:20-277|KLIFS:357:positions1-85	PTC001	BLOCKED_CONSTRUCT_BOUNDARY
KIRHub2026	LATS1	LATS1	O95835	Catalytic (aa589-1130end)	UniProt:O95835:705-1010|KLIFS:23:positions1-85	PTC001	BLOCKED_CONSTRUCT_BOUNDARY
KIRHub2026	LATS2	LATS2	Q9NRM7	Catalytic (aa480-1088)	UniProt:Q9NRM7:668-973|KLIFS:26:positions1-85	PTC001	MAPPED_CONSTRUCT_PENDING_SEQUENCE_VALIDATION
KIRHub2026	LCK	LCK	P06239	full-length	UniProt:P06239:245-498|KLIFS:466:positions1-85	PTC001	MAPPED_CONSTRUCT_PENDING_SEQUENCE_VALIDATION
KIRHub2026	LCK2/ICK	ICK	Q9UPZ9	full-length	UniProt:Q9UPZ9:4-284|KLIFS:255:positions1-85	PTC004	MAPPED_CONSTRUCT_PENDING_SEQUENCE_VALIDATION
KIRHub2026	LIMK1	LIMK1	P53667	catalytic domain (aa 285-638)	UniProt:P53667:339-604|KLIFS:490:positions1-85	PTC001	MAPPED_CONSTRUCT_PENDING_SEQUENCE_VALIDATION
KIRHub2026	LIMK2	LIMK2	P53671	full length (1-638)	UniProt:P53671:331-608|KLIFS:491:positions1-85	PTC001	BLOCKED_CONSTRUCT_BOUNDARY
KIRHub2026	LKB1	STK11/STRADA/CAB39	STK11:Q15831; STRADA:Q7RTN6; CAB39:Q9Y376	full length			BLOCKED_NO_UNIQUE_DAVIS_ESTIMAND
KIRHub2026	LOK/STK10	STK10	O94804	aa 1-348	UniProt:O94804:36-294|KLIFS:373:positions1-85	PTC001	MAPPED_CONSTRUCT_PENDING_SEQUENCE_VALIDATION
KIRHub2026	LRRK2	LRRK2	Q5S007	aa 970-2527	UniProt:Q5S007:1879-2138|KLIFS:495:positions1-85	PTC007	MAPPED_CONSTRUCT_PENDING_SEQUENCE_VALIDATION
KIRHub2026	LYN	LYN	P07948-1	full length			BLOCKED_NO_UNIQUE_DAVIS_ESTIMAND
KIRHub2026	LYN B	LYN	P07948-2	full-length			BLOCKED_NO_UNIQUE_DAVIS_ESTIMAND
KIRHub2026	MAK	MAK	P20794	full-length	UniProt:P20794:4-284|KLIFS:253:positions1-85	PTC004	MAPPED_CONSTRUCT_PENDING_SEQUENCE_VALIDATION
KIRHub2026	MAPKAPK2	MAPKAPK2	P49137	ful length	UniProt:P49137:64-325|KLIFS:150:positions1-85	PTC001	BLOCKED_CONSTRUCT_BOUNDARY
KIRHub2026	MAPKAPK3	MAPKAPK3	Q16644	full length			BLOCKED_NO_UNIQUE_DAVIS_ESTIMAND
KIRHub2026	MAPKAPK5/PRAK	MAPKAPK5	Q8IW41	full length	UniProt:Q8IW41:22-304|KLIFS:149:positions1-85	PTC001	BLOCKED_CONSTRUCT_BOUNDARY
KIRHub2026	MARK1	MARK1	Q9P0L2	full length	UniProt:Q9P0L2:60-311|KLIFS:125:positions1-85	PTC001	BLOCKED_CONSTRUCT_BOUNDARY
KIRHub2026	MARK2/PAR-1Ba	MARK2	Q7KZI7-4	full length			BLOCKED_NO_UNIQUE_DAVIS_ESTIMAND
KIRHub2026	MARK3	MARK3	P27448	full length	UniProt:P27448:56-307|KLIFS:126:positions1-85	PTC001	BLOCKED_CONSTRUCT_BOUNDARY
KIRHub2026	MARK4	MARK4	Q96L34	full length	UniProt:Q96L34:59-310|KLIFS:127:positions1-85	PTC001	BLOCKED_CONSTRUCT_BOUNDARY
KIRHub2026	MAST3	MAST3	O60307	aa1-723			BLOCKED_NO_UNIQUE_DAVIS_ESTIMAND
KIRHub2026	MASTL	MASTL	Q96GX5	full length			BLOCKED_NO_UNIQUE_DAVIS_ESTIMAND
KIRHub2026	MEK1	MAP2K1	Q02750	full length	UniProt:Q02750:68-361|KLIFS:383:positions1-85	PTC001	BLOCKED_CONSTRUCT_BOUNDARY
KIRHub2026	MEK2	MAP2K2	P36507	full length	UniProt:P36507:72-369|KLIFS:384:positions1-85	PTC001	BLOCKED_CONSTRUCT_BOUNDARY
KIRHub2026	MEK3 	MP2K3	P46734	full-length (1-347end)	UniProt:P46734:64-325|KLIFS:385:positions1-85	PTC001	MAPPED_CONSTRUCT_PENDING_SEQUENCE_VALIDATION
KIRHub2026	MEK5	MAP2K5	Q13163	full-length	UniProt:Q13163:166-409|KLIFS:388:positions1-85	PTC001	MAPPED_CONSTRUCT_PENDING_SEQUENCE_VALIDATION
KIRHub2026	MEKK1	MAP3K1	Q13233	aa 900-1748	UniProt:Q13233:1243-1508|KLIFS:348:positions1-85	PTC001	MAPPED_CONSTRUCT_PENDING_SEQUENCE_VALIDATION
KIRHub2026	MEKK2	MAP3K2	Q9Y2U5	full length	UniProt:Q9Y2U5:357-617|KLIFS:351:positions1-85	PTC001	BLOCKED_CONSTRUCT_BOUNDARY
KIRHub2026	MEKK3	MAP3K3	Q99759	full length	UniProt:Q99759:362-622|KLIFS:350:positions1-85	PTC001	BLOCKED_CONSTRUCT_BOUNDARY
KIRHub2026	MEKK6	MAP3K6	O95382	aa 620-950	UniProt:O95382:648-906|KLIFS:346:positions1-85	PTC001	MAPPED_CONSTRUCT_PENDING_SEQUENCE_VALIDATION
KIRHub2026	MELK	MELK	Q14680	aa 1-340	UniProt:Q14680:11-263|KLIFS:128:positions1-85	PTC001	MAPPED_CONSTRUCT_PENDING_SEQUENCE_VALIDATION
KIRHub2026	MINK/MINK1	MINK1	Q8N4C8	full catalytic	UniProt:Q8N4C8:25-289|KLIFS:362:positions1-85	PTC001	BLOCKED_CONSTRUCT_BOUNDARY
KIRHub2026	MKK4	MAP2K4	P45985	aa 33-end	UniProt:P45985:102-367|KLIFS:387:positions1-85	PTC001	BLOCKED_CONSTRUCT_BOUNDARY
KIRHub2026	MKK6	MAP2K6	P52564	full length	UniProt:P52564:53-314|KLIFS:386:positions1-85	PTC001	BLOCKED_CONSTRUCT_BOUNDARY
KIRHub2026	MKK7	MAP2K7	O14733	full-length	UniProt:O14733:120-380|KLIFS:389:positions1-85	PTC001	MAPPED_CONSTRUCT_PENDING_SEQUENCE_VALIDATION
KIRHub2026	MLCK/MYLK	MYLK	Q15746	Catalytic (aa 1428-1771)	UniProt:Q15746:1464-1719|KLIFS:153:positions1-85	PTC005	MAPPED_CONSTRUCT_PENDING_SEQUENCE_VALIDATION
KIRHub2026	MLCK2/MYLK2	MYLK2	Q9H1R3	full length	UniProt:Q9H1R3:285-540|KLIFS:155:positions1-85	PTC005	BLOCKED_CONSTRUCT_BOUNDARY
KIRHub2026	MLK1/MAP3K9	MAP3K9	P80192	full catalytic	UniProt:P80192:144-412|KLIFS:500:positions1-85	PTC001	BLOCKED_CONSTRUCT_BOUNDARY
KIRHub2026	MLK2/MAP3K10	MAP3K10	Q02779	full catalytic	UniProt:Q02779:98-360|KLIFS:501:positions1-85	PTC001	BLOCKED_CONSTRUCT_BOUNDARY
KIRHub2026	MLK3/MAP3K11	MAP3K11	Q16584	full catalytic	UniProt:Q16584:117-379|KLIFS:502:positions1-85	PTC001	BLOCKED_CONSTRUCT_BOUNDARY
KIRHub2026	MLK4		Q5TCX8	aa 114-420			BLOCKED_NO_UNIQUE_DAVIS_ESTIMAND
KIRHub2026	MNK1	MKNK1	Q9BUB5	full length	UniProt:Q9BUB5:49-374|KLIFS:152:positions1-85	PTC001	BLOCKED_CONSTRUCT_BOUNDARY
KIRHub2026	MNK2	MKNK2	Q9HBH9	full length	UniProt:Q9HBH9:84-388|KLIFS:151:positions1-85	PTC001	BLOCKED_CONSTRUCT_BOUNDARY
KIRHub2026	MRCKa/CDC42BPA	CDC42BPA 	Q5VT25	aa 1-473	UniProt:Q5VT25:77-343|KLIFS:6:positions1-85	PTC001	MAPPED_CONSTRUCT_PENDING_SEQUENCE_VALIDATION
KIRHub2026	MRCKb/CDC42BPB	CDC42BPB 	Q9Y5S2	aa 1-473	UniProt:Q9Y5S2:76-342|KLIFS:7:positions1-85	PTC001	MAPPED_CONSTRUCT_PENDING_SEQUENCE_VALIDATION
KIRHub2026	MSK1/RPS6KA5	RPS6KA5	O75582	full-length	UniProt:O75582:49-318|KLIFS:49:positions1-85	PTC001	MAPPED_CONSTRUCT_PENDING_SEQUENCE_VALIDATION
KIRHub2026	MSK2/RPS6KA4	RPS6KA4	O75676	full-length	UniProt:O75676:33-301|KLIFS:47:positions1-85	PTC001	MAPPED_CONSTRUCT_PENDING_SEQUENCE_VALIDATION
KIRHub2026	MSSK1/STK23	SRPK3	Q9UPE1	full-length	UniProt:Q9UPE1:79-565|KLIFS:258:positions1-85	PTC001	MAPPED_CONSTRUCT_PENDING_SEQUENCE_VALIDATION
KIRHub2026	MST1/STK4	STK4	Q13043	full-length	UniProt:Q13043:30-281|KLIFS:364:positions1-85	PTC001	MAPPED_CONSTRUCT_PENDING_SEQUENCE_VALIDATION
KIRHub2026	MST2/STK3	STK3	Q13188	full length	UniProt:Q13188:27-278|KLIFS:363:positions1-85	PTC001	BLOCKED_CONSTRUCT_BOUNDARY
KIRHub2026	MST3/STK24	STK24	Q9Y6E0	full length	UniProt:Q9Y6E0:36-286|KLIFS:380:positions1-85	PTC001	BLOCKED_CONSTRUCT_BOUNDARY
KIRHub2026	MST4	MST4	Q9P289	full-length			BLOCKED_NO_UNIQUE_DAVIS_ESTIMAND
KIRHub2026	MUSK	MUSK	O15146	aa530-869	UniProt:O15146:575-856|KLIFS:448:positions1-85	PTC002	MAPPED_CONSTRUCT_PENDING_SEQUENCE_VALIDATION
KIRHub2026	MYLK3	MYLK3	Q32MK0	full-length	UniProt:Q32MK0:515-770|KLIFS:156:positions1-85	PTC005	MAPPED_CONSTRUCT_PENDING_SEQUENCE_VALIDATION
KIRHub2026	MYLK4	MYLK4	Q86YV6	full-length	UniProt:Q86YV6:106-361|KLIFS:157:positions1-85	PTC005	MAPPED_CONSTRUCT_PENDING_SEQUENCE_VALIDATION
KIRHub2026	MYO3A	MYO3A	Q8NEV4	aa 1-434	UniProt:Q8NEV4:21-287|KLIFS:365:positions1-85	PTC001	MAPPED_CONSTRUCT_PENDING_SEQUENCE_VALIDATION
KIRHub2026	MYO3B	MYO3B	Q8WXR4	Catalytic (1-326)	UniProt:Q8WXR4:27-293|KLIFS:366:positions1-85	PTC001	BLOCKED_CONSTRUCT_BOUNDARY
KIRHub2026	NEK1	NEK1	Q96PY6	aa 1-505	UniProt:Q96PY6:4-258|KLIFS:281:positions1-85	PTC001	MAPPED_CONSTRUCT_PENDING_SEQUENCE_VALIDATION
KIRHub2026	NEK2	NEK2	P51955	full-length	UniProt:P51955:8-271|KLIFS:286:positions1-85	PTC001	MAPPED_CONSTRUCT_PENDING_SEQUENCE_VALIDATION
KIRHub2026	NEK3	NEK3	Q8WUN5	full-length			BLOCKED_NO_UNIQUE_DAVIS_ESTIMAND
KIRHub2026	NEK4	NEK4 	P51957	full-length	UniProt:P51957:6-261|KLIFS:287:positions1-85	PTC001	MAPPED_CONSTRUCT_PENDING_SEQUENCE_VALIDATION
KIRHub2026	NEK5	NEK5	Q6P3R8	aa 1-508	UniProt:Q6P3R8:4-259|KLIFS:283:positions1-85	PTC001	MAPPED_CONSTRUCT_PENDING_SEQUENCE_VALIDATION
KIRHub2026	NEK6	NEK6	Q9HC98	full length	UniProt:Q9HC98:45-310|KLIFS:288:positions1-85	PTC001	BLOCKED_CONSTRUCT_BOUNDARY
KIRHub2026	NEK7	NEK7 	Q8TDX7	full length	UniProt:Q8TDX7:34-299|KLIFS:289:positions1-85	PTC001	BLOCKED_CONSTRUCT_BOUNDARY
KIRHub2026	NEK9	NEK9 	Q8TD19	Catalytic (aa 347-732)	UniProt:Q8TD19:52-308|KLIFS:290:positions1-85	PTC001	MAPPED_CONSTRUCT_PENDING_SEQUENCE_VALIDATION
KIRHub2026	NEK11	NEK11	Q8NG66	full-length	UniProt:Q8NG66:29-287|KLIFS:285:positions1-85	PTC001	MAPPED_CONSTRUCT_PENDING_SEQUENCE_VALIDATION
KIRHub2026	NIM1	NIM1	Q8IY84	full-length			BLOCKED_NO_UNIQUE_DAVIS_ESTIMAND
KIRHub2026	NLK	NLK	Q9UBE8	full length	UniProt:Q9UBE8:138-427|KLIFS:248:positions1-85	PTC001	BLOCKED_CONSTRUCT_BOUNDARY
KIRHub2026	OSR1/OXSR1	OXSR1	O95747	full length	UniProt:O95747:17-291|KLIFS:353:positions1-85	PTC001	BLOCKED_CONSTRUCT_BOUNDARY
KIRHub2026	P38a/MAPK14	MAPK14	Q16539	full-length	UniProt:Q16539:24-308|KLIFS:249:positions1-85	PTC001	MAPPED_CONSTRUCT_PENDING_SEQUENCE_VALIDATION
KIRHub2026	P38b/MAPK11	MAPK11	Q15759	full-length	UniProt:Q15759:24-308|KLIFS:250:positions1-85	PTC001	MAPPED_CONSTRUCT_PENDING_SEQUENCE_VALIDATION
KIRHub2026	P38d/MAPK13	MAPK13	O15264	full-length	UniProt:O15264:25-308|KLIFS:251:positions1-85	PTC001	MAPPED_CONSTRUCT_PENDING_SEQUENCE_VALIDATION
KIRHub2026	P38g/MAPK12	MAPK12	P53778	full-length	UniProt:P53778:27-311|KLIFS:252:positions1-85	PTC001	MAPPED_CONSTRUCT_PENDING_SEQUENCE_VALIDATION
KIRHub2026	p70S6K/RPS6KB1	RPS6KB1	P23443	Catalytic (aa 1-421)	UniProt:P23443:91-352|KLIFS:51:positions1-85	PTC001	MAPPED_CONSTRUCT_PENDING_SEQUENCE_VALIDATION
KIRHub2026	p70S6Kb/RPS6KB2	RPS6KB2 	Q9UBS0	full length			BLOCKED_NO_UNIQUE_DAVIS_ESTIMAND
KIRHub2026	PAK1	PAK1	Q13153	full length	UniProt:Q13153:270-521|KLIFS:367:positions1-85	PTC001	BLOCKED_CONSTRUCT_BOUNDARY
KIRHub2026	PAK2	PAK2	Q13177	full length	UniProt:Q13177:249-499|KLIFS:368:positions1-85	PTC001	BLOCKED_CONSTRUCT_BOUNDARY
KIRHub2026	PAK3	PAK3	O75914	full length	UniProt:O75914:283-534|KLIFS:369:positions1-85	PTC001	BLOCKED_CONSTRUCT_BOUNDARY
KIRHub2026	PAK4	PAK4	O96013	Catalytic (aa 295-591)	UniProt:O96013:321-572|KLIFS:370:positions1-85	PTC001	MAPPED_CONSTRUCT_PENDING_SEQUENCE_VALIDATION
KIRHub2026	PAK5	PAK7	Q9P286	aa 425-719			BLOCKED_NO_UNIQUE_DAVIS_ESTIMAND
KIRHub2026	PAK6	PAK6	Q9NQU5	full-length	UniProt:Q9NQU5:407-658|KLIFS:371:positions1-85	PTC001	MAPPED_CONSTRUCT_PENDING_SEQUENCE_VALIDATION
KIRHub2026	PASK	PASK	Q96RG2	Catalytic (aa 879-1323)			BLOCKED_NO_UNIQUE_DAVIS_ESTIMAND
KIRHub2026	PBK/TOPK	PBK	Q96KB5	full catalytic			BLOCKED_NO_UNIQUE_DAVIS_ESTIMAND
KIRHub2026	PDGFRa	PDGFRA	Q9DE49	Cytoplasmic (550-1089)			BLOCKED_NO_UNIQUE_DAVIS_ESTIMAND
KIRHub2026	PDGFRb	PDGFRB	P09619	Cytoplasmic (558-1106)	UniProt:P09619:600-962|KLIFS:453:positions1-85	PTC001	BLOCKED_CONSTRUCT_BOUNDARY
KIRHub2026	PDK1/PDPK1	PDPK1	O15530	full length	UniProt:O15530:82-342|KLIFS:27:positions1-85	PTC001	BLOCKED_CONSTRUCT_BOUNDARY
KIRHub2026	PHKg1	PHKG1	Q16816	full length	UniProt:Q16816:20-288|KLIFS:158:positions1-85	PTC001	BLOCKED_CONSTRUCT_BOUNDARY
KIRHub2026	PHKg2	PHKG2	P15735	full length	UniProt:P15735:24-291|KLIFS:159:positions1-85	PTC001	BLOCKED_CONSTRUCT_BOUNDARY
KIRHub2026	PIM1	PIM1	P11309	full length	UniProt:P11309:38-290|KLIFS:160:positions1-85	PTC001	BLOCKED_CONSTRUCT_BOUNDARY
KIRHub2026	PIM2	PIM2	Q9P1W9	full-length	UniProt:Q9P1W9:32-286|KLIFS:161:positions1-85	PTC001	MAPPED_CONSTRUCT_PENDING_SEQUENCE_VALIDATION
KIRHub2026	PIM3	PIM3	Q86V86	full length	UniProt:Q86V86:40-293|KLIFS:162:positions1-85	PTC001	BLOCKED_CONSTRUCT_BOUNDARY
KIRHub2026	PKA	PRKACA 	P17612	full-length	UniProt:P17612:44-298|KLIFS:28:positions1-85	PTC001	MAPPED_CONSTRUCT_PENDING_SEQUENCE_VALIDATION
KIRHub2026	PKAcb	PRKACB	P22694	full-length	UniProt:P22694:44-298|KLIFS:29:positions1-85	PTC001	MAPPED_CONSTRUCT_PENDING_SEQUENCE_VALIDATION
KIRHub2026	PKAcg	PRKACG	P22612	full-length			BLOCKED_NO_UNIQUE_DAVIS_ESTIMAND
KIRHub2026	PKCa	PRKCA 	P17252	full length			BLOCKED_NO_UNIQUE_DAVIS_ESTIMAND
KIRHub2026	PKCb1	PRKCB1 	P05771	full length			BLOCKED_NO_UNIQUE_DAVIS_ESTIMAND
KIRHub2026	PKCb2	PRKCB2	P05771	full length			BLOCKED_NO_UNIQUE_DAVIS_ESTIMAND
KIRHub2026	PKCd	PRKCD	Q05655	full length	UniProt:Q05655:349-603|KLIFS:36:positions1-85	PTC001	BLOCKED_CONSTRUCT_BOUNDARY
KIRHub2026	PKCepsilon	PRKCE	Q02156	full-length	UniProt:Q02156:408-668|KLIFS:38:positions1-85	PTC001	MAPPED_CONSTRUCT_PENDING_SEQUENCE_VALIDATION
KIRHub2026	PKCeta	PRKCH	P24723	full length	UniProt:P24723:355-614|KLIFS:39:positions1-85	PTC001	BLOCKED_CONSTRUCT_BOUNDARY
KIRHub2026	PKCg	PRKCG	P05129	full length			BLOCKED_NO_UNIQUE_DAVIS_ESTIMAND
KIRHub2026	PKCiota	PRKCI	P41743	full length	UniProt:P41743:254-522|KLIFS:40:positions1-85	PTC001	BLOCKED_CONSTRUCT_BOUNDARY
KIRHub2026	PKCmu/PRKD1	PRKD1	Q15139	full length	UniProt:Q15139:583-839|KLIFS:163:positions1-85	PTC003	BLOCKED_CONSTRUCT_BOUNDARY
KIRHub2026	PKCnu/PRKD3	PRKD3	O94806	full-length	UniProt:O94806:576-832|KLIFS:164:positions1-85	PTC003	MAPPED_CONSTRUCT_PENDING_SEQUENCE_VALIDATION
KIRHub2026	PKCtheta	PRKCQ 	Q04759	full length	UniProt:Q04759:380-634|KLIFS:37:positions1-85	PTC001	BLOCKED_CONSTRUCT_BOUNDARY
KIRHub2026	PKCzeta	PRKCZ 	Q05513	full-length			BLOCKED_NO_UNIQUE_DAVIS_ESTIMAND
KIRHub2026	PKD2/PRKD2	PRKD2	Q9BZL6	full-length	UniProt:Q9BZL6:551-807|KLIFS:165:positions1-85	PTC003	MAPPED_CONSTRUCT_PENDING_SEQUENCE_VALIDATION
KIRHub2026	PKG1a	PRKG1	Q13976	full length	UniProt:Q13976:360-619|KLIFS:42:positions1-85	PTC001	BLOCKED_CONSTRUCT_BOUNDARY
KIRHub2026	PKG1b	PRKG1	P14619	full length			BLOCKED_NO_UNIQUE_DAVIS_ESTIMAND
KIRHub2026	PKG2/PRKG2	PRKG2	Q13237	full length	UniProt:Q13237:453-711|KLIFS:43:positions1-85	PTC001	BLOCKED_CONSTRUCT_BOUNDARY
KIRHub2026	PKN1/PRK1	PKN1	Q16512	full length	UniProt:Q16512:615-874|KLIFS:44:positions1-85	PTC001	BLOCKED_CONSTRUCT_BOUNDARY
KIRHub2026	PKN2/PRK2	PKN2	Q16513	full length	UniProt:Q16513:657-916|KLIFS:45:positions1-85	PTC001	BLOCKED_CONSTRUCT_BOUNDARY
KIRHub2026	PKN3/PRK3	PKN3	Q6P5Z2	full-length			BLOCKED_NO_UNIQUE_DAVIS_ESTIMAND
KIRHub2026	PLK1	PLK1	P53350	full length	UniProt:P53350:53-305|KLIFS:311:positions1-85	PTC001	BLOCKED_CONSTRUCT_BOUNDARY
KIRHub2026	PLK2	PLK2	Q9NYY3	full length	UniProt:Q9NYY3:82-334|KLIFS:313:positions1-85	PTC001	BLOCKED_CONSTRUCT_BOUNDARY
KIRHub2026	PLK3	PLK3	Q9H4B4	Catalytic (58-340)	UniProt:Q9H4B4:62-314|KLIFS:312:positions1-85	PTC001	BLOCKED_CONSTRUCT_BOUNDARY
KIRHub2026	PLK4/SAK	PLK4	O00444	full-length	UniProt:O00444:12-265|KLIFS:314:positions1-85	PTC001	MAPPED_CONSTRUCT_PENDING_SEQUENCE_VALIDATION
KIRHub2026	PRKX	PRKX	P51817	full length	UniProt:P51817:49-303|KLIFS:31:positions1-85	PTC001	BLOCKED_CONSTRUCT_BOUNDARY
KIRHub2026	PYK2	PTK2B	Q14289	full-length	UniProt:Q14289:425-683|KLIFS:424:positions1-85	PTC001	MAPPED_CONSTRUCT_PENDING_SEQUENCE_VALIDATION
KIRHub2026	RAF1	RAF1	P04049	catalytic (aa306-648)	UniProt:P04049:349-609|KLIFS:510:positions1-85	PTC001	MAPPED_CONSTRUCT_PENDING_SEQUENCE_VALIDATION
KIRHub2026	RET	RET	P07949	cytoplasmic (aa 658-1114)	UniProt:P07949:724-1016|KLIFS:454:positions1-85	PTC001	MAPPED_CONSTRUCT_PENDING_SEQUENCE_VALIDATION
KIRHub2026	RIPK2	RIPK2	O43353	aa 1-299	UniProt:O43353:18-294|KLIFS:512:positions1-85	PTC001	MAPPED_CONSTRUCT_PENDING_SEQUENCE_VALIDATION
KIRHub2026	RIPK4	RIPK4	P57078	aa 1-300	UniProt:P57078:22-286|KLIFS:514:positions1-85	PTC001	MAPPED_CONSTRUCT_PENDING_SEQUENCE_VALIDATION
KIRHub2026	RIPK5	DSTYK	Q6XUX3	full length			BLOCKED_NO_UNIQUE_DAVIS_ESTIMAND
KIRHub2026	ROCK1	ROCK1	Q13464	aa 1-535	UniProt:Q13464:76-338|KLIFS:9:positions1-85	PTC001	MAPPED_CONSTRUCT_PENDING_SEQUENCE_VALIDATION
KIRHub2026	ROCK2	ROCK2	O75116	aa 5-554	UniProt:O75116:92-354|KLIFS:10:positions1-85	PTC001	MAPPED_CONSTRUCT_PENDING_SEQUENCE_VALIDATION
KIRHub2026	RON/MST1R	MST1R	Q04912	aa 983-1400	UniProt:Q04912:1082-1345|KLIFS:447:positions1-85	PTC001	MAPPED_CONSTRUCT_PENDING_SEQUENCE_VALIDATION
KIRHub2026	ROS/ROS1	ROS1	P08922	cytoplasmic	UniProt:P08922:1945-2222|KLIFS:458:positions1-85	PTC001	BLOCKED_CONSTRUCT_BOUNDARY
KIRHub2026	RSK1	RPS6KA1 	Q15418	full length	UniProt:Q15418:62-321|KLIFS:54:positions1-85	PTC001	BLOCKED_CONSTRUCT_BOUNDARY
KIRHub2026	RSK2	RPS6KA3 	P51812	full length	UniProt:P51812:68-327|KLIFS:55:positions1-85	PTC001	BLOCKED_CONSTRUCT_BOUNDARY
KIRHub2026	RSK3	RPS6KA2 	Q15349	full length	UniProt:Q15349:59-318|KLIFS:53:positions1-85	PTC001	BLOCKED_CONSTRUCT_BOUNDARY
KIRHub2026	RSK4	RPS6KA6 	Q9UK32	full-length	UniProt:Q9UK32:73-330|KLIFS:56:positions1-85	PTC001	MAPPED_CONSTRUCT_PENDING_SEQUENCE_VALIDATION
KIRHub2026	SBK1	SBK1	Q52WX2	full-length	UniProt:Q52WX2:53-318|KLIFS:292:positions1-85	PTC006	MAPPED_CONSTRUCT_PENDING_SEQUENCE_VALIDATION
KIRHub2026	SGK1	SGK1	O00141	Catalytic (60-431)			BLOCKED_NO_UNIQUE_DAVIS_ESTIMAND
KIRHub2026	SGK2	SGK2	Q9HBY8	full length (Met1-Cys367)			BLOCKED_NO_UNIQUE_DAVIS_ESTIMAND
KIRHub2026	SGK3/SGKL	SGK3	Q96BR1	Catalytic (87-496)	UniProt:Q96BR1:162-419|KLIFS:66:positions1-85	PTC001	BLOCKED_CONSTRUCT_BOUNDARY
KIRHub2026	SIK1	SIK1	P57059	Catalytic (1-303)	UniProt:P57059:27-278|KLIFS:135:positions1-85	PTC001	BLOCKED_CONSTRUCT_BOUNDARY
KIRHub2026	SIK2	SIK2	Q9H0K1	full length	UniProt:Q9H0K1:20-271|KLIFS:133:positions1-85	PTC001	BLOCKED_CONSTRUCT_BOUNDARY
KIRHub2026	SIK3	SIK3	Q9Y2K2	Catalytic (1-307)			BLOCKED_NO_UNIQUE_DAVIS_ESTIMAND
KIRHub2026	SLK/STK2	SLK	Q9H2G2	full length	UniProt:Q9H2G2:34-292|KLIFS:374:positions1-85	PTC001	BLOCKED_CONSTRUCT_BOUNDARY
KIRHub2026	SNARK/NUAK2	NUAK2	Q9H093	full length	UniProt:Q9H093:53-303|KLIFS:131:positions1-85	PTC001	BLOCKED_CONSTRUCT_BOUNDARY
KIRHub2026	SNRK	SNRK	Q9NRH2	full-length	UniProt:Q9NRH2:16-269|KLIFS:136:positions1-85	PTC001	MAPPED_CONSTRUCT_PENDING_SEQUENCE_VALIDATION
KIRHub2026	SRMS	SRMS	Q9H3Y6	aa 215-end	UniProt:Q9H3Y6:230-488|KLIFS:469:positions1-85	PTC001	BLOCKED_CONSTRUCT_BOUNDARY
KIRHub2026	SRPK1	SRPK1	Q96SB4	full length	UniProt:Q96SB4:80-653|KLIFS:256:positions1-85	PTC001	BLOCKED_CONSTRUCT_BOUNDARY
KIRHub2026	SRPK2	SRPK2	P78362	full length	UniProt:P78362:81-684|KLIFS:257:positions1-85	PTC001	BLOCKED_CONSTRUCT_BOUNDARY
KIRHub2026	SSTK/TSSK6	TSSK6	Q9BXA6	Full length (aa1-273)			BLOCKED_NO_UNIQUE_DAVIS_ESTIMAND
KIRHub2026	STK16	STK16	O75716	full length	UniProt:O75716:20-293|KLIFS:280:positions1-85	PTC001	BLOCKED_CONSTRUCT_BOUNDARY
KIRHub2026	STK21/CIT	CIT	O14578	aa 1-449	UniProt:O14578:97-360|KLIFS:4:positions1-85	PTC001	MAPPED_CONSTRUCT_PENDING_SEQUENCE_VALIDATION
KIRHub2026	STK22D/TSSK1	TSSK1B 	Q9BXA7	full length	UniProt:Q9BXA7:12-272|KLIFS:181:positions1-85	PTC009	BLOCKED_CONSTRUCT_BOUNDARY
KIRHub2026	STK25/YSK1	STK25	O00506	full length	UniProt:O00506:20-270|KLIFS:381:positions1-85	PTC001	BLOCKED_CONSTRUCT_BOUNDARY
KIRHub2026	STK32A/YANK1	STK32A	Q8WU08	full length	UniProt:Q8WU08:23-281|KLIFS:68:positions1-85	PTC001	BLOCKED_CONSTRUCT_BOUNDARY
KIRHub2026	STK32B/YANK2	STK32B	Q9NY57	full-length	UniProt:Q9NY57:23-283|KLIFS:67:positions1-85	PTC001	MAPPED_CONSTRUCT_PENDING_SEQUENCE_VALIDATION
KIRHub2026	STK32C/YANK3	STK32C	Q86UX6	Catalytic (aa66-end)	UniProt:Q86UX6:93-353|KLIFS:69:positions1-85	PTC001	BLOCKED_CONSTRUCT_BOUNDARY
KIRHub2026	STK33	STK33	Q9BYT3	full length	UniProt:Q9BYT3:116-381|KLIFS:137:positions1-85	PTC010	BLOCKED_CONSTRUCT_BOUNDARY
KIRHub2026	STK35/CLIK1	STK35	Q8TDR2	full length	UniProt:Q8TDR2:202-530|KLIFS:298:positions1-85	PTC008	BLOCKED_CONSTRUCT_BOUNDARY
KIRHub2026	STK38/NDR1	STK38-MOBKL1A	Q15208/Q7L9L4	full-length			BLOCKED_NO_UNIQUE_DAVIS_ESTIMAND
KIRHub2026	STK38L/NDR2	STK38L-MOBKL1A	Q9Y2H1/Q7L9L4	full-length			BLOCKED_NO_UNIQUE_DAVIS_ESTIMAND
KIRHub2026	STK39/STLK3	STK39	Q9UEW8	full length	UniProt:Q9UEW8:63-337|KLIFS:354:positions1-85	PTC001	BLOCKED_CONSTRUCT_BOUNDARY
KIRHub2026	SYK	SYK	P43405	full-length	UniProt:P43405:371-631|KLIFS:470:positions1-85	PTC001	MAPPED_CONSTRUCT_PENDING_SEQUENCE_VALIDATION
KIRHub2026	TAK1	MAP3K7/MAP3K7IP1	MAP3K7:O43318; TAB1:Q15750	full-length MAP3K7; aa 437-504 MAP3K7IPI 			BLOCKED_NO_UNIQUE_DAVIS_ESTIMAND
KIRHub2026	TAOK1	TAOK1	Q7L7X3	aa1-314	UniProt:Q7L7X3:28-281|KLIFS:379:positions1-85	PTC001	MAPPED_CONSTRUCT_PENDING_SEQUENCE_VALIDATION
KIRHub2026	TAOK2	TAOK2	Q9UL54	full catalytic	UniProt:Q9UL54:28-281|KLIFS:377:positions1-85	PTC001	BLOCKED_CONSTRUCT_BOUNDARY
KIRHub2026	TAOK3/JIK	TAOK3	Q9H2K8	full-length	UniProt:Q9H2K8:24-277|KLIFS:378:positions1-85	PTC001	MAPPED_CONSTRUCT_PENDING_SEQUENCE_VALIDATION
KIRHub2026	TBK1	TBK1	Q9UHD2	full-length	UniProt:Q9UHD2:9-310|KLIFS:272:positions1-85	PTC001	MAPPED_CONSTRUCT_PENDING_SEQUENCE_VALIDATION
KIRHub2026	TEC	TEC	P42680	full length	UniProt:P42680:370-623|KLIFS:475:positions1-85	PTC001	BLOCKED_CONSTRUCT_BOUNDARY
KIRHub2026	TESK1	TESK1	Q15569	full-length	UniProt:Q15569:57-314|KLIFS:492:positions1-85	PTC001	MAPPED_CONSTRUCT_PENDING_SEQUENCE_VALIDATION
KIRHub2026	TESK2	TESK2	Q96S53	full-length			BLOCKED_NO_UNIQUE_DAVIS_ESTIMAND
KIRHub2026	TGFBR2	TGFBR2	P37173	190-end	UniProt:P37173:244-544|KLIFS:527:positions1-85	PTC001	BLOCKED_CONSTRUCT_BOUNDARY
KIRHub2026	TIE2/TEK	TEK	Q02763	Cytoplasmic (817-1101)	UniProt:Q02763:824-1096|KLIFS:477:positions1-85	PTC001	BLOCKED_CONSTRUCT_BOUNDARY
KIRHub2026	TLK1	TLK1	Q9UKI8	full-length	UniProt:Q9UKI8:456-734|KLIFS:323:positions1-85	PTC001	MAPPED_CONSTRUCT_PENDING_SEQUENCE_VALIDATION
KIRHub2026	TLK2	TLK2	Q86UE8	Catalytic (388-end)	UniProt:Q86UE8:462-741|KLIFS:324:positions1-85	PTC001	BLOCKED_CONSTRUCT_BOUNDARY
KIRHub2026	TNIK	TNIK	Q9UKE5	Catalytic (1-367)	UniProt:Q9UKE5:25-289|KLIFS:360:positions1-85	PTC001	BLOCKED_CONSTRUCT_BOUNDARY
KIRHub2026	TNK1	TNK1	Q13470	aa1-510	UniProt:Q13470:116-377|KLIFS:395:positions1-85	PTC001	MAPPED_CONSTRUCT_PENDING_SEQUENCE_VALIDATION
KIRHub2026	TRKA	NTRK1	P04629	Cytoplasmic (441-796)	UniProt:P04629:510-781|KLIFS:480:positions1-85	PTC001	BLOCKED_CONSTRUCT_BOUNDARY
KIRHub2026	TRKB	NTRK2	Q16620	Cytoplasmic (455-end)	UniProt:Q16620:538-807|KLIFS:481:positions1-85	PTC001	BLOCKED_CONSTRUCT_BOUNDARY
KIRHub2026	TRKC	NTRK3	Q16288	catalytic domain (aa 510-825)	UniProt:Q16288:538-839|KLIFS:482:positions1-85	PTC001	MAPPED_CONSTRUCT_PENDING_SEQUENCE_VALIDATION
KIRHub2026	TSSK2	TSSK2	Q96PF2	full length			BLOCKED_NO_UNIQUE_DAVIS_ESTIMAND
KIRHub2026	TSSK3/STK22C	TSSK3	Q96PN8	full-length			BLOCKED_NO_UNIQUE_DAVIS_ESTIMAND
KIRHub2026	TSSK4	TSSK4	Q6SA08	full length			BLOCKED_NO_UNIQUE_DAVIS_ESTIMAND
KIRHub2026	TTBK1  	TTBK1 	Q5TCY1	Catalytic domain (aa1-479)			BLOCKED_NO_UNIQUE_DAVIS_ESTIMAND
KIRHub2026	TTBK2	TTBK2	Q6IQ55	Catalytic domain (aa1-331)			BLOCKED_NO_UNIQUE_DAVIS_ESTIMAND
KIRHub2026	TXK	TXK	P42681	full length	UniProt:P42681:271-527|KLIFS:476:positions1-85	PTC001	BLOCKED_CONSTRUCT_BOUNDARY
KIRHub2026	TYK1/LTK	LTK	P29376	Cytoplasmic (450-864)	UniProt:P29376:510-786|KLIFS:397:positions1-85	PTC001	BLOCKED_CONSTRUCT_BOUNDARY
KIRHub2026	TYK2	TYK2	P29597	aa 833-1187	UniProt:P29597:897-1176|KLIFS:441:positions1-85	PTC001	MAPPED_CONSTRUCT_PENDING_SEQUENCE_VALIDATION
KIRHub2026	TYRO3/SKY	TYRO3	Q06418	Cytoplasmic (451-890)	UniProt:Q06418:518-790|KLIFS:399:positions1-85	PTC001	BLOCKED_CONSTRUCT_BOUNDARY
KIRHub2026	ULK1	ULK1	O75385	aa 1-649	UniProt:O75385:16-278|KLIFS:328:positions1-85	PTC001	MAPPED_CONSTRUCT_PENDING_SEQUENCE_VALIDATION
KIRHub2026	ULK2	ULK2	Q8IYT8	aa 1-631	UniProt:Q8IYT8:9-271|KLIFS:329:positions1-85	PTC001	MAPPED_CONSTRUCT_PENDING_SEQUENCE_VALIDATION
KIRHub2026	ULK3	ULK3	Q6PHR2	full-length	UniProt:Q6PHR2:14-270|KLIFS:330:positions1-85	PTC001	MAPPED_CONSTRUCT_PENDING_SEQUENCE_VALIDATION
KIRHub2026	VRK1	VRK1	Q99986	full length, Met1-Lys396			BLOCKED_NO_UNIQUE_DAVIS_ESTIMAND
KIRHub2026	VRK2	VRK2	Q86Y07	aa 1-375	UniProt:Q86Y07:29-319|KLIFS:194:positions1-85	PTC001	MAPPED_CONSTRUCT_PENDING_SEQUENCE_VALIDATION
KIRHub2026	WNK1	WNK1	Q9H4A3	Catalytic (181-507)			BLOCKED_NO_UNIQUE_DAVIS_ESTIMAND
KIRHub2026	WNK2	WNK2	Q9Y3S1	Catalytic (166-489)			BLOCKED_NO_UNIQUE_DAVIS_ESTIMAND
KIRHub2026	WNK3	WNK3	Q9BYP7	Catalytic (1-434)			BLOCKED_NO_UNIQUE_DAVIS_ESTIMAND
KIRHub2026	YES/YES1	YES1	P07947	full length	UniProt:P07947:277-530|KLIFS:463:positions1-85	PTC001	BLOCKED_CONSTRUCT_BOUNDARY
KIRHub2026	YSK4/MAP3K19	MAP3K19	Q56UN5	aa 941-1328 (end)			BLOCKED_NO_UNIQUE_DAVIS_ESTIMAND
KIRHub2026	ZAK/MLTK	ZAK	Q9NYL2	full length			BLOCKED_NO_UNIQUE_DAVIS_ESTIMAND
KIRHub2026	ZAP70	ZAP70	P43403	full length	UniProt:P43403:338-600|KLIFS:471:positions1-85	PTC001	BLOCKED_CONSTRUCT_BOUNDARY
KIRHub2026	ZIPK/DAPK3	DAPK3	O43293	full-length	UniProt:O43293:13-275|KLIFS:141:positions1-85	PTC001	MAPPED_CONSTRUCT_PENDING_SEQUENCE_VALIDATION
KIRHub2026	CDK11B/cyclin K	CDK11B/CCNK	CDK11B: P21127; cyclin K: O75909	aa M357-F795, M1-S300			BLOCKED_NO_UNIQUE_DAVIS_ESTIMAND
KIRHub2026	ERK5/MAPK7 (CD)	MAPK7	Q13164	Catalytic (aa1-398)	UniProt:Q13164:55-347|KLIFS:243:positions1-85	PTC001	MAPPED_CONSTRUCT_PENDING_SEQUENCE_VALIDATION
KIRHub2026	IRAK2	IRAK2	O43187	full-length			BLOCKED_NO_UNIQUE_DAVIS_ESTIMAND
KIRHub2026	JAK2 JH1&2	JAK2	O60674	aa 532-1132	UniProt:O60674:849-1124|KLIFS:436:positions1-85	PTC001	MAPPED_CONSTRUCT_PENDING_SEQUENCE_VALIDATION
KIRHub2026	NEK8	NEK8	Q86SG6	aa 1-322			BLOCKED_NO_UNIQUE_DAVIS_ESTIMAND
KIRHub2026	RIPK3	RIPK3	Q9Y572	full-length			BLOCKED_NO_UNIQUE_DAVIS_ESTIMAND
KIRHub2026	TTK	TTK	P33981	full-length	UniProt:P33981:525-791|KLIFS:326:positions1-85	PTC001	MAPPED_CONSTRUCT_PENDING_SEQUENCE_VALIDATION
KIRHub2026	TYK2 JH1&2	TYK2	P29597	aa556-1187(end)	UniProt:P29597:897-1176|KLIFS:441:positions1-85	PTC001	MAPPED_CONSTRUCT_PENDING_SEQUENCE_VALIDATION
KIRHub2026	WEE1	WEE1	P30291	full-length	UniProt:P30291:299-569|KLIFS:333:positions1-85	PTC001	MAPPED_CONSTRUCT_PENDING_SEQUENCE_VALIDATION
KIRHub2026	DLK/MAP3K12	MAP3K12	Q12852	Catalytic (aa 1-520)	UniProt:Q12852:125-366|KLIFS:498:positions1-85	PTC001	MAPPED_CONSTRUCT_PENDING_SEQUENCE_VALIDATION
KIRHub2026	NIK/MAP3K14	MAP3K14	Q99558	full-length (1-947)			BLOCKED_NO_UNIQUE_DAVIS_ESTIMAND
KIRHub2026	PEAK1	PEAK1	Q9H792	aa 1127-end			BLOCKED_NO_UNIQUE_DAVIS_ESTIMAND
KIRHub2026	PKMYT1	PKMYT1	Q99640	full length	UniProt:Q99640:110-359|KLIFS:334:positions1-85	PTC001	BLOCKED_CONSTRUCT_BOUNDARY
KIRHub2026	BMPR2	BMPR2	Q13873	Catalytic (aa174-end)	UniProt:Q13873:203-504|KLIFS:526:positions1-85	PTC001	BLOCKED_CONSTRUCT_BOUNDARY
