panel	name	machine_readable_structure_present	simple_name_overlap_with_davis	eligibility_status
KIRHub2026	Abemaciclib	false	false	BLOCKED_NO_MACHINE_READABLE_PARENT_STRUCTURE
KIRHub2026	Abrocitinib	false	false	BLOCKED_NO_MACHINE_READABLE_PARENT_STRUCTURE
KIRHub2026	Acalabrutinib	false	false	BLOCKED_NO_MACHINE_READABLE_PARENT_STRUCTURE
KIRHub2026	Afatinib	false	false	BLOCKED_NO_MACHINE_READABLE_PARENT_STRUCTURE
KIRHub2026	Alectinib	false	false	BLOCKED_NO_MACHINE_READABLE_PARENT_STRUCTURE
KIRHub2026	Alpelisib	false	false	BLOCKED_NO_MACHINE_READABLE_PARENT_STRUCTURE
KIRHub2026	Apatinib	false	false	BLOCKED_NO_MACHINE_READABLE_PARENT_STRUCTURE
KIRHub2026	Asciminib	false	false	BLOCKED_NO_MACHINE_READABLE_PARENT_STRUCTURE
KIRHub2026	Avapritinib	false	false	BLOCKED_NO_MACHINE_READABLE_PARENT_STRUCTURE
KIRHub2026	Axitinib	false	false	BLOCKED_NO_MACHINE_READABLE_PARENT_STRUCTURE
KIRHub2026	Barcitinib	false	false	BLOCKED_NO_MACHINE_READABLE_PARENT_STRUCTURE
KIRHub2026	Binimetinib	false	false	BLOCKED_NO_MACHINE_READABLE_PARENT_STRUCTURE
KIRHub2026	Bosutinib	false	false	BLOCKED_NO_MACHINE_READABLE_PARENT_STRUCTURE
KIRHub2026	Brigatinib	false	false	BLOCKED_NO_MACHINE_READABLE_PARENT_STRUCTURE
KIRHub2026	Cabozantinib	false	false	BLOCKED_NO_MACHINE_READABLE_PARENT_STRUCTURE
KIRHub2026	Canertinib	false	false	BLOCKED_NO_MACHINE_READABLE_PARENT_STRUCTURE
KIRHub2026	Capivasertib	false	false	BLOCKED_NO_MACHINE_READABLE_PARENT_STRUCTURE
KIRHub2026	Capmatinib	false	false	BLOCKED_NO_MACHINE_READABLE_PARENT_STRUCTURE
KIRHub2026	Ceritinib	false	false	BLOCKED_NO_MACHINE_READABLE_PARENT_STRUCTURE
KIRHub2026	Cobimetinib	false	false	BLOCKED_NO_MACHINE_READABLE_PARENT_STRUCTURE
KIRHub2026	Crizotinib	false	true	BLOCKED_NO_MACHINE_READABLE_PARENT_STRUCTURE
KIRHub2026	Dabrafenib	false	false	BLOCKED_NO_MACHINE_READABLE_PARENT_STRUCTURE
KIRHub2026	Dacomitinib	false	false	BLOCKED_NO_MACHINE_READABLE_PARENT_STRUCTURE
KIRHub2026	Darovasertib	false	false	BLOCKED_NO_MACHINE_READABLE_PARENT_STRUCTURE
KIRHub2026	Dasatinib	false	true	BLOCKED_NO_MACHINE_READABLE_PARENT_STRUCTURE
KIRHub2026	Defactinib	false	false	BLOCKED_NO_MACHINE_READABLE_PARENT_STRUCTURE
KIRHub2026	Deucravacitinib	false	false	BLOCKED_NO_MACHINE_READABLE_PARENT_STRUCTURE
KIRHub2026	Duvelisib	false	false	BLOCKED_NO_MACHINE_READABLE_PARENT_STRUCTURE
KIRHub2026	Encorafenib	false	false	BLOCKED_NO_MACHINE_READABLE_PARENT_STRUCTURE
KIRHub2026	Entrectinib	false	false	BLOCKED_NO_MACHINE_READABLE_PARENT_STRUCTURE
KIRHub2026	Erdafitinib	false	false	BLOCKED_NO_MACHINE_READABLE_PARENT_STRUCTURE
KIRHub2026	Erlotinib	false	true	BLOCKED_NO_MACHINE_READABLE_PARENT_STRUCTURE
KIRHub2026	Everolimus	false	false	BLOCKED_NO_MACHINE_READABLE_PARENT_STRUCTURE
KIRHub2026	Fedratinib	false	false	BLOCKED_NO_MACHINE_READABLE_PARENT_STRUCTURE
KIRHub2026	Fostamatinib	false	false	BLOCKED_NO_MACHINE_READABLE_PARENT_STRUCTURE
KIRHub2026	Futibatinib	false	false	BLOCKED_NO_MACHINE_READABLE_PARENT_STRUCTURE
KIRHub2026	Gedatolisib	false	false	BLOCKED_NO_MACHINE_READABLE_PARENT_STRUCTURE
KIRHub2026	Gefitinib	false	true	BLOCKED_NO_MACHINE_READABLE_PARENT_STRUCTURE
KIRHub2026	Gilteritinib	false	false	BLOCKED_NO_MACHINE_READABLE_PARENT_STRUCTURE
KIRHub2026	Ibrutinib	false	false	BLOCKED_NO_MACHINE_READABLE_PARENT_STRUCTURE
KIRHub2026	Idelalisib	false	false	BLOCKED_NO_MACHINE_READABLE_PARENT_STRUCTURE
KIRHub2026	Imatinib	false	true	BLOCKED_NO_MACHINE_READABLE_PARENT_STRUCTURE
KIRHub2026	Inavolisib	false	false	BLOCKED_NO_MACHINE_READABLE_PARENT_STRUCTURE
KIRHub2026	Infigratinib	false	false	BLOCKED_NO_MACHINE_READABLE_PARENT_STRUCTURE
KIRHub2026	Lapatinib	false	true	BLOCKED_NO_MACHINE_READABLE_PARENT_STRUCTURE
KIRHub2026	Larotrectinib	false	false	BLOCKED_NO_MACHINE_READABLE_PARENT_STRUCTURE
KIRHub2026	Lazertinib	false	false	BLOCKED_NO_MACHINE_READABLE_PARENT_STRUCTURE
KIRHub2026	Leniolisib	false	false	BLOCKED_NO_MACHINE_READABLE_PARENT_STRUCTURE
KIRHub2026	Lenvatinib	false	false	BLOCKED_NO_MACHINE_READABLE_PARENT_STRUCTURE
KIRHub2026	Lorlatinib	false	false	BLOCKED_NO_MACHINE_READABLE_PARENT_STRUCTURE
KIRHub2026	Midostaurin	false	false	BLOCKED_NO_MACHINE_READABLE_PARENT_STRUCTURE
KIRHub2026	Mitapivat	false	false	BLOCKED_NO_MACHINE_READABLE_PARENT_STRUCTURE
KIRHub2026	Mobocertinib	false	false	BLOCKED_NO_MACHINE_READABLE_PARENT_STRUCTURE
KIRHub2026	Neratinib	false	false	BLOCKED_NO_MACHINE_READABLE_PARENT_STRUCTURE
KIRHub2026	Netarsudil	false	false	BLOCKED_NO_MACHINE_READABLE_PARENT_STRUCTURE
KIRHub2026	Nilotinib	false	true	BLOCKED_NO_MACHINE_READABLE_PARENT_STRUCTURE
KIRHub2026	Nintedanib	false	false	BLOCKED_NO_MACHINE_READABLE_PARENT_STRUCTURE
KIRHub2026	Osimertinib	false	false	BLOCKED_NO_MACHINE_READABLE_PARENT_STRUCTURE
KIRHub2026	Pacritinib	false	false	BLOCKED_NO_MACHINE_READABLE_PARENT_STRUCTURE
KIRHub2026	Palbociclib	false	false	BLOCKED_NO_MACHINE_READABLE_PARENT_STRUCTURE
KIRHub2026	Paxalisib	false	false	BLOCKED_NO_MACHINE_READABLE_PARENT_STRUCTURE
KIRHub2026	Pazopanib	false	true	BLOCKED_NO_MACHINE_READABLE_PARENT_STRUCTURE
KIRHub2026	Pemigatinib	false	false	BLOCKED_NO_MACHINE_READABLE_PARENT_STRUCTURE
KIRHub2026	Pexidartinib	false	false	BLOCKED_NO_MACHINE_READABLE_PARENT_STRUCTURE
KIRHub2026	Pirtobrutinib	false	false	BLOCKED_NO_MACHINE_READABLE_PARENT_STRUCTURE
KIRHub2026	Ponatinib	false	false	BLOCKED_NO_MACHINE_READABLE_PARENT_STRUCTURE
KIRHub2026	Pralsetinib	false	false	BLOCKED_NO_MACHINE_READABLE_PARENT_STRUCTURE
KIRHub2026	Quizartinib	false	false	BLOCKED_NO_MACHINE_READABLE_PARENT_STRUCTURE
KIRHub2026	Rabusertib	false	false	BLOCKED_NO_MACHINE_READABLE_PARENT_STRUCTURE
KIRHub2026	Regorafenib	false	false	BLOCKED_NO_MACHINE_READABLE_PARENT_STRUCTURE
KIRHub2026	Remibrutinib	false	false	BLOCKED_NO_MACHINE_READABLE_PARENT_STRUCTURE
KIRHub2026	Repotrectinib	false	false	BLOCKED_NO_MACHINE_READABLE_PARENT_STRUCTURE
KIRHub2026	Ribociclib	false	false	BLOCKED_NO_MACHINE_READABLE_PARENT_STRUCTURE
KIRHub2026	Ripretinib	false	false	BLOCKED_NO_MACHINE_READABLE_PARENT_STRUCTURE
KIRHub2026	Ruxolitinib	false	false	BLOCKED_NO_MACHINE_READABLE_PARENT_STRUCTURE
KIRHub2026	Selpercatinib	false	false	BLOCKED_NO_MACHINE_READABLE_PARENT_STRUCTURE
KIRHub2026	Selumetinib	false	false	BLOCKED_NO_MACHINE_READABLE_PARENT_STRUCTURE
KIRHub2026	Sirolimus	false	false	BLOCKED_NO_MACHINE_READABLE_PARENT_STRUCTURE
KIRHub2026	Sorafenib	false	true	BLOCKED_NO_MACHINE_READABLE_PARENT_STRUCTURE
KIRHub2026	Sunitinib	false	true	BLOCKED_NO_MACHINE_READABLE_PARENT_STRUCTURE
KIRHub2026	Temsirolimus	false	false	BLOCKED_NO_MACHINE_READABLE_PARENT_STRUCTURE
KIRHub2026	Tenalisib	false	false	BLOCKED_NO_MACHINE_READABLE_PARENT_STRUCTURE
KIRHub2026	Tepotinib	false	false	BLOCKED_NO_MACHINE_READABLE_PARENT_STRUCTURE
KIRHub2026	Tivozanib	false	false	BLOCKED_NO_MACHINE_READABLE_PARENT_STRUCTURE
KIRHub2026	Tofacitinib	false	false	BLOCKED_NO_MACHINE_READABLE_PARENT_STRUCTURE
KIRHub2026	Trametinib	false	false	BLOCKED_NO_MACHINE_READABLE_PARENT_STRUCTURE
KIRHub2026	Tucatinib	false	false	BLOCKED_NO_MACHINE_READABLE_PARENT_STRUCTURE
KIRHub2026	Umbralisib	false	false	BLOCKED_NO_MACHINE_READABLE_PARENT_STRUCTURE
KIRHub2026	Upadacitinib	false	false	BLOCKED_NO_MACHINE_READABLE_PARENT_STRUCTURE
KIRHub2026	Vandetanib-Final	false	false	BLOCKED_NO_MACHINE_READABLE_PARENT_STRUCTURE
KIRHub2026	Vemurafenib	false	false	BLOCKED_NO_MACHINE_READABLE_PARENT_STRUCTURE
KIRHub2026	Zanubrutinib	false	false	BLOCKED_NO_MACHINE_READABLE_PARENT_STRUCTURE
