panel	compound_id	name	reported_smiles	reported_inchikey	computed_inchikey	structure_roundtrip_exact	single_covalent_component	exact_davis_parent_overlap	exact_davis_murcko_overlap	maximum_davis_morgan2_tanimoto	eligibility_status
OKL2026	HMSL10067	AZD-1152-HQPA	CCN(CCO)CCCOc1ccc2c(Nc3cc(CC(=O)Nc4cccc(F)c4)[nH]n3)ncnc2c1	QYZOGCMHVIGURT-UHFFFAOYSA-N	QYZOGCMHVIGURT-UHFFFAOYSA-N	true	true	true	true	1.00000000	EXCLUDED_DAVIS_LIGAND_LEAKAGE
OKL2026	HMSL12067	FALNIDAMOL	CN1CCC(Nc2ncc3ncnc(Nc4ccc(F)c(Cl)c4)c3n2)CC1	FTFRZXFNZVCRSK-UHFFFAOYSA-N	FTFRZXFNZVCRSK-UHFFFAOYSA-N	true	true	false	false	0.40740741	ELIGIBLE_IDENTITY_PENDING_MANUAL_QA
OKL2026	HMSL10633	HARMINE	COc1ccc2c(c1)[nH]c1c(C)nccc12	BXNJHAXVSOCGBA-UHFFFAOYSA-N	BXNJHAXVSOCGBA-UHFFFAOYSA-N	true	true	false	false	0.33333333	ELIGIBLE_IDENTITY_PENDING_MANUAL_QA
OKL2026	HMSL10661	PIM-447	C[C@@H]1C[C@H](N)C[C@H](c2ccncc2NC(=O)c2ccc(F)c(-c3c(F)cccc3F)n2)C1	VRQXRVAKPDCRCI-ZNMIVQPWSA-N	VRQXRVAKPDCRCI-ZNMIVQPWSA-N	true	true	false	false	0.26666667	ELIGIBLE_IDENTITY_PENDING_MANUAL_QA
OKL2026	HMSL10101	MIRDAMETINIB	O=C(NOC[C@H](O)CO)c1ccc(F)c(F)c1Nc1ccc(I)cc1F	SUDAHWBOROXANE-SECBINFHSA-N	SUDAHWBOROXANE-SECBINFHSA-N	true	true	false	false	0.56250000	ELIGIBLE_IDENTITY_PENDING_MANUAL_QA
OKL2026	HMSL10167	SB-203580	C[S+]([O-])c1ccc(-c2nc(-c3ccc(F)cc3)c(-c3ccncc3)[nH]2)cc1	CDMGBJANTYXAIV-UHFFFAOYSA-N	CDMGBJANTYXAIV-UHFFFAOYSA-N	true	true	false	false	0.17567568	ELIGIBLE_IDENTITY_PENDING_MANUAL_QA
OKL2026	HMSL11588	VATALANIB	Clc1ccc(Nc2nnc(Cc3ccncc3)c3ccccc23)cc1	YCOYDOIWSSHVCK-UHFFFAOYSA-N	YCOYDOIWSSHVCK-UHFFFAOYSA-N	true	true	true	true	1.00000000	EXCLUDED_DAVIS_LIGAND_LEAKAGE
OKL2026	HMSL10169	DORAMAPIMOD	Cc1ccc(-n2nc(C(C)(C)C)cc2NC(=O)Nc2ccc(OCCN3CCOCC3)c3ccccc23)cc1	MVCOAUNKQVWQHZ-UHFFFAOYSA-N	MVCOAUNKQVWQHZ-UHFFFAOYSA-N	true	true	true	true	1.00000000	EXCLUDED_DAVIS_LIGAND_LEAKAGE
OKL2026	HMSL10048	CI-1040	O=C(NOCC1CC1)c1ccc(F)c(F)c1Nc1ccc(I)cc1Cl	GFMMXOIFOQCCGU-UHFFFAOYSA-N	GFMMXOIFOQCCGU-UHFFFAOYSA-N	true	true	true	true	1.00000000	EXCLUDED_DAVIS_LIGAND_LEAKAGE
OKL2026	HMSL10140	MOMELOTINIB	N#CCNC(=O)c1ccc(-c2ccnc(Nc3ccc(N4CCOCC4)cc3)n2)cc1	ZVHNDZWQTBEVRY-UHFFFAOYSA-N	ZVHNDZWQTBEVRY-UHFFFAOYSA-N	true	true	false	false	0.37931034	ELIGIBLE_IDENTITY_PENDING_MANUAL_QA
OKL2026	HMSL10057	MK-2206	NC1(c2ccc(-c3nc4ccn5c(=O)[nH]nc5c4cc3-c3ccccc3)cc2)CCC1	ULDXWLCXEDXJGE-UHFFFAOYSA-N	ULDXWLCXEDXJGE-UHFFFAOYSA-N	true	true	false	false	0.18390805	ELIGIBLE_IDENTITY_PENDING_MANUAL_QA
OKL2026	HMSL10072	PF-00562271	CN(c1ncccc1CNc1nc(Nc2ccc3c(c2)CC(=O)N3)ncc1C(F)(F)F)S(C)(=O)=O	MZDKLVOWGIOKTN-UHFFFAOYSA-N	MZDKLVOWGIOKTN-UHFFFAOYSA-N	true	true	false	false	0.25714286	ELIGIBLE_IDENTITY_PENDING_MANUAL_QA
OKL2026	HMSL10439	PH-797804	CNC(=O)c1ccc(C)c(-n2c(C)cc(OCc3ccc(F)cc3F)c(Br)c2=O)c1	KCAJXIDMCNPGHZ-UHFFFAOYSA-N	KCAJXIDMCNPGHZ-UHFFFAOYSA-N	true	true	false	false	0.20000000	ELIGIBLE_IDENTITY_PENDING_MANUAL_QA
OKL2026	HMSL10402	LOSMAPIMOD	Cc1c(F)cc(C(=O)NC2CC2)cc1-c1ccc(C(=O)NCC(C)(C)C)cn1	KKYABQBFGDZVNQ-UHFFFAOYSA-N	KKYABQBFGDZVNQ-UHFFFAOYSA-N	true	true	false	false	0.24489796	ELIGIBLE_IDENTITY_PENDING_MANUAL_QA
OKL2026	HMSL12085	PAMAPIMOD	Cn1c(=O)c(Oc2ccc(F)cc2F)cc2cnc(NC(CCO)CCO)nc21	JYYLVUFNAHSSFE-UHFFFAOYSA-N	JYYLVUFNAHSSFE-UHFFFAOYSA-N	true	true	false	false	0.29629630	ELIGIBLE_IDENTITY_PENDING_MANUAL_QA
OKL2026	HMSL10062	GSK-1070916	CCn1cc(-c2ccnc3[nH]c(-c4cccc(CN(C)C)c4)cc23)c(-c2ccc(NC(=O)N(C)C)cc2)n1	QTBWCSQGBMPECM-UHFFFAOYSA-N	QTBWCSQGBMPECM-UHFFFAOYSA-N	true	true	false	false	0.24761905	ELIGIBLE_IDENTITY_PENDING_MANUAL_QA
OKL2026	HMSL10135	LINSITINIB	C[C@]1(O)C[C@@H](c2nc(-c3ccc4ccc(-c5ccccc5)nc4c3)c3c(N)nccn32)C1	PKCDDUHJAFVJJB-VLZXCDOPSA-N	PKCDDUHJAFVJJB-VLZXCDOPSA-N	true	true	false	false	0.20270270	ELIGIBLE_IDENTITY_PENDING_MANUAL_QA
OKL2026	HMSL10380	NMS-1286937	COc1ccc(N2CCN(C)CC2)cc1Nc1ncc2c(n1)-c1c(c(C(N)=O)nn1C)CC2	SWTRIZHCIUWGAU-UHFFFAOYSA-N	SWTRIZHCIUWGAU-UHFFFAOYSA-N	true	true	false	false	0.35051546	ELIGIBLE_IDENTITY_PENDING_MANUAL_QA
OKL2026	HMSL10150	PONATINIB	Cc1ccc(C(=O)Nc2ccc(CN3CCN(C)CC3)c(C(F)(F)F)c2)cc1C#Cc1cnc2cccnn12	PHXJVRSECIGDHY-UHFFFAOYSA-N	PHXJVRSECIGDHY-UHFFFAOYSA-N	true	true	false	false	0.39795918	ELIGIBLE_IDENTITY_PENDING_MANUAL_QA
OKL2026	HMSL10133	AFATINIB	CN(C)C/C=C/C(=O)Nc1cc2c(Nc3ccc(F)c(Cl)c3)ncnc2cc1O[C@H]1CCOC1	ULXXDDBFHOBEHA-CWDCEQMOSA-N	ULXXDDBFHOBEHA-CWDCEQMOSA-N	true	true	true	true	1.00000000	EXCLUDED_DAVIS_LIGAND_LEAKAGE
OKL2026	HMSL10166	BAY-613606	COc1ccc(-c2cc3nccn3c(Nc3ncccc3C(N)=O)n2)cc1OC	JWQOJVOKBAAAAR-UHFFFAOYSA-N	JWQOJVOKBAAAAR-UHFFFAOYSA-N	true	true	false	false	0.22727273	ELIGIBLE_IDENTITY_PENDING_MANUAL_QA
OKL2026	HMSL10168	NEFLAMAPIMOD	O=c1ncn2nc(Sc3ccc(F)cc3F)ccc2c1-c1c(Cl)cccc1Cl	VEPKQEUBKLEPRA-UHFFFAOYSA-N	VEPKQEUBKLEPRA-UHFFFAOYSA-N	true	true	true	true	1.00000000	EXCLUDED_DAVIS_LIGAND_LEAKAGE
OKL2026	HMSL10068	VEMURAFENIB	CCCS(=O)(=O)Nc1ccc(F)c(C(=O)c2c[nH]c3ncc(-c4ccc(Cl)cc4)cc23)c1F	GPXBXXGIAQBQNI-UHFFFAOYSA-N	GPXBXXGIAQBQNI-UHFFFAOYSA-N	true	true	false	false	0.82258065	EXCLUDED_DAVIS_LIGAND_LEAKAGE
OKL2026	HMSL12069	R-1487	Cn1c(=O)c(Oc2ccc(F)cc2F)cc2cnc(NC3CCOCC3)nc21	KKKRKRMVJRHDMG-UHFFFAOYSA-N	KKKRKRMVJRHDMG-UHFFFAOYSA-N	true	true	false	false	0.31034483	ELIGIBLE_IDENTITY_PENDING_MANUAL_QA
OKL2026	HMSL12064	SILMITASERTIB	O=C(O)c1ccc2c(c1)nc(Nc1cccc(Cl)c1)c1ccncc12	MUOKSQABCJCOPU-UHFFFAOYSA-N	MUOKSQABCJCOPU-UHFFFAOYSA-N	true	true	false	false	0.31645570	ELIGIBLE_IDENTITY_PENDING_MANUAL_QA
OKL2026	HMSL10073	PHA-793887	CC(C)CC(=O)Nc1n[nH]c2c1CN(C(=O)C1CCN(C)CC1)C2(C)C	HUXYBQXJVXOMKX-UHFFFAOYSA-N	HUXYBQXJVXOMKX-UHFFFAOYSA-N	true	true	false	false	0.21978022	ELIGIBLE_IDENTITY_PENDING_MANUAL_QA
OKL2026	HMSL10157	FORETINIB	COc1cc2c(Oc3ccc(NC(=O)C4(C(=O)Nc5ccc(F)cc5)CC4)cc3F)ccnc2cc1OCCCN1CCOCC1	CXQHYVUVSFXTMY-UHFFFAOYSA-N	CXQHYVUVSFXTMY-UHFFFAOYSA-N	true	true	true	true	1.00000000	EXCLUDED_DAVIS_LIGAND_LEAKAGE
OKL2026	HMSL10139	AZD-1480	Cc1cc(Nc2nc(N[C@@H](C)c3ncc(F)cn3)ncc2Cl)[nH]n1	PDOQBOJDRPLBQU-QMMMGPOBSA-N	PDOQBOJDRPLBQU-QMMMGPOBSA-N	true	true	false	false	0.25000000	ELIGIBLE_IDENTITY_PENDING_MANUAL_QA
OKL2026	HMSL11324	PF-04691502	COc1ccc(-c2cc3c(C)nc(N)nc3n([C@H]3CC[C@H](OCCO)CC3)c2=O)cn1	XDLYKKIQACFMJG-WKILWMFISA-N	XDLYKKIQACFMJG-WKILWMFISA-N	true	true	false	false	0.20183486	ELIGIBLE_IDENTITY_PENDING_MANUAL_QA
OKL2026	HMSL10123	SGX-523	Cn1cc(-c2ccc3nnc(Sc4ccc5ncccc5c4)n3n2)cn1	BCZUAADEACICHN-UHFFFAOYSA-N	BCZUAADEACICHN-UHFFFAOYSA-N	true	true	true	true	1.00000000	EXCLUDED_DAVIS_LIGAND_LEAKAGE
OKL2026	HMSL11308	TANDUTINIB	COc1cc2c(N3CCN(C(=O)Nc4ccc(OC(C)C)cc4)CC3)ncnc2cc1OCCCN1CCCCC1	UXXQOJXBIDBUAC-UHFFFAOYSA-N	UXXQOJXBIDBUAC-UHFFFAOYSA-N	true	true	true	true	1.00000000	EXCLUDED_DAVIS_LIGAND_LEAKAGE
OKL2026	HMSL10079	TORIN1	CCC(=O)N1CCN(c2ccc(-n3c(=O)ccc4cnc5ccc(-c6cnc7ccccc7c6)cc5c43)cc2C(F)(F)F)CC1	AKCRNFFTGXBONI-UHFFFAOYSA-N	AKCRNFFTGXBONI-UHFFFAOYSA-N	true	true	false	false	0.21367521	ELIGIBLE_IDENTITY_PENDING_MANUAL_QA
OKL2026	HMSL10141	FEDRATINIB	Cc1cnc(Nc2ccc(OCCN3CCCC3)cc2)nc1Nc1cccc(S(=O)(=O)NC(C)(C)C)c1	JOOXLOJCABQBSG-UHFFFAOYSA-N	JOOXLOJCABQBSG-UHFFFAOYSA-N	true	true	true	true	1.00000000	EXCLUDED_DAVIS_LIGAND_LEAKAGE
OKL2026	HMSL10005	TIVOZANIB	COc1cc2nccc(Oc3ccc(NC(=O)Nc4cc(C)on4)c(Cl)c3)c2cc1OC	SPMVMDHWKHCIDT-UHFFFAOYSA-N	SPMVMDHWKHCIDT-UHFFFAOYSA-N	true	true	false	false	0.33333333	ELIGIBLE_IDENTITY_PENDING_MANUAL_QA
OKL2026	HMSL11317	LENVATINIB	COc1cc2nccc(Oc3ccc(NC(=O)NC4CC4)c(Cl)c3)c2cc1C(N)=O	WOSKHXYHFSIKNG-UHFFFAOYSA-N	WOSKHXYHFSIKNG-UHFFFAOYSA-N	true	true	false	false	0.29702970	ELIGIBLE_IDENTITY_PENDING_MANUAL_QA
OKL2026	HMSL10443	AXITINIB	CNC(=O)c1ccccc1Sc1ccc2c(/C=C/c3ccccn3)n[nH]c2c1	RITAVMQDGBJQJZ-FMIVXFBMSA-N	RITAVMQDGBJQJZ-FMIVXFBMSA-N	true	true	true	true	1.00000000	EXCLUDED_DAVIS_LIGAND_LEAKAGE
OKL2026	HMSL10008	SORAFENIB	CNC(=O)c1cc(Oc2ccc(NC(=O)Nc3ccc(Cl)c(C(F)(F)F)c3)cc2)ccn1	MLDQJTXFUGDVEO-UHFFFAOYSA-N	MLDQJTXFUGDVEO-UHFFFAOYSA-N	true	true	true	true	1.00000000	EXCLUDED_DAVIS_LIGAND_LEAKAGE
OKL2026	HMSL10020	DASATINIB	Cc1nc(Nc2ncc(C(=O)Nc3c(C)cccc3Cl)s2)cc(N2CCN(CCO)CC2)n1	ZBNZXTGUTAYRHI-UHFFFAOYSA-N	ZBNZXTGUTAYRHI-UHFFFAOYSA-N	true	true	true	true	1.00000000	EXCLUDED_DAVIS_LIGAND_LEAKAGE
OKL2026	HMSL10001	SELICICLIB	CC[C@H](CO)Nc1nc(NCc2ccccc2)c2ncn(C(C)C)c2n1	BTIHMVBBUGXLCJ-OAHLLOKOSA-N	BTIHMVBBUGXLCJ-OAHLLOKOSA-N	true	true	false	false	0.20930233	ELIGIBLE_IDENTITY_PENDING_MANUAL_QA
OKL2026	HMSL10056	SELUMETINIB	Cn1cnc2c(F)c(Nc3ccc(Br)cc3Cl)c(C(=O)NOCCO)cc21	CYOHGALHFOKKQC-UHFFFAOYSA-N	CYOHGALHFOKKQC-UHFFFAOYSA-N	true	true	true	true	1.00000000	EXCLUDED_DAVIS_LIGAND_LEAKAGE
OKL2026	HMSL10178	OSI-930	O=C(Nc1ccc(OC(F)(F)F)cc1)c1sccc1NCc1ccnc2ccccc12	FGTCROZDHDSNIO-UHFFFAOYSA-N	FGTCROZDHDSNIO-UHFFFAOYSA-N	true	true	false	false	0.26190476	ELIGIBLE_IDENTITY_PENDING_MANUAL_QA
OKL2026	HMSL10814	TAK-285	CC(C)(O)CC(=O)NCCn1ccc2ncnc(Nc3ccc(Oc4cccc(C(F)(F)F)c4)c(Cl)c3)c21	ZYQXEVJIFYIBHZ-UHFFFAOYSA-N	ZYQXEVJIFYIBHZ-UHFFFAOYSA-N	true	true	false	false	0.29729730	ELIGIBLE_IDENTITY_PENDING_MANUAL_QA
OKL2026	HMSL12063	RO-4987655	O=C(NOCCO)c1cc(CN2OCCCC2=O)c(F)c(F)c1Nc1ccc(I)cc1F	FIMYFEGKMOCQKT-UHFFFAOYSA-N	FIMYFEGKMOCQKT-UHFFFAOYSA-N	true	true	false	false	0.38554217	ELIGIBLE_IDENTITY_PENDING_MANUAL_QA
OKL2026	HMSL11596	TAK-733	Cn1c(=O)c(F)c(Nc2ccc(I)cc2F)c2c(=O)n(C[C@@H](O)CO)cnc21	RCLQNICOARASSR-SECBINFHSA-N	RCLQNICOARASSR-SECBINFHSA-N	true	true	false	false	0.25882353	ELIGIBLE_IDENTITY_PENDING_MANUAL_QA
OKL2026	HMSL11476	AC-480	Cc1c(NC(=O)OC[C@@H]2COCCN2)cn2ncnc(Nc3ccc4c(cnn4Cc4cccc(F)c4)c3)c12	LUJZZYWHBDHDQX-QFIPXVFZSA-N	LUJZZYWHBDHDQX-QFIPXVFZSA-N	true	true	false	false	0.26190476	ELIGIBLE_IDENTITY_PENDING_MANUAL_QA
OKL2026	HMSL12057	SU-014813	Cc1[nH]c(/C=C2\C(=O)Nc3ccc(F)cc32)c(C)c1C(=O)NC[C@H](O)CN1CCOCC1	CTNPALGJUAXMMC-PMFHANACSA-N	CTNPALGJUAXMMC-PMFHANACSA-N	true	true	true	true	1.00000000	EXCLUDED_DAVIS_LIGAND_LEAKAGE
OKL2026	HMSL10351	REBASTINIB	CNC(=O)c1cc(Oc2ccc(NC(=O)Nc3cc(C(C)(C)C)nn3-c3ccc4ncccc4c3)c(F)c2)ccn1	WVXNSAVVKYZVOE-UHFFFAOYSA-N	WVXNSAVVKYZVOE-UHFFFAOYSA-N	true	true	false	false	0.39080460	ELIGIBLE_IDENTITY_PENDING_MANUAL_QA
OKL2026	HMSL10201	ALECTINIB	CCc1cc2c(cc1N1CCC(N3CCOCC3)CC1)C(C)(C)c1[nH]c3cc(C#N)ccc3c1C2=O	KDGFLJKFZUIJMX-UHFFFAOYSA-N	KDGFLJKFZUIJMX-UHFFFAOYSA-N	true	true	false	false	0.20560748	ELIGIBLE_IDENTITY_PENDING_MANUAL_QA
OKL2026	HMSL10221	GSK-2334470	CNc1nc(-c2ccc3c(N)n[nH]c3c2)cc(N2C[C@@H](C(=O)NC3CCCCC3)CC[C@H]2C)n1	QLPHOXTXAKOFMU-WBVHZDCISA-N	QLPHOXTXAKOFMU-WBVHZDCISA-N	true	true	false	false	0.23762376	ELIGIBLE_IDENTITY_PENDING_MANUAL_QA
OKL2026	HMSL10385	RUXOLITINIB	N#CC[C@H](C1CCCC1)n1cc(-c2ncnc3[nH]ccc23)cn1	HFNKQEVNSGCOJV-OAHLLOKOSA-N	HFNKQEVNSGCOJV-OAHLLOKOSA-N	true	true	true	true	1.00000000	EXCLUDED_DAVIS_LIGAND_LEAKAGE
OKL2026	HMSL10018	NERATINIB	CCOc1cc2ncc(C#N)c(Nc3ccc(OCc4ccccn4)c(Cl)c3)c2cc1NC(=O)/C=C/CN(C)C	JWNPDZNEKVCWMY-VQHVLOKHSA-N	JWNPDZNEKVCWMY-VQHVLOKHSA-N	true	true	true	true	1.00000000	EXCLUDED_DAVIS_LIGAND_LEAKAGE
OKL2026	HMSL10007	AZD-8055	COc1ccc(-c2ccc3c(N4CCOC[C@@H]4C)nc(N4CCOC[C@@H]4C)nc3n2)cc1CO	KVLFRAWTRWDEDF-IRXDYDNUSA-N	KVLFRAWTRWDEDF-IRXDYDNUSA-N	true	true	false	false	0.20618557	ELIGIBLE_IDENTITY_PENDING_MANUAL_QA
OKL2026	HMSL10183	INFIGRATINIB	CCN1CCN(c2ccc(Nc3cc(N(C)C(=O)Nc4c(Cl)c(OC)cc(OC)c4Cl)ncn3)cc2)CC1	QADPYRIHXKWUSV-UHFFFAOYSA-N	QADPYRIHXKWUSV-UHFFFAOYSA-N	true	true	false	false	0.33695652	ELIGIBLE_IDENTITY_PENDING_MANUAL_QA
OKL2026	HMSL12058	INGENOL MEBUTATE	C/C=C(/C)C(=O)O[C@H]1C(C)=C[C@]23C(=O)[C@@H](C=C(CO)[C@@H](O)[C@]12O)[C@H]1[C@@H](C[C@H]3C)C1(C)C	VDJHFHXMUKFKET-WDUFCVPESA-N	VDJHFHXMUKFKET-WDUFCVPESA-N	true	true	false	false	0.14705882	ELIGIBLE_IDENTITY_PENDING_MANUAL_QA
OKL2026	HMSL10129	IBRUTINIB	C=CC(=O)N1CCC[C@@H](n2nc(-c3ccc(Oc4ccccc4)cc3)c3c(N)ncnc32)C1	XYFPWWZEPKGCCK-GOSISDBHSA-N	XYFPWWZEPKGCCK-GOSISDBHSA-N	true	true	false	false	0.22727273	ELIGIBLE_IDENTITY_PENDING_MANUAL_QA
OKL2026	HMSL10232	DACTOLISIB	Cn1c(=O)n(-c2ccc(C(C)(C)C#N)cc2)c2c3cc(-c4cnc5ccccc5c4)ccc3ncc21	JOGKUKXHTYWRGZ-UHFFFAOYSA-N	JOGKUKXHTYWRGZ-UHFFFAOYSA-N	true	true	false	false	0.20224719	ELIGIBLE_IDENTITY_PENDING_MANUAL_QA
OKL2026	HMSL10071	PALBOCICLIB	CC(=O)c1c(C)c2cnc(Nc3ccc(N4CCNCC4)cn3)nc2n(C2CCCC2)c1=O	AHJRHEGDXFFMBM-UHFFFAOYSA-N	AHJRHEGDXFFMBM-UHFFFAOYSA-N	true	true	false	false	0.24528302	ELIGIBLE_IDENTITY_PENDING_MANUAL_QA
OKL2026	HMSL10192	KW-2449	O=C(c1ccc(/C=C/c2n[nH]c3ccccc23)cc1)N1CCNCC1	YYLKKYCXAOBSRM-JXMROGBWSA-N	YYLKKYCXAOBSRM-JXMROGBWSA-N	true	true	true	true	1.00000000	EXCLUDED_DAVIS_LIGAND_LEAKAGE
OKL2026	HMSL12155	JNJ-28312141	CN(C)CC(=O)N1CCC(c2ccc(NC(=O)c3nc(C#N)c[nH]3)c(C3=CCCCC3)c2)CC1	GUBJNPWVIUFSTR-UHFFFAOYSA-N	GUBJNPWVIUFSTR-UHFFFAOYSA-N	true	true	true	true	0.75641026	EXCLUDED_DAVIS_LIGAND_LEAKAGE
OKL2026	HMSL11643	JNJ-7706621	Nc1nc(Nc2ccc(S(N)(=O)=O)cc2)nn1C(=O)c1c(F)cccc1F	KDKUVYLMPJIGKA-UHFFFAOYSA-N	KDKUVYLMPJIGKA-UHFFFAOYSA-N	true	true	false	false	0.27848101	ELIGIBLE_IDENTITY_PENDING_MANUAL_QA
OKL2026	HMSL10234	APITOLISIB	Cc1c(CN2CCN(C(=O)[C@H](C)O)CC2)sc2c(N3CCOCC3)nc(-c3cnc(N)nc3)nc12	YOVVNQKCSKSHKT-HNNXBMFYSA-N	YOVVNQKCSKSHKT-HNNXBMFYSA-N	true	true	false	false	0.32291667	ELIGIBLE_IDENTITY_PENDING_MANUAL_QA
OKL2026	HMSL10434	BIX 02565	C[C@@H]1CCNC(=O)c2cc3ccc(C(=O)Nc4nc5ccccc5n4CCCN(C)C)cc3n21	ZHMXXVNQAFCXKK-QGZVFWFLSA-N	ZHMXXVNQAFCXKK-QGZVFWFLSA-N	true	true	false	false	0.22340426	ELIGIBLE_IDENTITY_PENDING_MANUAL_QA
OKL2026	HMSL10058	TANZISERTIB	O[C@H]1CC[C@H](Nc2ncc3nc(Nc4c(F)cc(F)cc4F)n([C@H]4CCOC4)c3n2)CC1	IBGLGMOPHJQDJB-IHRRRGAJSA-N	IBGLGMOPHJQDJB-IHRRRGAJSA-N	true	true	false	false	0.25000000	ELIGIBLE_IDENTITY_PENDING_MANUAL_QA
OKL2026	HMSL10288	SGI-1776	CN1CCC(CNc2ccc3ncc(-c4cccc(OC(F)(F)F)c4)n3n2)CC1	MHXGEROHKGDZGO-UHFFFAOYSA-N	MHXGEROHKGDZGO-UHFFFAOYSA-N	true	true	false	false	0.23913043	ELIGIBLE_IDENTITY_PENDING_MANUAL_QA
OKL2026	HMSL12152	SB-7720770B	CCn1c(-c2nonc2N)nc2cncc(C(=O)N3CC[C@H](N)C3)c21	PHWHNHYZZNJPLB-QMMMGPOBSA-N	PHWHNHYZZNJPLB-QMMMGPOBSA-N	true	true	false	false	0.34408602	ELIGIBLE_IDENTITY_PENDING_MANUAL_QA
OKL2026	HMSL10328	JQ1	Cc1sc2c(c1C)C(c1ccc(Cl)cc1)=N[C@@H](CC(=O)OC(C)(C)C)c1nnc(C)n1-2	DNVXATUJJDPFDM-KRWDZBQOSA-N	DNVXATUJJDPFDM-KRWDZBQOSA-N	true	true	false	false	0.17391304	ELIGIBLE_IDENTITY_PENDING_MANUAL_QA
OKL2026	HMSL12066	RG-1530	COc1cc2c(cc1F)C(c1ccccc1Cl)=Nc1c(n[nH]c1C)N2	UOVCGJXDGOGOCZ-UHFFFAOYSA-N	UOVCGJXDGOGOCZ-UHFFFAOYSA-N	true	true	false	false	0.20454545	ELIGIBLE_IDENTITY_PENDING_MANUAL_QA
OKL2026	HMSL12137	A 1070722	COc1ccc2c(NC(=O)Nc3cccc(C(F)(F)F)n3)ccnc2c1	VQPBIJGXSXEOCU-UHFFFAOYSA-N	VQPBIJGXSXEOCU-UHFFFAOYSA-N	true	true	false	false	0.29487179	ELIGIBLE_IDENTITY_PENDING_MANUAL_QA
OKL2026	HMSL12084	ENTRECTINIB	CN1CCN(c2ccc(C(=O)Nc3n[nH]c4ccc(Cc5cc(F)cc(F)c5)cc34)c(NC3CCOCC3)c2)CC1	HAYYBYPASCDWEQ-UHFFFAOYSA-N	HAYYBYPASCDWEQ-UHFFFAOYSA-N	true	true	false	false	0.25252525	ELIGIBLE_IDENTITY_PENDING_MANUAL_QA
OKL2026	HMSL10165	PF-04217903	OCCn1cc(-c2cnc3nnn(Cc4ccc5ncccc5c4)c3n2)cn1	PDMUGYOXRHVNMO-UHFFFAOYSA-N	PDMUGYOXRHVNMO-UHFFFAOYSA-N	true	true	false	false	0.35443038	ELIGIBLE_IDENTITY_PENDING_MANUAL_QA
OKL2026	HMSL10284	DABRAFENIB	CC(C)(C)c1nc(-c2cccc(NS(=O)(=O)c3c(F)cccc3F)c2F)c(-c2ccnc(N)n2)s1	BFSMGDJOXZAERB-UHFFFAOYSA-N	BFSMGDJOXZAERB-UHFFFAOYSA-N	true	true	false	false	0.19354839	ELIGIBLE_IDENTITY_PENDING_MANUAL_QA
OKL2026	HMSL11192	TELATINIB	CNC(=O)c1cc(COc2nnc(Nc3ccc(Cl)cc3)c3ccoc23)ccn1	QFCXANHHBCGMAS-UHFFFAOYSA-N	QFCXANHHBCGMAS-UHFFFAOYSA-N	true	true	false	false	0.36231884	ELIGIBLE_IDENTITY_PENDING_MANUAL_QA
OKL2026	HMSL10137	BMS-509744	COc1cc(C)c(Sc2cnc(NC(=O)c3ccc(CNC(C)C(C)(C)C)cc3)s2)cc1C(=O)N1CCN(C(C)=O)CC1	ZHXNIYGJAOPMSO-UHFFFAOYSA-N	ZHXNIYGJAOPMSO-UHFFFAOYSA-N	true	true	false	false	0.25000000	ELIGIBLE_IDENTITY_PENDING_MANUAL_QA
OKL2026	HMSL10194	CABOZANTINIB	COc1cc2nccc(Oc3ccc(NC(=O)C4(C(=O)Nc5ccc(F)cc5)CC4)cc3)c2cc1OC	ONIQOQHATWINJY-UHFFFAOYSA-N	ONIQOQHATWINJY-UHFFFAOYSA-N	true	true	false	false	0.61842105	EXCLUDED_DAVIS_LIGAND_LEAKAGE
OKL2026	HMSL10354	BARICITINIB	CCS(=O)(=O)N1CC(CC#N)(n2cc(-c3ncnc4[nH]ccc34)cn2)C1	XUZMWHLSFXCVMG-UHFFFAOYSA-N	XUZMWHLSFXCVMG-UHFFFAOYSA-N	true	true	false	false	0.47887324	ELIGIBLE_IDENTITY_PENDING_MANUAL_QA
OKL2026	HMSL12143	TCS JNK 6o	CCOc1nc(NC(=O)Cc2cc(OC)ccc2OC)cc(N)c1C#N	KQMPRSZTUSSXND-UHFFFAOYSA-N	KQMPRSZTUSSXND-UHFFFAOYSA-N	true	true	false	false	0.27631579	ELIGIBLE_IDENTITY_PENDING_MANUAL_QA
OKL2026	HMSL11762	PIMASERTIB	O=C(NC[C@H](O)CO)c1ccncc1Nc1ccc(I)cc1F	VIUAUNHCRHHYNE-JTQLQIEISA-N	VIUAUNHCRHHYNE-JTQLQIEISA-N	true	true	false	false	0.28571429	ELIGIBLE_IDENTITY_PENDING_MANUAL_QA
OKL2026	HMSL10222	DACOMITINIB	COc1cc2ncnc(Nc3ccc(F)c(Cl)c3)c2cc1NC(=O)/C=C/CN1CCCCC1	LVXJQMNHJWSHET-AATRIKPKSA-N	LVXJQMNHJWSHET-AATRIKPKSA-N	true	true	false	false	0.60227273	EXCLUDED_DAVIS_LIGAND_LEAKAGE
OKL2026	HMSL10156	JNJ-38877605	Cn1cc(-c2ccc3nnc(C(F)(F)c4ccc5ncccc5c4)n3n2)cn1	JRWCBEOAFGHNNU-UHFFFAOYSA-N	JRWCBEOAFGHNNU-UHFFFAOYSA-N	true	true	false	false	0.65079365	EXCLUDED_DAVIS_LIGAND_LEAKAGE
OKL2026	HMSL12154	PD-407824	O=C1NC(=O)c2c1c(-c1ccccc1)cc1[nH]c3ccc(O)cc3c21	IAUZTOZLTFSMIE-UHFFFAOYSA-N	IAUZTOZLTFSMIE-UHFFFAOYSA-N	true	true	false	false	0.19444444	ELIGIBLE_IDENTITY_PENDING_MANUAL_QA
OKL2026	HMSL10685	COBIMETINIB	O=C(c1ccc(F)c(F)c1Nc1ccc(I)cc1F)N1CC(O)([C@@H]2CCCCN2)C1	BSMCAPRUBJMWDF-KRWDZBQOSA-N	BSMCAPRUBJMWDF-KRWDZBQOSA-N	true	true	false	false	0.40259740	ELIGIBLE_IDENTITY_PENDING_MANUAL_QA
OKL2026	HMSL10032	SARACATINIB	CN1CCN(CCOc2cc(OC3CCOCC3)c3c(Nc4c(Cl)ccc5c4OCO5)ncnc3c2)CC1	OUKYUETWWIPKQR-UHFFFAOYSA-N	OUKYUETWWIPKQR-UHFFFAOYSA-N	true	true	false	false	0.32323232	ELIGIBLE_IDENTITY_PENDING_MANUAL_QA
OKL2026	HMSL12076	GSK-2606414	Cn1cc(-c2ccc3c(c2)CCN3C(=O)Cc2cccc(C(F)(F)F)c2)c2c(N)ncnc21	SIXVRXARNAVBTC-UHFFFAOYSA-N	SIXVRXARNAVBTC-UHFFFAOYSA-N	true	true	false	false	0.21428571	ELIGIBLE_IDENTITY_PENDING_MANUAL_QA
OKL2026	HMSL12068	I-BET726	CC(=O)N1c2ccc(-c3ccc(C(=O)O)cc3)cc2[C@H](Nc2ccc(Cl)cc2)C[C@@H]1C	FAWSUKOIROHXAP-NPMXOYFQSA-N	FAWSUKOIROHXAP-NPMXOYFQSA-N	true	true	false	false	0.24418605	ELIGIBLE_IDENTITY_PENDING_MANUAL_QA
OKL2026	HMSL10338	IPATASERTIB	CC(C)NC[C@@H](C(=O)N1CCN(c2ncnc3c2[C@H](C)C[C@H]3O)CC1)c1ccc(Cl)cc1	GRZXWCHAXNAUHY-NSISKUIASA-N	GRZXWCHAXNAUHY-NSISKUIASA-N	true	true	false	false	0.27551020	ELIGIBLE_IDENTITY_PENDING_MANUAL_QA
OKL2026	HMSL10327	PFI-1	COc1ccccc1S(=O)(=O)Nc1ccc2c(c1)CN(C)C(=O)N2	TXZPMHLMPKIUGK-UHFFFAOYSA-N	TXZPMHLMPKIUGK-UHFFFAOYSA-N	true	true	false	false	0.25000000	ELIGIBLE_IDENTITY_PENDING_MANUAL_QA
OKL2026	HMSL12071	TAK-593	Cc1cc(C(=O)Nc2cc(Oc3ccc4nc(NC(=O)C5CC5)cn4n3)ccc2C)n(C)n1	DZFZXPPHBWCXPQ-UHFFFAOYSA-N	DZFZXPPHBWCXPQ-UHFFFAOYSA-N	true	true	false	false	0.24742268	ELIGIBLE_IDENTITY_PENDING_MANUAL_QA
OKL2026	HMSL12149	CAY10561	O=C(NC(CO)c1ccc(F)c(Cl)c1)c1cc(-c2[nH]ncc2-c2cccc(Cl)c2)c[nH]1	YMUYGRBBEDYUOP-UHFFFAOYSA-N	YMUYGRBBEDYUOP-UHFFFAOYSA-N	true	true	false	false	0.23076923	ELIGIBLE_IDENTITY_PENDING_MANUAL_QA
OKL2026	HMSL12083	GSK-269962A	CCn1c(-c2nonc2N)nc2cnc(Oc3cccc(NC(=O)c4ccc(OCCN5CCOCC5)cc4)c3)cc21	YOVNFNXUCOWYSG-UHFFFAOYSA-N	YOVNFNXUCOWYSG-UHFFFAOYSA-N	true	true	false	false	0.31034483	ELIGIBLE_IDENTITY_PENDING_MANUAL_QA
OKL2026	HMSL10226	TOFACITINIB	C[C@@H]1CCN(C(=O)CC#N)C[C@@H]1N(C)c1ncnc2[nH]ccc12	UJLAWZDWDVHWOW-YPMHNXCESA-N	UJLAWZDWDVHWOW-YPMHNXCESA-N	true	true	true	true	1.00000000	EXCLUDED_DAVIS_LIGAND_LEAKAGE
OKL2026	HMSL10182	LINIFANIB	Cc1ccc(F)c(NC(=O)Nc2ccc(-c3cccc4[nH]nc(N)c34)cc2)c1	MPVGZUGXCQEXTM-UHFFFAOYSA-N	MPVGZUGXCQEXTM-UHFFFAOYSA-N	true	true	true	true	1.00000000	EXCLUDED_DAVIS_LIGAND_LEAKAGE
OKL2026	HMSL10285	PHA-767491	O=C1NCCc2[nH]c(-c3ccncc3)cc21	DKXHSOUZPMHNIZ-UHFFFAOYSA-N	DKXHSOUZPMHNIZ-UHFFFAOYSA-N	true	true	false	false	0.21538462	ELIGIBLE_IDENTITY_PENDING_MANUAL_QA
OKL2026	HMSL12139	MK-2 Inhibitor III	O=C1NCCc2[nH]c(-c3ccnc(-c4cnc5ccccc5c4)c3)cc21	OWFLADWRSCINST-UHFFFAOYSA-N	OWFLADWRSCINST-UHFFFAOYSA-N	true	true	false	false	0.22500000	ELIGIBLE_IDENTITY_PENDING_MANUAL_QA
OKL2026	HMSL11530	GALUNISERTIB	Cc1cccc(-c2nn3c(c2-c2ccnc4ccc(C(N)=O)cc24)CCC3)n1	IVRXNBXKWIJUQB-UHFFFAOYSA-N	IVRXNBXKWIJUQB-UHFFFAOYSA-N	true	true	false	false	0.21782178	ELIGIBLE_IDENTITY_PENDING_MANUAL_QA
OKL2026	HMSL10394	CERITINIB	Cc1cc(Nc2ncc(Cl)c(Nc3ccccc3S(=O)(=O)C(C)C)n2)c(OC(C)C)cc1C1CCNCC1	VERWOWGGCGHDQE-UHFFFAOYSA-N	VERWOWGGCGHDQE-UHFFFAOYSA-N	true	true	false	false	0.51685393	ELIGIBLE_IDENTITY_PENDING_MANUAL_QA
OKL2026	HMSL11190	SAPITINIB	CNC(=O)CN1CCC(Oc2cc3c(Nc4cccc(Cl)c4F)ncnc3cc2OC)CC1	DFJSJLGUIXFDJP-UHFFFAOYSA-N	DFJSJLGUIXFDJP-UHFFFAOYSA-N	true	true	false	false	0.42696629	ELIGIBLE_IDENTITY_PENDING_MANUAL_QA
OKL2026	HMSL12150	DB07268	NC(=O)c1ccccc1Nc1ccnc(Nc2cccc(O)c2)n1	QHPKKGUGRGRSGA-UHFFFAOYSA-N	QHPKKGUGRGRSGA-UHFFFAOYSA-N	true	true	false	false	0.25000000	ELIGIBLE_IDENTITY_PENDING_MANUAL_QA
OKL2026	HMSL10198	VANDETANIB	COc1cc2/c(=N/c3ccc(Br)cc3F)nc[nH]c2cc1OCC1CCN(C)CC1	UHTHHESEBZOYNR-UHFFFAOYSA-N	UHTHHESEBZOYNR-UHFFFAOYSA-N	true	true	true	false	0.53947368	EXCLUDED_DAVIS_LIGAND_LEAKAGE
OKL2026	HMSL10028	BMS-345541	Cc1ccc2nc(NCCN)c3ncc(C)n3c2c1	PSPFQEBFYXJZEV-UHFFFAOYSA-N	PSPFQEBFYXJZEV-UHFFFAOYSA-N	true	true	true	true	1.00000000	EXCLUDED_DAVIS_LIGAND_LEAKAGE
OKL2026	HMSL12142	OSI-632	NC(=O)c1c(OCc2c(F)cc(Br)cc2F)nsc1NC(=O)NCCCCN1CCCC1	HXHAJRMTJXHJJZ-UHFFFAOYSA-N	HXHAJRMTJXHJJZ-UHFFFAOYSA-N	true	true	false	false	0.23076923	ELIGIBLE_IDENTITY_PENDING_MANUAL_QA
OKL2026	HMSL10124	MGCD-265	Cn1cnc(-c2cc3nccc(Oc4ccc(NC(=S)NC(=O)Cc5ccccc5)cc4F)c3s2)c1	UFICVEHDQUKCEA-UHFFFAOYSA-N	UFICVEHDQUKCEA-UHFFFAOYSA-N	true	true	false	false	0.33018868	ELIGIBLE_IDENTITY_PENDING_MANUAL_QA
OKL2026	HMSL10099	NILOTINIB	Cc1cn(-c2cc(NC(=O)c3ccc(C)c(Nc4nccc(-c5cccnc5)n4)c3)cc(C(F)(F)F)c2)cn1	HHZIURLSWUIHRB-UHFFFAOYSA-N	HHZIURLSWUIHRB-UHFFFAOYSA-N	true	true	true	true	1.00000000	EXCLUDED_DAVIS_LIGAND_LEAKAGE
OKL2026	HMSL11820	SU-9516	COc1ccc2c(c1)/C(=C/c1cnc[nH]1)C(=O)N2	QNUKRWAIZMBVCU-WCIBSUBMSA-N	QNUKRWAIZMBVCU-WCIBSUBMSA-N	true	true	false	false	0.27272727	ELIGIBLE_IDENTITY_PENDING_MANUAL_QA
OKL2026	HMSL10066	MLN-8054	O=C(O)c1ccc(Nc2ncc3c(n2)-c2ccc(Cl)cc2C(c2c(F)cccc2F)=NC3)cc1	HHFBDROWDBDFBR-UHFFFAOYSA-N	HHFBDROWDBDFBR-UHFFFAOYSA-N	true	true	true	true	1.00000000	EXCLUDED_DAVIS_LIGAND_LEAKAGE
OKL2026	HMSL10401	GW632580X	COc1ccc(COc2ccc(Cc3cnc(N)nc3N)cc2OC)cc1	MYQAUKPBNJWPIE-UHFFFAOYSA-N	MYQAUKPBNJWPIE-UHFFFAOYSA-N	true	true	true	true	1.00000000	EXCLUDED_DAVIS_LIGAND_LEAKAGE
OKL2026	HMSL10494	ORANTINIB	Cc1[nH]c(/C=C2\C(=O)Nc3ccccc32)c(C)c1CCC(=O)O	NHFDRBXTEDBWCZ-ZROIWOOFSA-N	NHFDRBXTEDBWCZ-ZROIWOOFSA-N	true	true	false	true	0.39726027	EXCLUDED_DAVIS_LIGAND_LEAKAGE
OKL2026	HMSL12072	ZD-4190	COc1cc2c(Nc3ccc(Br)cc3F)ncnc2cc1OCCn1ccnn1	YBTGTVGEKMZEQX-UHFFFAOYSA-N	YBTGTVGEKMZEQX-UHFFFAOYSA-N	true	true	false	false	0.62857143	EXCLUDED_DAVIS_LIGAND_LEAKAGE
OKL2026	HMSL10189	BOSUTINIB	COc1cc(Nc2c(C#N)cnc3cc(OCCCN4CCN(C)CC4)c(OC)cc23)c(Cl)cc1Cl	UBPYILGKFZZVDX-UHFFFAOYSA-N	UBPYILGKFZZVDX-UHFFFAOYSA-N	true	true	true	true	1.00000000	EXCLUDED_DAVIS_LIGAND_LEAKAGE
OKL2026	HMSL12147	CEP-1347	CCSCc1ccc2c(c1)c1c3c(c4c5cc(CSCC)ccc5n5c4c1n2[C@H]1C[C@](O)(C(=O)OC)[C@]5(C)O1)CNC3=O	SCMLRESZJCKCTC-KMYQRJGFSA-N	SCMLRESZJCKCTC-KMYQRJGFSA-N	true	true	false	true	0.55421687	EXCLUDED_DAVIS_LIGAND_LEAKAGE
OKL2026	HMSL10132	BMS-387032	CC(C)(C)c1cnc(CSc2cnc(NC(=O)C3CCNCC3)s2)o1	OUSFTKFNBAZUKL-UHFFFAOYSA-N	OUSFTKFNBAZUKL-UHFFFAOYSA-N	true	true	true	true	1.00000000	EXCLUDED_DAVIS_LIGAND_LEAKAGE
OKL2026	HMSL10069	ENZASTAURIN	Cn1cc(C2=C(c3cn(C4CCN(Cc5ccccn5)CC4)c4ccccc34)C(=O)NC2=O)c2ccccc21	AXRCEOKUDYDWLF-UHFFFAOYSA-N	AXRCEOKUDYDWLF-UHFFFAOYSA-N	true	true	true	true	1.00000000	EXCLUDED_DAVIS_LIGAND_LEAKAGE
OKL2026	HMSL10231	PF-03758309	Cc1nc(Nc2n[nH]c3c2CN(C(=O)N[C@H](CN(C)C)c2ccccc2)C3(C)C)c2sccc2n1	AYCPARAPKDAOEN-LJQANCHMSA-N	AYCPARAPKDAOEN-LJQANCHMSA-N	true	true	false	false	0.21818182	ELIGIBLE_IDENTITY_PENDING_MANUAL_QA
OKL2026	HMSL12140	TILFRINIB	Oc1cccc(Nc2ccnc3[nH]c4ccccc4c23)c1	RXPZOSHFGJWSLQ-UHFFFAOYSA-N	RXPZOSHFGJWSLQ-UHFFFAOYSA-N	true	true	false	false	0.22368421	ELIGIBLE_IDENTITY_PENDING_MANUAL_QA
OKL2026	HMSL11793	MK-5108	O=C(O)C1(Cc2cccc(Nc3nccs3)n2)CCC(Oc2cccc(Cl)c2F)CC1	LCVIRAZGMYMNNT-UHFFFAOYSA-N	LCVIRAZGMYMNNT-UHFFFAOYSA-N	true	true	false	false	0.21904762	ELIGIBLE_IDENTITY_PENDING_MANUAL_QA
OKL2026	HMSL11656	CHIR-98014	Nc1nc(NCCNc2ncc(-n3ccnc3)c(-c3ccc(Cl)cc3Cl)n2)ccc1[N+](=O)[O-]	MDZCSIDIPDZWKL-UHFFFAOYSA-N	MDZCSIDIPDZWKL-UHFFFAOYSA-N	true	true	false	false	0.22448980	ELIGIBLE_IDENTITY_PENDING_MANUAL_QA
OKL2026	HMSL10120	CANERTINIB	C=CC(=O)Nc1cc2c(Nc3ccc(F)c(Cl)c3)ncnc2cc1OCCCN1CCOCC1	OMZCMEYTWSXEPZ-UHFFFAOYSA-N	OMZCMEYTWSXEPZ-UHFFFAOYSA-N	true	true	true	true	1.00000000	EXCLUDED_DAVIS_LIGAND_LEAKAGE
OKL2026	HMSL12145	AZAKENPAULLONE	O=C1Cc2c([nH]c3ccc(Br)cc23)-c2ncccc2N1	NTSBZVCEIVPKBJ-UHFFFAOYSA-N	NTSBZVCEIVPKBJ-UHFFFAOYSA-N	true	true	false	false	0.18292683	ELIGIBLE_IDENTITY_PENDING_MANUAL_QA
OKL2026	HMSL10697	GNE-3511	N#Cc1ccnc(Nc2cc(C3CCN(C4COC4)CC3)cc(N3CCC(F)(F)C3)n2)c1	RHFIAUKMKYHHFA-UHFFFAOYSA-N	RHFIAUKMKYHHFA-UHFFFAOYSA-N	true	true	false	false	0.19801980	ELIGIBLE_IDENTITY_PENDING_MANUAL_QA
OKL2026	HMSL12061	TEPOTINIB	CN1CCC(COc2cnc(-c3cccc(Cn4nc(-c5cccc(C#N)c5)ccc4=O)c3)nc2)CC1	AHYMHWXQRWRBKT-UHFFFAOYSA-N	AHYMHWXQRWRBKT-UHFFFAOYSA-N	true	true	false	false	0.25000000	ELIGIBLE_IDENTITY_PENDING_MANUAL_QA
OKL2026	HMSL12078	CCT251545	Cn1cc(-c2ccc(-c3cncc(Cl)c3N3CCC4(CCNC4=O)CC3)cc2)cn1	LBFYQISQYCGDDW-UHFFFAOYSA-N	LBFYQISQYCGDDW-UHFFFAOYSA-N	true	true	false	false	0.21428571	ELIGIBLE_IDENTITY_PENDING_MANUAL_QA
OKL2026	HMSL10375	RAVOXERTINIB	Cn1nccc1Nc1nccc(-c2ccn([C@H](CO)c3ccc(Cl)c(F)c3)c(=O)c2)n1	RZUOCXOYPYGSKL-GOSISDBHSA-N	RZUOCXOYPYGSKL-GOSISDBHSA-N	true	true	false	false	0.25742574	ELIGIBLE_IDENTITY_PENDING_MANUAL_QA
OKL2026	HMSL10395	RIBOCICLIB	CN(C)C(=O)c1cc2cnc(Nc3ccc(N4CCNCC4)cn3)nc2n1C1CCCC1	RHXHGRAEPCAFML-UHFFFAOYSA-N	RHXHGRAEPCAFML-UHFFFAOYSA-N	true	true	false	false	0.25242718	ELIGIBLE_IDENTITY_PENDING_MANUAL_QA
OKL2026	HMSL12077	BMS-911543	CCn1c(C(=O)N(C2CC2)C2CC2)cc2c3c(ncn3C)c(Nc3cc(C)n(C)n3)nc21	JCINBYQJBYJGDM-UHFFFAOYSA-N	JCINBYQJBYJGDM-UHFFFAOYSA-N	true	true	false	false	0.19000000	ELIGIBLE_IDENTITY_PENDING_MANUAL_QA
OKL2026	HMSL12082	ROCILETINIB	C=CC(=O)Nc1cccc(Nc2nc(Nc3ccc(N4CCN(C(C)=O)CC4)cc3OC)ncc2C(F)(F)F)c1	HUFOZJXAKZVRNJ-UHFFFAOYSA-N	HUFOZJXAKZVRNJ-UHFFFAOYSA-N	true	true	false	false	0.36274510	ELIGIBLE_IDENTITY_PENDING_MANUAL_QA
OKL2026	HMSL10442	SCH772984	O=C(Nc1ccc2[nH]nc(-c3ccncc3)c2c1)[C@@H]1CCN(CC(=O)N2CCN(c3ccc(-c4ncccn4)cc3)CC2)C1	HDAJDNHIBCDLQF-RUZDIDTESA-N	HDAJDNHIBCDLQF-RUZDIDTESA-N	true	true	false	false	0.26732673	ELIGIBLE_IDENTITY_PENDING_MANUAL_QA
OKL2026	HMSL10378	LY-2090314	O=C1NC(=O)C(c2cnc3ccccn23)=C1c1cn2c3c(cc(F)cc13)CN(C(=O)N1CCCCC1)CC2	HRJWTAWVFDCTGO-UHFFFAOYSA-N	HRJWTAWVFDCTGO-UHFFFAOYSA-N	true	true	false	false	0.26086957	ELIGIBLE_IDENTITY_PENDING_MANUAL_QA
OKL2026	HMSL10060	TAK-715	CCc1nc(-c2cccc(C)c2)c(-c2ccnc(NC(=O)c3ccccc3)c2)s1	HEKAIDKUDLCBRU-UHFFFAOYSA-N	HEKAIDKUDLCBRU-UHFFFAOYSA-N	true	true	false	false	0.27956989	ELIGIBLE_IDENTITY_PENDING_MANUAL_QA
OKL2026	HMSL10215	GSK-319347A	COc1cc2ncn(-c3cc(OCc4ccccc4S(C)(=O)=O)c(C#N)s3)c2cc1OC	LDTAHRLHGHFHKP-UHFFFAOYSA-N	LDTAHRLHGHFHKP-UHFFFAOYSA-N	true	true	false	false	0.28000000	ELIGIBLE_IDENTITY_PENDING_MANUAL_QA
OKL2026	HMSL10177	BRIVANIB	Cc1cc2c(F)c(Oc3ncnn4cc(OC[C@@H](C)O)c(C)c34)ccc2[nH]1	WCWUXEGQKLTGDX-LLVKDONJSA-N	WCWUXEGQKLTGDX-LLVKDONJSA-N	true	true	true	true	1.00000000	EXCLUDED_DAVIS_LIGAND_LEAKAGE
OKL2026	HMSL11465	A-674563	Cc1n[nH]c2ccc(-c3cncc(OC[C@@H](N)Cc4ccccc4)c3)cc12	BPNUQXPIQBZCMR-IBGZPJMESA-N	BPNUQXPIQBZCMR-IBGZPJMESA-N	true	true	true	false	0.75438596	EXCLUDED_DAVIS_LIGAND_LEAKAGE
OKL2026	HMSL10540	FASUDIL	O=S(=O)(c1cccc2cnccc12)N1CCCNCC1	NGOGFTYYXHNFQH-UHFFFAOYSA-N	NGOGFTYYXHNFQH-UHFFFAOYSA-N	true	true	false	false	0.21428571	ELIGIBLE_IDENTITY_PENDING_MANUAL_QA
OKL2026	HMSL10660	RG-547	COc1ccc(F)c(F)c1C(=O)c1cnc(NC2CCN(S(C)(=O)=O)CC2)nc1N	JRNJNYBQQYBCLE-UHFFFAOYSA-N	JRNJNYBQQYBCLE-UHFFFAOYSA-N	true	true	true	true	1.00000000	EXCLUDED_DAVIS_LIGAND_LEAKAGE
OKL2026	HMSL12070	PD-17395	CSc1cccc(Nc2ncc3cc(-c4c(Cl)cccc4Cl)c(=O)n(C)c3n2)c1	VAARYSWULJUGST-UHFFFAOYSA-N	VAARYSWULJUGST-UHFFFAOYSA-N	true	true	true	true	1.00000000	EXCLUDED_DAVIS_LIGAND_LEAKAGE
OKL2026	HMSL10103	STAUROSPORINE	CN[C@@H]1C[C@H]2O[C@@](C)([C@@H]1OC)n1c3ccccc3c3c4c(c5c6ccccc6n2c5c31)C(=O)NC4	HKSZLNNOFSGOKW-FYTWVXJKSA-N	HKSZLNNOFSGOKW-FYTWVXJKSA-N	true	true	true	true	1.00000000	EXCLUDED_DAVIS_LIGAND_LEAKAGE
OKL2026	HMSL11246	DANUSERTIB	CO[C@@H](C(=O)N1Cc2[nH]nc(NC(=O)c3ccc(N4CCN(C)CC4)cc3)c2C1)c1ccccc1	HKSZLNNOFSGOKW-FYTWVXJKSA-N	XKFTZKGMDDZMJI-HSZRJFAPSA-N	false	true	true	false	0.25000000	EXCLUDED_DAVIS_LIGAND_LEAKAGE
OKL2026	HMSL12148	H-1152P	Cc1cncc2cccc(S(=O)(=O)N3CCCNC[C@@H]3C)c12	AWDORCFLUJZUQS-ZDUSSCGKSA-N	AWDORCFLUJZUQS-ZDUSSCGKSA-N	true	true	false	false	0.22471910	ELIGIBLE_IDENTITY_PENDING_MANUAL_QA
OKL2026	HMSL10426	BARASERTIB	CCN(CCCOc1ccc2c(Nc3cc(CC(=O)Nc4cccc(F)c4)[nH]n3)ncnc2c1)CCOP(=O)(O)O	GBJVVSCPOBPEIT-UHFFFAOYSA-N	GBJVVSCPOBPEIT-UHFFFAOYSA-N	true	true	false	true	0.84146341	EXCLUDED_DAVIS_LIGAND_LEAKAGE
OKL2026	HMSL10102	PACLITAXEL	CC(=O)O[C@H]1C(=O)[C@@]2(C)[C@H]([C@H](OC(=O)c3ccccc3)[C@]3(O)C[C@H](OC(=O)[C@H](O)[C@@H](NC(=O)c4ccccc4)c4ccccc4)C(C)=C1C3(C)C)[C@]1(OC(C)=O)CO[C@@H]1C[C@@H]2O	RCINICONZNJXQF-MZXODVADSA-N	RCINICONZNJXQF-MZXODVADSA-N	true	true	false	false	0.17293233	ELIGIBLE_IDENTITY_PENDING_MANUAL_QA
OKL2026	HMSL10011	ALVOCIDIB	CN1CC[C@H](c2c(O)cc(O)c3c(=O)cc(-c4ccccc4Cl)oc23)[C@H](O)C1	BIIVYFLTOXDAOV-YVEFUNNKSA-N	BIIVYFLTOXDAOV-YVEFUNNKSA-N	true	true	true	true	1.00000000	EXCLUDED_DAVIS_LIGAND_LEAKAGE
OKL2026	HMSL11680	SB-431542	NC(=O)c1ccc(-c2nc(-c3ccccn3)c(-c3ccc4c(c3)OCO4)[nH]2)cc1	FHYUGAJXYORMHI-UHFFFAOYSA-N	FHYUGAJXYORMHI-UHFFFAOYSA-N	true	true	false	false	0.19767442	ELIGIBLE_IDENTITY_PENDING_MANUAL_QA
OKL2026	HMSL10004	AT-7519	O=C(NC1CCNCC1)c1n[nH]cc1NC(=O)c1c(Cl)cccc1Cl	OVPNQJVDAFNBDN-UHFFFAOYSA-N	OVPNQJVDAFNBDN-UHFFFAOYSA-N	true	true	true	false	0.63636364	EXCLUDED_DAVIS_LIGAND_LEAKAGE
OKL2026	HMSL10207	TAE-226	CNC(=O)c1ccccc1Nc1nc(Nc2ccc(N3CCOCC3)cc2OC)ncc1Cl	UYJNQQDJUOUFQJ-UHFFFAOYSA-N	UYJNQQDJUOUFQJ-UHFFFAOYSA-N	true	true	false	false	0.52325581	ELIGIBLE_IDENTITY_PENDING_MANUAL_QA
OKL2026	HMSL10143	BMS-777607	CCOc1ccn(-c2ccc(F)cc2)c(=O)c1C(=O)Nc1ccc(Oc2ccnc(N)c2Cl)c(F)c1	VNBRGSXVFBYQNN-UHFFFAOYSA-N	VNBRGSXVFBYQNN-UHFFFAOYSA-N	true	true	false	false	0.33009709	ELIGIBLE_IDENTITY_PENDING_MANUAL_QA
OKL2026	HMSL10255	GSK-1838705A	CNC(=O)c1c(F)cccc1Nc1nc(Nc2cc3c(cc2OC)CCN3C(=O)CN(C)C)nc2[nH]ccc12	HZTYDQRUAWIZRE-UHFFFAOYSA-N	HZTYDQRUAWIZRE-UHFFFAOYSA-N	true	true	false	false	0.72093023	EXCLUDED_DAVIS_LIGAND_LEAKAGE
OKL2026	HMSL10134	GSK-1904529A	CCc1cc(Nc2nccc(-c3c(-c4ccc(OC)c(C(=O)Nc5c(F)cccc5F)c4)nc4ccccn34)n2)c(OC)cc1N1CCC(N2CCN(S(C)(=O)=O)CC2)CC1	MOSKATHMXWSZTQ-UHFFFAOYSA-N	MOSKATHMXWSZTQ-UHFFFAOYSA-N	true	true	false	false	0.29133858	ELIGIBLE_IDENTITY_PENDING_MANUAL_QA
OKL2026	HMSL10040	R-406	COc1cc(Nc2ncc(F)c(Nc3ccc4c(n3)NC(=O)C(C)(C)O4)n2)cc(OC)c1OC	NHHQJBCNYHBUSI-UHFFFAOYSA-N	NHHQJBCNYHBUSI-UHFFFAOYSA-N	true	true	true	true	1.00000000	EXCLUDED_DAVIS_LIGAND_LEAKAGE
OKL2026	HMSL10114	PAZOPANIB	Cc1ccc(Nc2nccc(N(C)c3ccc4c(C)n(C)nc4c3)n2)cc1S(N)(=O)=O	CUIHSIWYWATEQL-UHFFFAOYSA-N	CUIHSIWYWATEQL-UHFFFAOYSA-N	true	true	true	true	1.00000000	EXCLUDED_DAVIS_LIGAND_LEAKAGE
OKL2026	HMSL12153	RK-24466	Nc1ncnc2c1c(-c1ccc(Oc3ccccc3)cc1)cn2C1CCCC1	FMETVQKSDIOGPX-UHFFFAOYSA-N	FMETVQKSDIOGPX-UHFFFAOYSA-N	true	true	false	false	0.21052632	ELIGIBLE_IDENTITY_PENDING_MANUAL_QA
OKL2026	HMSL11750	SNS-314	O=C(Nc1cccc(Cl)c1)Nc1ncc(CCNc2ncnc3ccsc23)s1	FAYAUAZLLLJJGH-UHFFFAOYSA-N	FAYAUAZLLLJJGH-UHFFFAOYSA-N	true	true	false	false	0.22115385	ELIGIBLE_IDENTITY_PENDING_MANUAL_QA
OKL2026	HMSL11463	CYC-116	Cc1nc(N)sc1-c1ccnc(Nc2ccc(N3CCOCC3)cc2)n1	GPSZYOIFQZPWEJ-UHFFFAOYSA-N	GPSZYOIFQZPWEJ-UHFFFAOYSA-N	true	true	false	false	0.26966292	ELIGIBLE_IDENTITY_PENDING_MANUAL_QA
OKL2026	HMSL11487	ENMD-2076	Cc1cc(Nc2cc(N3CCN(C)CC3)nc(/C=C/c3ccccc3)n2)n[nH]1	BLQYVHBZHAISJM-CMDGGOBGSA-N	BLQYVHBZHAISJM-CMDGGOBGSA-N	true	true	false	false	0.47297297	ELIGIBLE_IDENTITY_PENDING_MANUAL_QA
OKL2026	HMSL10391	ALISERTIB	COc1cc(Nc2ncc3c(n2)-c2ccc(Cl)cc2C(c2c(F)cccc2OC)=NC3)ccc1C(=O)O	ZLHFILGSQDJULK-UHFFFAOYSA-N	ZLHFILGSQDJULK-UHFFFAOYSA-N	true	true	false	true	0.69863014	EXCLUDED_DAVIS_LIGAND_LEAKAGE
OKL2026	HMSL10010	CP-724714	COCC(=O)NC/C=C/c1ccc2ncnc(Nc3ccc(Oc4ccc(C)nc4)c(C)c3)c2c1	LLVZBTWPGQVVLW-SNAWJCMRSA-N	LLVZBTWPGQVVLW-SNAWJCMRSA-N	true	true	false	false	0.29545455	ELIGIBLE_IDENTITY_PENDING_MANUAL_QA
OKL2026	HMSL10158	AZD-5438	Cc1ncc(-c2ccnc(Nc3ccc(S(C)(=O)=O)cc3)n2)n1C(C)C	WJRRGYBTGDJBFX-UHFFFAOYSA-N	WJRRGYBTGDJBFX-UHFFFAOYSA-N	true	true	false	false	0.27586207	ELIGIBLE_IDENTITY_PENDING_MANUAL_QA
OKL2026	HMSL10444	CEDIRANIB	COc1cc2c(Oc3ccc4[nH]c(C)cc4c3F)ncnc2cc1OCCCN1CCCC1	XXJWYDDUDKYVKI-UHFFFAOYSA-N	XXJWYDDUDKYVKI-UHFFFAOYSA-N	true	true	true	true	1.00000000	EXCLUDED_DAVIS_LIGAND_LEAKAGE
OKL2026	HMSL10128	GSK-690693	CCn1c(-c2nonc2N)nc2c(C#CC(C)(C)O)ncc(OC[C@H]3CCCNC3)c21	KGPGFQWBCSZGEL-ZDUSSCGKSA-N	KGPGFQWBCSZGEL-ZDUSSCGKSA-N	true	true	true	true	1.00000000	EXCLUDED_DAVIS_LIGAND_LEAKAGE
OKL2026	HMSL10393	AT-9283	O=C(Nc1c[nH]nc1-c1nc2ccc(CN3CCOCC3)cc2[nH]1)NC1CC1	LOLPPWBBNUVNQZ-UHFFFAOYSA-N	LOLPPWBBNUVNQZ-UHFFFAOYSA-N	true	true	false	false	0.25000000	ELIGIBLE_IDENTITY_PENDING_MANUAL_QA
OKL2026	HMSL11363	AMG-208	COc1ccc2c(OCc3nnc4ccc(-c5ccccc5)nn34)ccnc2c1	HEAIZQNMNCHNFD-UHFFFAOYSA-N	HEAIZQNMNCHNFD-UHFFFAOYSA-N	true	true	false	false	0.32467532	ELIGIBLE_IDENTITY_PENDING_MANUAL_QA
OKL2026	HMSL10151	NINTEDANIB	COC(=O)c1ccc2c(c1)NC(=O)/C2=C(\Nc1ccc(N(C)C(=O)CN2CCN(C)CC2)cc1)c1ccccc1	XZXHXSATPCNXJR-ZIADKAODSA-N	XZXHXSATPCNXJR-ZIADKAODSA-N	true	true	false	false	0.23809524	ELIGIBLE_IDENTITY_PENDING_MANUAL_QA
OKL2026	HMSL12138	ALSTERPAULLONE	O=C1Cc2c([nH]c3ccc([N+](=O)[O-])cc23)-c2ccccc2N1	OLUKILHGKRVDCT-UHFFFAOYSA-N	OLUKILHGKRVDCT-UHFFFAOYSA-N	true	true	false	false	0.17441860	ELIGIBLE_IDENTITY_PENDING_MANUAL_QA
OKL2026	HMSL10024	TAE-684	COc1cc(N2CCC(N3CCN(C)CC3)CC2)ccc1Nc1ncc(Cl)c(Nc2ccccc2S(=O)(=O)C(C)C)n1	QQWUGDVOUVUTOY-UHFFFAOYSA-N	QQWUGDVOUVUTOY-UHFFFAOYSA-N	true	true	true	true	1.00000000	EXCLUDED_DAVIS_LIGAND_LEAKAGE
OKL2026	HMSL10041	BI-2536	CC[C@@H]1C(=O)N(C)c2cnc(Nc3ccc(C(=O)NC4CCN(C)CC4)cc3OC)nc2N1C1CCCC1	XQVVPGYIWAGRNI-JOCHJYFZSA-N	XQVVPGYIWAGRNI-JOCHJYFZSA-N	true	true	true	true	1.00000000	EXCLUDED_DAVIS_LIGAND_LEAKAGE
OKL2026	HMSL12081	TALMAPIMOD	C[C@@H]1CN(Cc2ccc(F)cc2)[C@@H](C)CN1C(=O)c1cc2c(C(=O)C(=O)N(C)C)cn(C)c2cc1Cl	ZMELOYOKMZBMRB-DLBZAZTESA-N	ZMELOYOKMZBMRB-DLBZAZTESA-N	true	true	false	false	0.19191919	ELIGIBLE_IDENTITY_PENDING_MANUAL_QA
OKL2026	HMSL10014	GW843682X	COc1cc2ncn(-c3cc(OCc4ccccc4C(F)(F)F)c(C(N)=O)s3)c2cc1OC	JSKUWFIZUALZLX-UHFFFAOYSA-N	JSKUWFIZUALZLX-UHFFFAOYSA-N	true	true	false	false	0.50000000	ELIGIBLE_IDENTITY_PENDING_MANUAL_QA
OKL2026	HMSL10127	DOVITINIB	CN1CCN(c2ccc3nc(-c4c(N)c5c(F)cccc5[nH]c4=O)[nH]c3c2)CC1	PIQCTGMSNWUMAF-UHFFFAOYSA-N	PIQCTGMSNWUMAF-UHFFFAOYSA-N	true	true	true	true	1.00000000	EXCLUDED_DAVIS_LIGAND_LEAKAGE
OKL2026	HMSL10181	GDC-0879	OCCn1cc(-c2ccc3c(c2)CC/C3=N\O)c(-c2ccncc2)n1	DEZZLWQELQORIU-RELWKKBWSA-N	DEZZLWQELQORIU-RELWKKBWSA-N	true	true	true	true	1.00000000	EXCLUDED_DAVIS_LIGAND_LEAKAGE
OKL2026	HMSL10175	SUNITINIB	CCN(CC)CCNC(=O)c1c(C)[nH]c(/C=C2\C(=O)Nc3ccc(F)cc32)c1C	WINHZLLDWRZWRT-ATVHPVEESA-N	WINHZLLDWRZWRT-ATVHPVEESA-N	true	true	true	true	1.00000000	EXCLUDED_DAVIS_LIGAND_LEAKAGE
OKL2026	HMSL10097	ERLOTINIB	C#Cc1cccc(Nc2ncnc3cc(OCCOC)c(OCCOC)cc23)c1	AAKJLRGGTJKAMG-UHFFFAOYSA-N	AAKJLRGGTJKAMG-UHFFFAOYSA-N	true	true	true	true	1.00000000	EXCLUDED_DAVIS_LIGAND_LEAKAGE
OKL2026	HMSL10051	LAPATINIB	CS(=O)(=O)CCNCc1ccc(-c2ccc3ncnc(Nc4ccc(OCc5cccc(F)c5)c(Cl)c4)c3c2)o1	BCFGMOOMADDAQU-UHFFFAOYSA-N	BCFGMOOMADDAQU-UHFFFAOYSA-N	true	true	true	true	1.00000000	EXCLUDED_DAVIS_LIGAND_LEAKAGE
OKL2026	HMSL10206	RAF-265	Cn1c(Nc2ccc(C(F)(F)F)cc2)nc2cc(Oc3ccnc(-c4ncc(C(F)(F)F)[nH]4)c3)ccc21	YABJJWZLRMPFSI-UHFFFAOYSA-N	YABJJWZLRMPFSI-UHFFFAOYSA-N	true	true	true	true	1.00000000	EXCLUDED_DAVIS_LIGAND_LEAKAGE
OKL2026	HMSL10176	Y-27632	C[C@@H](N)[C@H]1CC[C@H](C(=O)Nc2ccncc2)CC1	IYOZTVGMEWJPKR-IJLUTSLNSA-N	IYOZTVGMEWJPKR-IJLUTSLNSA-N	true	true	false	false	0.30136986	ELIGIBLE_IDENTITY_PENDING_MANUAL_QA
OKL2026	HMSL10408	SOTRASTAURIN	CN1CCN(c2nc(C3=C(c4c[nH]c5ccccc45)C(=O)NC3=O)c3ccccc3n2)CC1	OAVGBZOFDPFGPJ-UHFFFAOYSA-N	OAVGBZOFDPFGPJ-UHFFFAOYSA-N	true	true	false	false	0.28395062	ELIGIBLE_IDENTITY_PENDING_MANUAL_QA
OKL2026	HMSL10149	Y-39983	C[C@@H](N)c1ccc(C(=O)Nc2ccnc3[nH]ccc23)cc1	JTVBXQAYBIJXRP-SNVBAGLBSA-N	JTVBXQAYBIJXRP-SNVBAGLBSA-N	true	true	false	false	0.26315789	ELIGIBLE_IDENTITY_PENDING_MANUAL_QA
OKL2026	HMSL10021	TOZASERTIB	Cc1cc(Nc2cc(N3CCN(C)CC3)nc(Sc3ccc(NC(=O)C4CC4)cc3)n2)n[nH]1	GCIKSSRWRFVXBI-UHFFFAOYSA-N	GCIKSSRWRFVXBI-UHFFFAOYSA-N	true	true	true	true	1.00000000	EXCLUDED_DAVIS_LIGAND_LEAKAGE
OKL2026	HMSL10042	MOTESANIB	CC1(C)CNc2cc(NC(=O)c3cccnc3NCc3ccncc3)ccc21	RAHBGWKEPAQNFF-UHFFFAOYSA-N	RAHBGWKEPAQNFF-UHFFFAOYSA-N	true	true	true	true	1.00000000	EXCLUDED_DAVIS_LIGAND_LEAKAGE
OKL2026	HMSL10126	PI-103	Oc1cccc(-c2nc(N3CCOCC3)c3oc4ncccc4c3n2)c1	TUVCWJQQGGETHL-UHFFFAOYSA-N	TUVCWJQQGGETHL-UHFFFAOYSA-N	true	true	true	true	1.00000000	EXCLUDED_DAVIS_LIGAND_LEAKAGE
OKL2026	HMSL12144	UCN-01	CN[C@@H]1C[C@H]2O[C@@](C)([C@@H]1OC)n1c3ccccc3c3c4c(c5c6ccccc6n2c5c31)C(=O)N[C@H]4O	PBCZSGKMGDDXIJ-KRUBCLEUSA-N	PBCZSGKMGDDXIJ-KRUBCLEUSA-N	true	true	false	true	0.72602740	EXCLUDED_DAVIS_LIGAND_LEAKAGE
OKL2026	HMSL12073	AST-487	CCN1CCN(Cc2ccc(NC(=O)Nc3ccc(Oc4cc(NC)ncn4)cc3)cc2C(F)(F)F)CC1	ODPGGGTTYSGTGO-UHFFFAOYSA-N	ODPGGGTTYSGTGO-UHFFFAOYSA-N	true	true	true	true	1.00000000	EXCLUDED_DAVIS_LIGAND_LEAKAGE
OKL2026	HMSL10290	BMS-754807	C[C@@]1(C(=O)Nc2ccc(F)nc2)CCCN1c1nc(Nc2cc(C3CC3)n[nH]2)c2cccn2n1	LQVXSNNAFNGRAH-QHCPKHFHSA-N	LQVXSNNAFNGRAH-QHCPKHFHSA-N	true	true	false	false	0.23008850	ELIGIBLE_IDENTITY_PENDING_MANUAL_QA
OKL2026	HMSL10037	QUIZARTINIB	CC(C)(C)c1cc(NC(=O)Nc2ccc(-c3cn4c(n3)sc3cc(OCCN5CCOCC5)ccc34)cc2)no1	CVWXJKQAOSCOAB-UHFFFAOYSA-N	CVWXJKQAOSCOAB-UHFFFAOYSA-N	true	true	true	true	1.00000000	EXCLUDED_DAVIS_LIGAND_LEAKAGE
OKL2026	HMSL12021	AMG-548	Cn1c(NC[C@@H](N)Cc2ccccc2)nc(-c2ccncc2)c(-c2ccc3ccccc3c2)c1=O	RQVKVJIRFKVPBF-VWLOTQADSA-N	RQVKVJIRFKVPBF-VWLOTQADSA-N	true	true	false	false	0.28048780	ELIGIBLE_IDENTITY_PENDING_MANUAL_QA
OKL2026	HMSL11021	AEE-788	CCN1CCN(Cc2ccc(-c3cc4c(N[C@H](C)c5ccccc5)ncnc4[nH]3)cc2)CC1	OONFNUWBHFSNBT-HXUWFJFHSA-N	OONFNUWBHFSNBT-HXUWFJFHSA-N	true	true	false	false	0.23958333	ELIGIBLE_IDENTITY_PENDING_MANUAL_QA
OKL2026	HMSL10645	GEDATOLISIB	CN(C)C1CCN(C(=O)c2ccc(NC(=O)Nc3ccc(-c4nc(N5CCOCC5)nc(N5CCOCC5)n4)cc3)cc2)CC1	DWZAEMINVBZMHQ-UHFFFAOYSA-N	DWZAEMINVBZMHQ-UHFFFAOYSA-N	true	true	false	false	0.28571429	ELIGIBLE_IDENTITY_PENDING_MANUAL_QA
OKL2026	HMSL10708	CUDC-101	C#Cc1cccc(Nc2ncnc3cc(OC)c(OCCCCCCC(=O)NO)cc23)c1	PLIVFNIUGLLCEK-UHFFFAOYSA-N	PLIVFNIUGLLCEK-UHFFFAOYSA-N	true	true	false	true	0.67187500	EXCLUDED_DAVIS_LIGAND_LEAKAGE
OKL2026	HMSL10577	CRIZOTINIB	C[C@@H](Oc1cc(-c2cnn(C3CCNCC3)c2)cnc1N)c1c(Cl)ccc(F)c1Cl	KTEIFNKAUNYNJU-GFCCVEGCSA-N	KTEIFNKAUNYNJU-GFCCVEGCSA-N	true	true	true	true	1.00000000	EXCLUDED_DAVIS_LIGAND_LEAKAGE
OKL2026	HMSL10230	LESTAURTINIB	C[C@]12O[C@H](C[C@]1(O)CO)n1c3ccccc3c3c4c(c5c6ccccc6n2c5c31)CNC4=O	UIARLYUEJFELEN-LROUJFHJSA-N	UIARLYUEJFELEN-LROUJFHJSA-N	true	true	true	true	1.00000000	EXCLUDED_DAVIS_LIGAND_LEAKAGE
OKL2026	HMSL10159	PELITINIB	CCOc1cc2ncc(C#N)c(Nc3ccc(F)c(Cl)c3)c2cc1NC(=O)/C=C/CN(C)C	WVUNYSQLFKLYNI-AATRIKPKSA-N	WVUNYSQLFKLYNI-AATRIKPKSA-N	true	true	false	false	0.75000000	EXCLUDED_DAVIS_LIGAND_LEAKAGE
OKL2026	HMSL12059	ML-120B	COc1c(Cl)cc2c([nH]c3cnccc32)c1NC(=O)c1cccnc1C	ZNOLRTPMNMPLHY-UHFFFAOYSA-N	ZNOLRTPMNMPLHY-UHFFFAOYSA-N	true	true	true	true	1.00000000	EXCLUDED_DAVIS_LIGAND_LEAKAGE
OKL2026	HMSL10220	MIDOSTAURIN	CO[C@@H]1[C@H](N(C)C(=O)c2ccccc2)C[C@H]2O[C@]1(C)n1c3ccccc3c3c4c(c5c6ccccc6n2c5c31)C(=O)NC4	BMGQWWVMWDBQGC-IIFHNQTCSA-N	BMGQWWVMWDBQGC-IIFHNQTCSA-N	true	true	true	true	1.00000000	EXCLUDED_DAVIS_LIGAND_LEAKAGE
OKL2026	HMSL12080	RUBOXISTAURIN	CN(C)C[C@@H]1CCn2cc(c3ccccc32)C2=C(C(=O)NC2=O)c2cn(c3ccccc23)CCO1	ZCBUQCWBWNUWSU-SFHVURJKSA-N	ZCBUQCWBWNUWSU-SFHVURJKSA-N	true	true	true	true	1.00000000	EXCLUDED_DAVIS_LIGAND_LEAKAGE
OKL2026	HMSL10098	GEFITINIB	COc1cc2ncnc(Nc3ccc(F)c(Cl)c3)c2cc1OCCCN1CCOCC1	XGALLCVXEZPNRQ-UHFFFAOYSA-N	XGALLCVXEZPNRQ-UHFFFAOYSA-N	true	true	true	true	1.00000000	EXCLUDED_DAVIS_LIGAND_LEAKAGE
OKL2026	HMSL10023	IMATINIB	Cc1ccc(NC(=O)c2ccc(CN3CCN(C)CC3)cc2)cc1Nc1nccc(-c2cccnc2)n1	KTUFNOKKBVMGRW-UHFFFAOYSA-N	KTUFNOKKBVMGRW-UHFFFAOYSA-N	true	true	true	true	1.00000000	EXCLUDED_DAVIS_LIGAND_LEAKAGE
