panel	assay_target_label	gene_symbol	reported_state	standardized_estimand_id	davis_structure_component	eligibility_status
OKL2026	AAK1	AAK1	WT	UniProt:Q2M2I8:46-315|KLIFS:277:positions1-85	PTC001	MAPPED_BUT_NOT_DOUBLE_COLD_FROM_DAVIS
OKL2026	ABL1-nonphosphorylated	ABL1	WT			EXCLUDED_NONSTANDARD_STATE_OR_MUTANT
OKL2026	ABL1-phosphorylated	ABL1	WT			EXCLUDED_NONSTANDARD_STATE_OR_MUTANT
OKL2026	ABL2	ABL2	WT	UniProt:P42684:288-539|KLIFS:393:positions1-85	PTC001	MAPPED_BUT_NOT_DOUBLE_COLD_FROM_DAVIS
OKL2026	ACVR1	ACVR1	WT	UniProt:Q04771:208-502|KLIFS:516:positions1-85	PTC001	MAPPED_BUT_NOT_DOUBLE_COLD_FROM_DAVIS
OKL2026	ACVR1B	ACVR1B	WT	UniProt:P36896:207-497|KLIFS:517:positions1-85	PTC001	MAPPED_BUT_NOT_DOUBLE_COLD_FROM_DAVIS
OKL2026	ACVR2A	ACVR2A	WT	UniProt:P27037:192-485|KLIFS:523:positions1-85	PTC001	MAPPED_BUT_NOT_DOUBLE_COLD_FROM_DAVIS
OKL2026	ACVR2B	ACVR2B	WT	UniProt:Q13705:190-480|KLIFS:524:positions1-85	PTC001	MAPPED_BUT_NOT_DOUBLE_COLD_FROM_DAVIS
OKL2026	ACVRL1	ACVRL1	WT	UniProt:P37023:202-492|KLIFS:518:positions1-85	PTC001	MAPPED_BUT_NOT_DOUBLE_COLD_FROM_DAVIS
OKL2026	ADCK3	CABC1	WT			BLOCKED_OKL_ONLY_RECEPTOR_PROVENANCE
OKL2026	ADCK4	ADCK4	WT			BLOCKED_OKL_ONLY_RECEPTOR_PROVENANCE
OKL2026	AKT1	AKT1	WT	UniProt:P31749:150-408|KLIFS:1:positions1-85	PTC001	MAPPED_BUT_NOT_DOUBLE_COLD_FROM_DAVIS
OKL2026	AKT2	AKT2	WT	UniProt:P31751:152-409|KLIFS:2:positions1-85	PTC001	MAPPED_BUT_NOT_DOUBLE_COLD_FROM_DAVIS
OKL2026	AKT3	AKT3	WT	UniProt:Q9Y243:148-405|KLIFS:3:positions1-85	PTC001	MAPPED_BUT_NOT_DOUBLE_COLD_FROM_DAVIS
OKL2026	ALK	ALK	WT	UniProt:Q9UM73:1116-1392|KLIFS:396:positions1-85	PTC001	MAPPED_BUT_NOT_DOUBLE_COLD_FROM_DAVIS
OKL2026	AMPK-alpha1	PRKAA1	WT	UniProt:Q13131:27-279|KLIFS:117:positions1-85	PTC001	MAPPED_BUT_NOT_DOUBLE_COLD_FROM_DAVIS
OKL2026	AMPK-alpha2	PRKAA2	WT	UniProt:P54646:16-268|KLIFS:118:positions1-85	PTC001	MAPPED_BUT_NOT_DOUBLE_COLD_FROM_DAVIS
OKL2026	ANKK1	ANKK1	WT	UniProt:Q8NFD2:22-289|KLIFS:515:positions1-85	PTC001	MAPPED_BUT_NOT_DOUBLE_COLD_FROM_DAVIS
OKL2026	ARK5	NUAK1	WT	UniProt:O60285:55-306|KLIFS:130:positions1-85	PTC001	MAPPED_BUT_NOT_DOUBLE_COLD_FROM_DAVIS
OKL2026	ASK1	MAP3K5	WT	UniProt:Q99683:680-938|KLIFS:345:positions1-85	PTC001	MAPPED_BUT_NOT_DOUBLE_COLD_FROM_DAVIS
OKL2026	ASK2	MAP3K6	WT	UniProt:O95382:648-906|KLIFS:346:positions1-85	PTC001	MAPPED_BUT_NOT_DOUBLE_COLD_FROM_DAVIS
OKL2026	AURKA	AURKA	WT	UniProt:O14965:133-383|KLIFS:259:positions1-85	PTC001	MAPPED_BUT_NOT_DOUBLE_COLD_FROM_DAVIS
OKL2026	AURKB	AURKB	WT	UniProt:Q96GD4:77-327|KLIFS:261:positions1-85	PTC001	MAPPED_BUT_NOT_DOUBLE_COLD_FROM_DAVIS
OKL2026	AURKC	AURKC	WT	UniProt:Q9UQB9:43-293|KLIFS:260:positions1-85	PTC001	MAPPED_BUT_NOT_DOUBLE_COLD_FROM_DAVIS
OKL2026	AXL	AXL	WT	UniProt:P30530:536-807|KLIFS:398:positions1-85	PTC001	MAPPED_BUT_NOT_DOUBLE_COLD_FROM_DAVIS
OKL2026	BIKE	BMP2K	WT	UniProt:Q9NSY1:51-316|KLIFS:278:positions1-85	PTC001	MAPPED_BUT_NOT_DOUBLE_COLD_FROM_DAVIS
OKL2026	BLK	BLK	WT	UniProt:P51451:241-494|KLIFS:464:positions1-85	PTC001	MAPPED_BUT_NOT_DOUBLE_COLD_FROM_DAVIS
OKL2026	BMPR1A	BMPR1A	WT	UniProt:P36894:234-525|KLIFS:519:positions1-85	PTC001	MAPPED_BUT_NOT_DOUBLE_COLD_FROM_DAVIS
OKL2026	BMPR1B	BMPR1B	WT	UniProt:O00238:204-494|KLIFS:520:positions1-85	PTC001	MAPPED_BUT_NOT_DOUBLE_COLD_FROM_DAVIS
OKL2026	BMPR2	BMPR2	WT	UniProt:Q13873:203-504|KLIFS:526:positions1-85	PTC001	MAPPED_BUT_NOT_DOUBLE_COLD_FROM_DAVIS
OKL2026	BMX	BMX	WT	UniProt:P51813:417-675|KLIFS:472:positions1-85	PTC001	MAPPED_BUT_NOT_DOUBLE_COLD_FROM_DAVIS
OKL2026	BRAF	BRAF	WT	UniProt:P15056:457-717|KLIFS:509:positions1-85	PTC001	MAPPED_BUT_NOT_DOUBLE_COLD_FROM_DAVIS
OKL2026	BRK	PTK6	WT	UniProt:Q13882:191-445|KLIFS:468:positions1-85	PTC001	MAPPED_BUT_NOT_DOUBLE_COLD_FROM_DAVIS
OKL2026	BRSK1	BRSK1	WT	UniProt:Q8TDC3:34-285|KLIFS:120:positions1-85	PTC001	MAPPED_BUT_NOT_DOUBLE_COLD_FROM_DAVIS
OKL2026	BRSK2	BRSK2	WT	UniProt:Q8IWQ3:19-270|KLIFS:119:positions1-85	PTC001	MAPPED_BUT_NOT_DOUBLE_COLD_FROM_DAVIS
OKL2026	BTK	BTK	WT	UniProt:Q06187:402-655|KLIFS:473:positions1-85	PTC001	MAPPED_BUT_NOT_DOUBLE_COLD_FROM_DAVIS
OKL2026	BUB1	BUB1	WT			BLOCKED_OKL_ONLY_RECEPTOR_PROVENANCE
OKL2026	CAMK1	CAMK1	WT	UniProt:Q14012:20-276|KLIFS:109:positions1-85	PTC001	MAPPED_BUT_NOT_DOUBLE_COLD_FROM_DAVIS
OKL2026	CAMK1B	PNCK	WT			BLOCKED_OKL_ONLY_RECEPTOR_PROVENANCE
OKL2026	CAMK1D	CAMK1D	WT	UniProt:Q8IU85:23-279|KLIFS:110:positions1-85	PTC001	MAPPED_BUT_NOT_DOUBLE_COLD_FROM_DAVIS
OKL2026	CAMK1G	CAMK1G	WT	UniProt:Q96NX5:23-277|KLIFS:111:positions1-85	PTC001	MAPPED_BUT_NOT_DOUBLE_COLD_FROM_DAVIS
OKL2026	CAMK2A	CAMK2A	WT	UniProt:Q9UQM7:13-271|KLIFS:113:positions1-85	PTC001	MAPPED_BUT_NOT_DOUBLE_COLD_FROM_DAVIS
OKL2026	CAMK2B	CAMK2B	WT	UniProt:Q13554:14-272|KLIFS:114:positions1-85	PTC001	MAPPED_BUT_NOT_DOUBLE_COLD_FROM_DAVIS
OKL2026	CAMK2D	CAMK2D	WT	UniProt:Q13557:14-272|KLIFS:115:positions1-85	PTC001	MAPPED_BUT_NOT_DOUBLE_COLD_FROM_DAVIS
OKL2026	CAMK2G	CAMK2G	WT	UniProt:Q13555:14-272|KLIFS:116:positions1-85	PTC001	MAPPED_BUT_NOT_DOUBLE_COLD_FROM_DAVIS
OKL2026	CAMK4	CAMK4	WT	UniProt:Q16566:46-300|KLIFS:108:positions1-85	PTC001	MAPPED_BUT_NOT_DOUBLE_COLD_FROM_DAVIS
OKL2026	CAMKK1	CAMKK1	WT	UniProt:Q8N5S9:128-409|KLIFS:266:positions1-85	PTC001	MAPPED_BUT_NOT_DOUBLE_COLD_FROM_DAVIS
OKL2026	CAMKK2	CAMKK2	WT	UniProt:Q96RR4:165-446|KLIFS:265:positions1-85	PTC001	MAPPED_BUT_NOT_DOUBLE_COLD_FROM_DAVIS
OKL2026	CASK	CASK	WT	UniProt:O14936:12-276|KLIFS:139:positions1-85	PTC001	MAPPED_BUT_NOT_DOUBLE_COLD_FROM_DAVIS
OKL2026	CDC2L1	CDK11B	WT			BLOCKED_OKL_ONLY_RECEPTOR_PROVENANCE
OKL2026	CDC2L2	CDC2L2	WT			BLOCKED_OKL_ONLY_RECEPTOR_PROVENANCE
OKL2026	CDC2L5	CDK13	WT			BLOCKED_OKL_ONLY_RECEPTOR_PROVENANCE
OKL2026	CDK11	CDK19	WT			BLOCKED_OKL_ONLY_RECEPTOR_PROVENANCE
OKL2026	CDK2	CDK2	WT	UniProt:P24941:4-286|KLIFS:198:positions1-85	PTC001	MAPPED_BUT_NOT_DOUBLE_COLD_FROM_DAVIS
OKL2026	CDK3	CDK3	WT	UniProt:Q00526:4-286|KLIFS:199:positions1-85	PTC001	MAPPED_BUT_NOT_DOUBLE_COLD_FROM_DAVIS
OKL2026	CDK4	CDK4	WT			BLOCKED_OKL_ONLY_RECEPTOR_PROVENANCE
OKL2026	CDK4-cyclinD1	CDK4	WT			EXCLUDED_NONSTANDARD_STATE_OR_MUTANT
OKL2026	CDK4-cyclinD3	CDK4	WT			EXCLUDED_NONSTANDARD_STATE_OR_MUTANT
OKL2026	CDK5	CDK5	WT	UniProt:Q00535:4-286|KLIFS:203:positions1-85	PTC001	MAPPED_BUT_NOT_DOUBLE_COLD_FROM_DAVIS
OKL2026	CDK7	CDK7	WT	UniProt:P50613:12-295|KLIFS:204:positions1-85	PTC001	MAPPED_BUT_NOT_DOUBLE_COLD_FROM_DAVIS
OKL2026	CDK8	CDK8	WT	UniProt:P49336:21-335|KLIFS:205:positions1-85	PTC001	MAPPED_BUT_NOT_DOUBLE_COLD_FROM_DAVIS
OKL2026	CDK9	CDK9	WT	UniProt:P50750:19-315|KLIFS:207:positions1-85	PTC001	MAPPED_BUT_NOT_DOUBLE_COLD_FROM_DAVIS
OKL2026	CDKL1	CDKL1	WT	UniProt:Q00532:4-287|KLIFS:217:positions1-85	PTC001	MAPPED_BUT_NOT_DOUBLE_COLD_FROM_DAVIS
OKL2026	CDKL2	CDKL2	WT	UniProt:Q92772:4-287|KLIFS:218:positions1-85	PTC001	MAPPED_BUT_NOT_DOUBLE_COLD_FROM_DAVIS
OKL2026	CDKL3	CDKL3	WT	UniProt:Q8IVW4:4-286|KLIFS:219:positions1-85	PTC001	MAPPED_BUT_NOT_DOUBLE_COLD_FROM_DAVIS
OKL2026	CDKL5	CDKL5	WT	UniProt:O76039:13-297|KLIFS:216:positions1-85	PTC001	MAPPED_BUT_NOT_DOUBLE_COLD_FROM_DAVIS
OKL2026	CHEK1	CHEK1	WT	UniProt:O14757:9-265|KLIFS:121:positions1-85	PTC001	MAPPED_BUT_NOT_DOUBLE_COLD_FROM_DAVIS
OKL2026	CHEK2	CHEK2	WT	UniProt:O96017:220-486|KLIFS:168:positions1-85	PTC001	MAPPED_BUT_NOT_DOUBLE_COLD_FROM_DAVIS
OKL2026	CIT	CIT	WT	UniProt:O14578:97-360|KLIFS:4:positions1-85	PTC001	MAPPED_BUT_NOT_DOUBLE_COLD_FROM_DAVIS
OKL2026	CLK1	CLK1	WT	UniProt:P49759:161-477|KLIFS:223:positions1-85	PTC001	MAPPED_BUT_NOT_DOUBLE_COLD_FROM_DAVIS
OKL2026	CLK2	CLK2	WT	UniProt:P49760:163-479|KLIFS:224:positions1-85	PTC001	MAPPED_BUT_NOT_DOUBLE_COLD_FROM_DAVIS
OKL2026	CLK3	CLK3	WT	UniProt:P49761:156-472|KLIFS:225:positions1-85	PTC001	MAPPED_BUT_NOT_DOUBLE_COLD_FROM_DAVIS
OKL2026	CLK4	CLK4	WT	UniProt:Q9HAZ1:159-475|KLIFS:226:positions1-85	PTC001	MAPPED_BUT_NOT_DOUBLE_COLD_FROM_DAVIS
OKL2026	CSF1R	CSF1R	WT	UniProt:P07333:582-910|KLIFS:449:positions1-85	PTC001	MAPPED_BUT_NOT_DOUBLE_COLD_FROM_DAVIS
OKL2026	CSF1R-autoinhibited	CSF1R	WT	UniProt:P07333:582-910|KLIFS:449:positions1-85	PTC001	MAPPED_BUT_NOT_DOUBLE_COLD_FROM_DAVIS
OKL2026	CSK	CSK	WT	UniProt:P41240:195-449|KLIFS:402:positions1-85	PTC001	MAPPED_BUT_NOT_DOUBLE_COLD_FROM_DAVIS
OKL2026	CSNK1A1	CSNK1A1	WT	UniProt:P48729:17-285|KLIFS:184:positions1-85	PTC001	MAPPED_BUT_NOT_DOUBLE_COLD_FROM_DAVIS
OKL2026	CSNK1A1L	CSNK1A1L	WT	UniProt:Q8N752:17-285|KLIFS:185:positions1-85	PTC001	MAPPED_BUT_NOT_DOUBLE_COLD_FROM_DAVIS
OKL2026	CSNK1D	CSNK1D	WT	UniProt:P48730:9-277|KLIFS:186:positions1-85	PTC001	MAPPED_BUT_NOT_DOUBLE_COLD_FROM_DAVIS
OKL2026	CSNK1E	CSNK1E	WT	UniProt:P49674:9-277|KLIFS:187:positions1-85	PTC001	MAPPED_BUT_NOT_DOUBLE_COLD_FROM_DAVIS
OKL2026	CSNK1G1	CSNK1G1	WT	UniProt:Q9HCP0:44-315|KLIFS:190:positions1-85	PTC001	MAPPED_BUT_NOT_DOUBLE_COLD_FROM_DAVIS
OKL2026	CSNK1G2	CSNK1G2	WT	UniProt:P78368:46-316|KLIFS:188:positions1-85	PTC001	MAPPED_BUT_NOT_DOUBLE_COLD_FROM_DAVIS
OKL2026	CSNK1G3	CSNK1G3	WT	UniProt:Q9Y6M4:43-313|KLIFS:189:positions1-85	PTC001	MAPPED_BUT_NOT_DOUBLE_COLD_FROM_DAVIS
OKL2026	CSNK2A1	CSNK2A1	WT	UniProt:P68400:39-324|KLIFS:221:positions1-85	PTC001	MAPPED_BUT_NOT_DOUBLE_COLD_FROM_DAVIS
OKL2026	CSNK2A2	CSNK2A2	WT	UniProt:P19784:40-325|KLIFS:222:positions1-85	PTC001	MAPPED_BUT_NOT_DOUBLE_COLD_FROM_DAVIS
OKL2026	CTK	MATK	WT	UniProt:P42679:235-482|KLIFS:403:positions1-85	PTC001	MAPPED_BUT_NOT_DOUBLE_COLD_FROM_DAVIS
OKL2026	DAPK1	DAPK1	WT	UniProt:P53355:13-275|KLIFS:140:positions1-85	PTC001	MAPPED_BUT_NOT_DOUBLE_COLD_FROM_DAVIS
OKL2026	DAPK2	DAPK2	WT	UniProt:Q9UIK4:23-285|KLIFS:142:positions1-85	PTC001	MAPPED_BUT_NOT_DOUBLE_COLD_FROM_DAVIS
OKL2026	DAPK3	DAPK3	WT	UniProt:O43293:13-275|KLIFS:141:positions1-85	PTC001	MAPPED_BUT_NOT_DOUBLE_COLD_FROM_DAVIS
OKL2026	DCAMKL1	DCLK1	WT	UniProt:O15075:390-647|KLIFS:145:positions1-85	PTC001	MAPPED_BUT_NOT_DOUBLE_COLD_FROM_DAVIS
OKL2026	DCAMKL2	DCLK2	WT	UniProt:Q8N568:394-651|KLIFS:147:positions1-85	PTC001	MAPPED_BUT_NOT_DOUBLE_COLD_FROM_DAVIS
OKL2026	DCAMKL3	DCLK3	WT	UniProt:Q9C098:356-613|KLIFS:146:positions1-85	PTC001	MAPPED_BUT_NOT_DOUBLE_COLD_FROM_DAVIS
OKL2026	DDR1	DDR1	WT	UniProt:Q08345:610-905|KLIFS:404:positions1-85	PTC001	MAPPED_BUT_NOT_DOUBLE_COLD_FROM_DAVIS
OKL2026	DDR2	DDR2	WT	UniProt:Q16832:563-849|KLIFS:405:positions1-85	PTC001	MAPPED_BUT_NOT_DOUBLE_COLD_FROM_DAVIS
OKL2026	DLK	MAP3K12	WT	UniProt:Q12852:125-366|KLIFS:498:positions1-85	PTC001	MAPPED_BUT_NOT_DOUBLE_COLD_FROM_DAVIS
OKL2026	DMPK	DMPK	WT	UniProt:Q09013:71-339|KLIFS:5:positions1-85	PTC001	MAPPED_BUT_NOT_DOUBLE_COLD_FROM_DAVIS
OKL2026	DMPK2	CDC42BPG	WT	UniProt:Q6DT37:71-337|KLIFS:8:positions1-85	PTC001	MAPPED_BUT_NOT_DOUBLE_COLD_FROM_DAVIS
OKL2026	DRAK1	STK17A	WT	UniProt:Q9UEE5:61-321|KLIFS:144:positions1-85	PTC001	MAPPED_BUT_NOT_DOUBLE_COLD_FROM_DAVIS
OKL2026	DRAK2	STK17B	WT	UniProt:O94768:33-293|KLIFS:143:positions1-85	PTC001	MAPPED_BUT_NOT_DOUBLE_COLD_FROM_DAVIS
OKL2026	DYRK1A	DYRK1A	WT	UniProt:Q13627:159-479|KLIFS:227:positions1-85	PTC001	MAPPED_BUT_NOT_DOUBLE_COLD_FROM_DAVIS
OKL2026	DYRK1B	DYRK1B	WT	UniProt:Q9Y463:111-431|KLIFS:228:positions1-85	PTC001	MAPPED_BUT_NOT_DOUBLE_COLD_FROM_DAVIS
OKL2026	DYRK2	DYRK2	WT	UniProt:Q92630:222-535|KLIFS:230:positions1-85	PTC001	MAPPED_BUT_NOT_DOUBLE_COLD_FROM_DAVIS
OKL2026	EGFR	EGFR	WT	UniProt:P00533:712-979|KLIFS:406:positions1-85	PTC001	MAPPED_BUT_NOT_DOUBLE_COLD_FROM_DAVIS
OKL2026	EIF2AK1	EIF2AK1	WT	UniProt:Q9BQI3:167-583|KLIFS:308:positions1-85	PTC001	MAPPED_BUT_NOT_DOUBLE_COLD_FROM_DAVIS
OKL2026	EPHA1	EPHA1	WT	UniProt:P21709:624-884|KLIFS:411:positions1-85	PTC001	MAPPED_BUT_NOT_DOUBLE_COLD_FROM_DAVIS
OKL2026	EPHA2	EPHA2	WT	UniProt:P29317:613-875|KLIFS:410:positions1-85	PTC001	MAPPED_BUT_NOT_DOUBLE_COLD_FROM_DAVIS
OKL2026	EPHA3	EPHA3	WT	UniProt:P29320:621-882|KLIFS:412:positions1-85	PTC001	MAPPED_BUT_NOT_DOUBLE_COLD_FROM_DAVIS
OKL2026	EPHA4	EPHA4	WT	UniProt:P54764:621-882|KLIFS:413:positions1-85	PTC001	MAPPED_BUT_NOT_DOUBLE_COLD_FROM_DAVIS
OKL2026	EPHA5	EPHA5	WT	UniProt:P54756:675-936|KLIFS:414:positions1-85	PTC001	MAPPED_BUT_NOT_DOUBLE_COLD_FROM_DAVIS
OKL2026	EPHA6	EPHA6	WT	UniProt:Q9UF33:631-944|KLIFS:423:positions1-85	PTC001	MAPPED_BUT_NOT_DOUBLE_COLD_FROM_DAVIS
OKL2026	EPHA7	EPHA7	WT	UniProt:Q15375:633-894|KLIFS:415:positions1-85	PTC001	MAPPED_BUT_NOT_DOUBLE_COLD_FROM_DAVIS
OKL2026	EPHA8	EPHA8	WT	UniProt:P29322:635-896|KLIFS:416:positions1-85	PTC001	MAPPED_BUT_NOT_DOUBLE_COLD_FROM_DAVIS
OKL2026	EPHB1	EPHB1	WT	UniProt:P54762:619-882|KLIFS:417:positions1-85	PTC001	MAPPED_BUT_NOT_DOUBLE_COLD_FROM_DAVIS
OKL2026	EPHB2	EPHB2	WT	UniProt:P29323:621-884|KLIFS:418:positions1-85	PTC001	MAPPED_BUT_NOT_DOUBLE_COLD_FROM_DAVIS
OKL2026	EPHB3	EPHB3	WT	UniProt:P54753:633-896|KLIFS:419:positions1-85	PTC001	MAPPED_BUT_NOT_DOUBLE_COLD_FROM_DAVIS
OKL2026	EPHB4	EPHB4	WT	UniProt:P54760:615-899|KLIFS:420:positions1-85	PTC001	MAPPED_BUT_NOT_DOUBLE_COLD_FROM_DAVIS
OKL2026	EPHB6	EPHB6	WT	UniProt:O15197:670-919|KLIFS:421:positions1-85	PTC001	MAPPED_BUT_NOT_DOUBLE_COLD_FROM_DAVIS
OKL2026	ERBB2	ERBB2	WT	UniProt:P04626:720-987|KLIFS:407:positions1-85	PTC001	MAPPED_BUT_NOT_DOUBLE_COLD_FROM_DAVIS
OKL2026	ERBB3	ERBB3	WT	UniProt:P21860:709-966|KLIFS:408:positions1-85	PTC001	MAPPED_BUT_NOT_DOUBLE_COLD_FROM_DAVIS
OKL2026	ERBB4	ERBB4	WT	UniProt:Q15303:718-985|KLIFS:409:positions1-85	PTC001	MAPPED_BUT_NOT_DOUBLE_COLD_FROM_DAVIS
OKL2026	ERK1	MAPK3	WT	UniProt:P27361:42-330|KLIFS:240:positions1-85	PTC001	MAPPED_BUT_NOT_DOUBLE_COLD_FROM_DAVIS
OKL2026	ERK2	MAPK1	WT	UniProt:P28482:25-313|KLIFS:239:positions1-85	PTC001	MAPPED_BUT_NOT_DOUBLE_COLD_FROM_DAVIS
OKL2026	ERK3	MAPK6	WT	UniProt:Q16659:20-316|KLIFS:242:positions1-85	PTC001	MAPPED_BUT_NOT_DOUBLE_COLD_FROM_DAVIS
OKL2026	ERK4	MAPK4	WT	UniProt:P31152:20-312|KLIFS:241:positions1-85	PTC001	MAPPED_BUT_NOT_DOUBLE_COLD_FROM_DAVIS
OKL2026	ERK5	MAPK7	WT	UniProt:Q13164:55-347|KLIFS:243:positions1-85	PTC001	MAPPED_BUT_NOT_DOUBLE_COLD_FROM_DAVIS
OKL2026	ERK8	MAPK15	WT	UniProt:Q8TD08:13-304|KLIFS:244:positions1-85	PTC001	MAPPED_BUT_NOT_DOUBLE_COLD_FROM_DAVIS
OKL2026	ERN1	ERN1	WT	UniProt:O75460:571-832|KLIFS:273:positions1-85	PTC001	MAPPED_BUT_NOT_DOUBLE_COLD_FROM_DAVIS
OKL2026	FAK	PTK2	WT	UniProt:Q05397:422-680|KLIFS:425:positions1-85	PTC001	MAPPED_BUT_NOT_DOUBLE_COLD_FROM_DAVIS
OKL2026	FER	FER	WT	UniProt:P16591:563-816|KLIFS:426:positions1-85	PTC001	MAPPED_BUT_NOT_DOUBLE_COLD_FROM_DAVIS
OKL2026	FES	FES	WT	UniProt:P07332:561-822|KLIFS:427:positions1-85	PTC001	MAPPED_BUT_NOT_DOUBLE_COLD_FROM_DAVIS
OKL2026	FGFR1	FGFR1	WT	UniProt:P11362:478-767|KLIFS:428:positions1-85	PTC001	MAPPED_BUT_NOT_DOUBLE_COLD_FROM_DAVIS
OKL2026	FGFR2	FGFR2	WT	UniProt:P21802:481-770|KLIFS:430:positions1-85	PTC001	MAPPED_BUT_NOT_DOUBLE_COLD_FROM_DAVIS
OKL2026	FGFR3	FGFR3	WT	UniProt:P22607:472-761|KLIFS:429:positions1-85	PTC001	MAPPED_BUT_NOT_DOUBLE_COLD_FROM_DAVIS
OKL2026	FGFR4	FGFR4	WT	UniProt:P22455:467-755|KLIFS:431:positions1-85	PTC001	MAPPED_BUT_NOT_DOUBLE_COLD_FROM_DAVIS
OKL2026	FGR	FGR	WT	UniProt:P09769:263-516|KLIFS:460:positions1-85	PTC001	MAPPED_BUT_NOT_DOUBLE_COLD_FROM_DAVIS
OKL2026	FLT1	FLT1	WT	UniProt:P17948:827-1158|KLIFS:483:positions1-85	PTC001	MAPPED_BUT_NOT_DOUBLE_COLD_FROM_DAVIS
OKL2026	FLT3	FLT3	WT	UniProt:P36888:610-943|KLIFS:450:positions1-85	PTC001	MAPPED_BUT_NOT_DOUBLE_COLD_FROM_DAVIS
OKL2026	FLT3-autoinhibited	FLT3	WT	UniProt:P36888:610-943|KLIFS:450:positions1-85	PTC001	MAPPED_BUT_NOT_DOUBLE_COLD_FROM_DAVIS
OKL2026	FLT4	FLT4	WT	UniProt:P35916:845-1173|KLIFS:484:positions1-85	PTC001	MAPPED_BUT_NOT_DOUBLE_COLD_FROM_DAVIS
OKL2026	FRK	FRK	WT	UniProt:P42685:234-491|KLIFS:459:positions1-85	PTC001	MAPPED_BUT_NOT_DOUBLE_COLD_FROM_DAVIS
OKL2026	FYN	FYN	WT	UniProt:P06241:271-524|KLIFS:461:positions1-85	PTC001	MAPPED_BUT_NOT_DOUBLE_COLD_FROM_DAVIS
OKL2026	GAK	GAK	WT	UniProt:O14976:40-314|KLIFS:279:positions1-85	PTC001	MAPPED_BUT_NOT_DOUBLE_COLD_FROM_DAVIS
OKL2026	GCN2(Kin.Dom.2,S808G)	EIF2AK4	WT			BLOCKED_OKL_ONLY_RECEPTOR_PROVENANCE
OKL2026	GRK1	GRK1	WT	UniProt:Q15835:190-455|KLIFS:16:positions1-85	PTC001	MAPPED_BUT_NOT_DOUBLE_COLD_FROM_DAVIS
OKL2026	GRK2	ADRBK1	WT			BLOCKED_OKL_ONLY_RECEPTOR_PROVENANCE
OKL2026	GRK3	ADRBK2	WT			BLOCKED_OKL_ONLY_RECEPTOR_PROVENANCE
OKL2026	GRK4	GRK4	WT	UniProt:P32298:187-449|KLIFS:13:positions1-85	PTC001	MAPPED_BUT_NOT_DOUBLE_COLD_FROM_DAVIS
OKL2026	GRK7	GRK7	WT	UniProt:Q8WTQ7:191-454|KLIFS:17:positions1-85	PTC001	MAPPED_BUT_NOT_DOUBLE_COLD_FROM_DAVIS
OKL2026	GSK3A	GSK3A	WT	UniProt:P49840:119-403|KLIFS:237:positions1-85	PTC001	MAPPED_BUT_NOT_DOUBLE_COLD_FROM_DAVIS
OKL2026	GSK3B	GSK3B	WT	UniProt:P49841:56-340|KLIFS:238:positions1-85	PTC001	MAPPED_BUT_NOT_DOUBLE_COLD_FROM_DAVIS
OKL2026	HASPIN	GSG2	WT			BLOCKED_OKL_ONLY_RECEPTOR_PROVENANCE
OKL2026	HCK	HCK	WT	UniProt:P08631:262-515|KLIFS:465:positions1-85	PTC001	MAPPED_BUT_NOT_DOUBLE_COLD_FROM_DAVIS
OKL2026	HIPK1	HIPK1	WT	UniProt:Q86Z02:190-518|KLIFS:235:positions1-85	PTC001	MAPPED_BUT_NOT_DOUBLE_COLD_FROM_DAVIS
OKL2026	HIPK2	HIPK2	WT	UniProt:Q9H2X6:199-527|KLIFS:233:positions1-85	PTC001	MAPPED_BUT_NOT_DOUBLE_COLD_FROM_DAVIS
OKL2026	HIPK3	HIPK3	WT	UniProt:Q9H422:197-525|KLIFS:232:positions1-85	PTC001	MAPPED_BUT_NOT_DOUBLE_COLD_FROM_DAVIS
OKL2026	HIPK4	HIPK4	WT	UniProt:Q8NE63:11-347|KLIFS:234:positions1-85	PTC001	MAPPED_BUT_NOT_DOUBLE_COLD_FROM_DAVIS
OKL2026	HPK1	MAP4K1	WT	UniProt:Q92918:17-274|KLIFS:358:positions1-85	PTC001	MAPPED_BUT_NOT_DOUBLE_COLD_FROM_DAVIS
OKL2026	HUNK	HUNK	WT	UniProt:P57058:62-320|KLIFS:122:positions1-85	PTC001	MAPPED_BUT_NOT_DOUBLE_COLD_FROM_DAVIS
OKL2026	ICK	ICK	WT	UniProt:Q9UPZ9:4-284|KLIFS:255:positions1-85	PTC004	MAPPED_BUT_NOT_DOUBLE_COLD_FROM_DAVIS
OKL2026	IGF1R	IGF1R	WT	UniProt:P08069:999-1274|KLIFS:432:positions1-85	PTC001	MAPPED_BUT_NOT_DOUBLE_COLD_FROM_DAVIS
OKL2026	IKK-alpha	CHUK	WT	UniProt:O15111:15-302|KLIFS:269:positions1-85	PTC001	MAPPED_BUT_NOT_DOUBLE_COLD_FROM_DAVIS
OKL2026	IKK-beta	IKBKB	WT	UniProt:O14920:15-300|KLIFS:270:positions1-85	PTC001	MAPPED_BUT_NOT_DOUBLE_COLD_FROM_DAVIS
OKL2026	IKK-epsilon	IKBKE	WT	UniProt:Q14164:9-315|KLIFS:271:positions1-85	PTC001	MAPPED_BUT_NOT_DOUBLE_COLD_FROM_DAVIS
OKL2026	INSR	INSR	WT	UniProt:P06213:1023-1298|KLIFS:433:positions1-85	PTC001	MAPPED_BUT_NOT_DOUBLE_COLD_FROM_DAVIS
OKL2026	INSRR	INSRR	WT	UniProt:P14616:979-1254|KLIFS:434:positions1-85	PTC001	MAPPED_BUT_NOT_DOUBLE_COLD_FROM_DAVIS
OKL2026	IRAK1	IRAK1	WT	UniProt:P51617:212-521|KLIFS:486:positions1-85	PTC001	MAPPED_BUT_NOT_DOUBLE_COLD_FROM_DAVIS
OKL2026	IRAK3	IRAK3	WT	UniProt:Q9Y616:165-452|KLIFS:488:positions1-85	PTC001	MAPPED_BUT_NOT_DOUBLE_COLD_FROM_DAVIS
OKL2026	IRAK4	IRAK4	WT	UniProt:Q9NWZ3:186-454|KLIFS:489:positions1-85	PTC001	MAPPED_BUT_NOT_DOUBLE_COLD_FROM_DAVIS
OKL2026	ITK	ITK	WT	UniProt:Q08881:363-615|KLIFS:474:positions1-85	PTC001	MAPPED_BUT_NOT_DOUBLE_COLD_FROM_DAVIS
OKL2026	JAK1(JH1domain-catalytic)	JAK1	WT	UniProt:P23458:875-1153|KLIFS:435:positions1-85	PTC001	MAPPED_BUT_NOT_DOUBLE_COLD_FROM_DAVIS
OKL2026	JAK1(JH2domain-pseudokinase)	JAK1	WT	UniProt:P23458:875-1153|KLIFS:435:positions1-85	PTC001	MAPPED_BUT_NOT_DOUBLE_COLD_FROM_DAVIS
OKL2026	JAK2(JH1domain-catalytic)	JAK2	WT	UniProt:O60674:849-1124|KLIFS:436:positions1-85	PTC001	MAPPED_BUT_NOT_DOUBLE_COLD_FROM_DAVIS
OKL2026	JAK3(JH1domain-catalytic)	JAK3	WT	UniProt:P52333:822-1111|KLIFS:437:positions1-85	PTC001	MAPPED_BUT_NOT_DOUBLE_COLD_FROM_DAVIS
OKL2026	JNK1	MAPK8	WT	UniProt:P45983:26-321|KLIFS:245:positions1-85	PTC001	MAPPED_BUT_NOT_DOUBLE_COLD_FROM_DAVIS
OKL2026	JNK2	MAPK9	WT	UniProt:P45984:26-321|KLIFS:246:positions1-85	PTC001	MAPPED_BUT_NOT_DOUBLE_COLD_FROM_DAVIS
OKL2026	JNK3	MAPK10	WT	UniProt:P53779:64-359|KLIFS:247:positions1-85	PTC001	MAPPED_BUT_NOT_DOUBLE_COLD_FROM_DAVIS
OKL2026	KIT	KIT	WT	UniProt:P10721:589-937|KLIFS:451:positions1-85	PTC001	MAPPED_BUT_NOT_DOUBLE_COLD_FROM_DAVIS
OKL2026	KIT-autoinhibited	KIT	WT	UniProt:P10721:589-937|KLIFS:451:positions1-85	PTC001	MAPPED_BUT_NOT_DOUBLE_COLD_FROM_DAVIS
OKL2026	LATS1	LATS1	WT	UniProt:O95835:705-1010|KLIFS:23:positions1-85	PTC001	MAPPED_BUT_NOT_DOUBLE_COLD_FROM_DAVIS
OKL2026	LATS2	LATS2	WT	UniProt:Q9NRM7:668-973|KLIFS:26:positions1-85	PTC001	MAPPED_BUT_NOT_DOUBLE_COLD_FROM_DAVIS
OKL2026	LCK	LCK	WT	UniProt:P06239:245-498|KLIFS:466:positions1-85	PTC001	MAPPED_BUT_NOT_DOUBLE_COLD_FROM_DAVIS
OKL2026	LIMK1	LIMK1	WT	UniProt:P53667:339-604|KLIFS:490:positions1-85	PTC001	MAPPED_BUT_NOT_DOUBLE_COLD_FROM_DAVIS
OKL2026	LIMK2	LIMK2	WT	UniProt:P53671:331-608|KLIFS:491:positions1-85	PTC001	MAPPED_BUT_NOT_DOUBLE_COLD_FROM_DAVIS
OKL2026	LKB1	STK11	WT	UniProt:Q15831:49-309|KLIFS:123:positions1-85	PTC001	MAPPED_BUT_NOT_DOUBLE_COLD_FROM_DAVIS
OKL2026	LOK	STK10	WT	UniProt:O94804:36-294|KLIFS:373:positions1-85	PTC001	MAPPED_BUT_NOT_DOUBLE_COLD_FROM_DAVIS
OKL2026	LRRK2	LRRK2	WT	UniProt:Q5S007:1879-2138|KLIFS:495:positions1-85	PTC007	MAPPED_BUT_NOT_DOUBLE_COLD_FROM_DAVIS
OKL2026	LTK	LTK	WT	UniProt:P29376:510-786|KLIFS:397:positions1-85	PTC001	MAPPED_BUT_NOT_DOUBLE_COLD_FROM_DAVIS
OKL2026	LYN	LYN	WT	UniProt:P07948:247-501|KLIFS:467:positions1-85	PTC001	MAPPED_BUT_NOT_DOUBLE_COLD_FROM_DAVIS
OKL2026	LZK	MAP3K13	WT	UniProt:O43283:168-409|KLIFS:499:positions1-85	PTC001	MAPPED_BUT_NOT_DOUBLE_COLD_FROM_DAVIS
OKL2026	MAK	MAK	WT	UniProt:P20794:4-284|KLIFS:253:positions1-85	PTC004	MAPPED_BUT_NOT_DOUBLE_COLD_FROM_DAVIS
OKL2026	MAP3K1	MAP3K1	WT	UniProt:Q13233:1243-1508|KLIFS:348:positions1-85	PTC001	MAPPED_BUT_NOT_DOUBLE_COLD_FROM_DAVIS
OKL2026	MAP3K15	MAP3K15	WT	UniProt:Q6ZN16:652-908|KLIFS:347:positions1-85	PTC001	MAPPED_BUT_NOT_DOUBLE_COLD_FROM_DAVIS
OKL2026	MAP3K2	MAP3K2	WT	UniProt:Q9Y2U5:357-617|KLIFS:351:positions1-85	PTC001	MAPPED_BUT_NOT_DOUBLE_COLD_FROM_DAVIS
OKL2026	MAP3K3	MAP3K3	WT	UniProt:Q99759:362-622|KLIFS:350:positions1-85	PTC001	MAPPED_BUT_NOT_DOUBLE_COLD_FROM_DAVIS
OKL2026	MAP3K4	MAP3K4	WT	UniProt:Q9Y6R4:1343-1601|KLIFS:352:positions1-85	PTC001	MAPPED_BUT_NOT_DOUBLE_COLD_FROM_DAVIS
OKL2026	MAP4K2	MAP4K2	WT	UniProt:Q12851:16-273|KLIFS:1105:positions1-85	PTC001	MAPPED_BUT_NOT_DOUBLE_COLD_FROM_DAVIS
OKL2026	MAP4K3	MAP4K3	WT	UniProt:Q8IVH8:16-273|KLIFS:356:positions1-85	PTC001	MAPPED_BUT_NOT_DOUBLE_COLD_FROM_DAVIS
OKL2026	MAP4K4	MAP4K4	WT	UniProt:O95819:25-289|KLIFS:359:positions1-85	PTC001	MAPPED_BUT_NOT_DOUBLE_COLD_FROM_DAVIS
OKL2026	MAP4K5	MAP4K5	WT	UniProt:Q9Y4K4:20-277|KLIFS:357:positions1-85	PTC001	MAPPED_BUT_NOT_DOUBLE_COLD_FROM_DAVIS
OKL2026	MAPKAPK2	MAPKAPK2	WT	UniProt:P49137:64-325|KLIFS:150:positions1-85	PTC001	MAPPED_BUT_NOT_DOUBLE_COLD_FROM_DAVIS
OKL2026	MAPKAPK5	MAPKAPK5	WT	UniProt:Q8IW41:22-304|KLIFS:149:positions1-85	PTC001	MAPPED_BUT_NOT_DOUBLE_COLD_FROM_DAVIS
OKL2026	MARK1	MARK1	WT	UniProt:Q9P0L2:60-311|KLIFS:125:positions1-85	PTC001	MAPPED_BUT_NOT_DOUBLE_COLD_FROM_DAVIS
OKL2026	MARK2	MARK2	WT	UniProt:Q7KZI7:53-304|KLIFS:124:positions1-85	PTC001	MAPPED_BUT_NOT_DOUBLE_COLD_FROM_DAVIS
OKL2026	MARK3	MARK3	WT	UniProt:P27448:56-307|KLIFS:126:positions1-85	PTC001	MAPPED_BUT_NOT_DOUBLE_COLD_FROM_DAVIS
OKL2026	MARK4	MARK4	WT	UniProt:Q96L34:59-310|KLIFS:127:positions1-85	PTC001	MAPPED_BUT_NOT_DOUBLE_COLD_FROM_DAVIS
OKL2026	MAST1	MAST1	WT	UniProt:Q9Y2H9:374-647|KLIFS:18:positions1-85	PTC001	MAPPED_BUT_NOT_DOUBLE_COLD_FROM_DAVIS
OKL2026	MEK1	MAP2K1	WT	UniProt:Q02750:68-361|KLIFS:383:positions1-85	PTC001	MAPPED_BUT_NOT_DOUBLE_COLD_FROM_DAVIS
OKL2026	MEK2	MAP2K2	WT	UniProt:P36507:72-369|KLIFS:384:positions1-85	PTC001	MAPPED_BUT_NOT_DOUBLE_COLD_FROM_DAVIS
OKL2026	MEK3	MAP2K3	WT	UniProt:P46734:64-325|KLIFS:385:positions1-85	PTC001	MAPPED_BUT_NOT_DOUBLE_COLD_FROM_DAVIS
OKL2026	MEK4	MAP2K4	WT	UniProt:P45985:102-367|KLIFS:387:positions1-85	PTC001	MAPPED_BUT_NOT_DOUBLE_COLD_FROM_DAVIS
OKL2026	MEK5	MAP2K5	WT	UniProt:Q13163:166-409|KLIFS:388:positions1-85	PTC001	MAPPED_BUT_NOT_DOUBLE_COLD_FROM_DAVIS
OKL2026	MEK6	MAP2K6	WT	UniProt:P52564:53-314|KLIFS:386:positions1-85	PTC001	MAPPED_BUT_NOT_DOUBLE_COLD_FROM_DAVIS
OKL2026	MELK	MELK	WT	UniProt:Q14680:11-263|KLIFS:128:positions1-85	PTC001	MAPPED_BUT_NOT_DOUBLE_COLD_FROM_DAVIS
OKL2026	MERTK	MERTK	WT	UniProt:Q12866:587-858|KLIFS:400:positions1-85	PTC001	MAPPED_BUT_NOT_DOUBLE_COLD_FROM_DAVIS
OKL2026	MET	MET	WT	UniProt:P08581:1078-1345|KLIFS:446:positions1-85	PTC001	MAPPED_BUT_NOT_DOUBLE_COLD_FROM_DAVIS
OKL2026	MINK	MINK1	WT	UniProt:Q8N4C8:25-289|KLIFS:362:positions1-85	PTC001	MAPPED_BUT_NOT_DOUBLE_COLD_FROM_DAVIS
OKL2026	MKK7	MAP2K7	WT	UniProt:O14733:120-380|KLIFS:389:positions1-85	PTC001	MAPPED_BUT_NOT_DOUBLE_COLD_FROM_DAVIS
OKL2026	MKNK1	MKNK1	WT	UniProt:Q9BUB5:49-374|KLIFS:152:positions1-85	PTC001	MAPPED_BUT_NOT_DOUBLE_COLD_FROM_DAVIS
OKL2026	MKNK2	MKNK2	WT	UniProt:Q9HBH9:84-388|KLIFS:151:positions1-85	PTC001	MAPPED_BUT_NOT_DOUBLE_COLD_FROM_DAVIS
OKL2026	MLCK	MYLK3	WT	UniProt:Q32MK0:515-770|KLIFS:156:positions1-85	PTC005	MAPPED_BUT_NOT_DOUBLE_COLD_FROM_DAVIS
OKL2026	MLK1	MAP3K9	WT	UniProt:P80192:144-412|KLIFS:500:positions1-85	PTC001	MAPPED_BUT_NOT_DOUBLE_COLD_FROM_DAVIS
OKL2026	MLK2	MAP3K10	WT	UniProt:Q02779:98-360|KLIFS:501:positions1-85	PTC001	MAPPED_BUT_NOT_DOUBLE_COLD_FROM_DAVIS
OKL2026	MLK3	MAP3K11	WT	UniProt:Q16584:117-379|KLIFS:502:positions1-85	PTC001	MAPPED_BUT_NOT_DOUBLE_COLD_FROM_DAVIS
OKL2026	MRCKA	CDC42BPA	WT	UniProt:Q5VT25:77-343|KLIFS:6:positions1-85	PTC001	MAPPED_BUT_NOT_DOUBLE_COLD_FROM_DAVIS
OKL2026	MRCKB	CDC42BPB	WT	UniProt:Q9Y5S2:76-342|KLIFS:7:positions1-85	PTC001	MAPPED_BUT_NOT_DOUBLE_COLD_FROM_DAVIS
OKL2026	MST1	STK4	WT	UniProt:Q13043:30-281|KLIFS:364:positions1-85	PTC001	MAPPED_BUT_NOT_DOUBLE_COLD_FROM_DAVIS
OKL2026	MST1R	MST1R	WT	UniProt:Q04912:1082-1345|KLIFS:447:positions1-85	PTC001	MAPPED_BUT_NOT_DOUBLE_COLD_FROM_DAVIS
OKL2026	MST2	STK3	WT	UniProt:Q13188:27-278|KLIFS:363:positions1-85	PTC001	MAPPED_BUT_NOT_DOUBLE_COLD_FROM_DAVIS
OKL2026	MST3	STK24	WT	UniProt:Q9Y6E0:36-286|KLIFS:380:positions1-85	PTC001	MAPPED_BUT_NOT_DOUBLE_COLD_FROM_DAVIS
OKL2026	MST4	MST4	WT			BLOCKED_OKL_ONLY_RECEPTOR_PROVENANCE
OKL2026	MTOR	MTOR	WT			BLOCKED_OKL_ONLY_RECEPTOR_PROVENANCE
OKL2026	MUSK	MUSK	WT	UniProt:O15146:575-856|KLIFS:448:positions1-85	PTC002	MAPPED_BUT_NOT_DOUBLE_COLD_FROM_DAVIS
OKL2026	MYLK	MYLK	WT	UniProt:Q15746:1464-1719|KLIFS:153:positions1-85	PTC005	MAPPED_BUT_NOT_DOUBLE_COLD_FROM_DAVIS
OKL2026	MYLK2	MYLK2	WT	UniProt:Q9H1R3:285-540|KLIFS:155:positions1-85	PTC005	MAPPED_BUT_NOT_DOUBLE_COLD_FROM_DAVIS
OKL2026	MYLK4	MYLK4	WT	UniProt:Q86YV6:106-361|KLIFS:157:positions1-85	PTC005	MAPPED_BUT_NOT_DOUBLE_COLD_FROM_DAVIS
OKL2026	MYO3A	MYO3A	WT	UniProt:Q8NEV4:21-287|KLIFS:365:positions1-85	PTC001	MAPPED_BUT_NOT_DOUBLE_COLD_FROM_DAVIS
OKL2026	MYO3B	MYO3B	WT	UniProt:Q8WXR4:27-293|KLIFS:366:positions1-85	PTC001	MAPPED_BUT_NOT_DOUBLE_COLD_FROM_DAVIS
OKL2026	NDR1	STK38	WT	UniProt:Q15208:89-382|KLIFS:24:positions1-85	PTC001	MAPPED_BUT_NOT_DOUBLE_COLD_FROM_DAVIS
OKL2026	NDR2	STK38L	WT	UniProt:Q9Y2H1:90-383|KLIFS:25:positions1-85	PTC001	MAPPED_BUT_NOT_DOUBLE_COLD_FROM_DAVIS
OKL2026	NEK1	NEK1	WT	UniProt:Q96PY6:4-258|KLIFS:281:positions1-85	PTC001	MAPPED_BUT_NOT_DOUBLE_COLD_FROM_DAVIS
OKL2026	NEK10	NEK10	WT			BLOCKED_OKL_ONLY_RECEPTOR_PROVENANCE
OKL2026	NEK11	NEK11	WT	UniProt:Q8NG66:29-287|KLIFS:285:positions1-85	PTC001	MAPPED_BUT_NOT_DOUBLE_COLD_FROM_DAVIS
OKL2026	NEK2	NEK2	WT	UniProt:P51955:8-271|KLIFS:286:positions1-85	PTC001	MAPPED_BUT_NOT_DOUBLE_COLD_FROM_DAVIS
OKL2026	NEK3	NEK3	WT	UniProt:P51956:4-257|KLIFS:282:positions1-85	PTC001	MAPPED_BUT_NOT_DOUBLE_COLD_FROM_DAVIS
OKL2026	NEK4	NEK4	WT	UniProt:P51957:6-261|KLIFS:287:positions1-85	PTC001	MAPPED_BUT_NOT_DOUBLE_COLD_FROM_DAVIS
OKL2026	NEK5	NEK5	WT	UniProt:Q6P3R8:4-259|KLIFS:283:positions1-85	PTC001	MAPPED_BUT_NOT_DOUBLE_COLD_FROM_DAVIS
OKL2026	NEK6	NEK6	WT	UniProt:Q9HC98:45-310|KLIFS:288:positions1-85	PTC001	MAPPED_BUT_NOT_DOUBLE_COLD_FROM_DAVIS
OKL2026	NEK7	NEK7	WT	UniProt:Q8TDX7:34-299|KLIFS:289:positions1-85	PTC001	MAPPED_BUT_NOT_DOUBLE_COLD_FROM_DAVIS
OKL2026	NEK9	NEK9	WT	UniProt:Q8TD19:52-308|KLIFS:290:positions1-85	PTC001	MAPPED_BUT_NOT_DOUBLE_COLD_FROM_DAVIS
OKL2026	NIK	MAP3K14	WT			BLOCKED_OKL_ONLY_RECEPTOR_PROVENANCE
OKL2026	NIM1	MGC42105	WT			BLOCKED_OKL_ONLY_RECEPTOR_PROVENANCE
OKL2026	NLK	NLK	WT	UniProt:Q9UBE8:138-427|KLIFS:248:positions1-85	PTC001	MAPPED_BUT_NOT_DOUBLE_COLD_FROM_DAVIS
OKL2026	OSR1	OXSR1	WT	UniProt:O95747:17-291|KLIFS:353:positions1-85	PTC001	MAPPED_BUT_NOT_DOUBLE_COLD_FROM_DAVIS
OKL2026	PAK1	PAK1	WT	UniProt:Q13153:270-521|KLIFS:367:positions1-85	PTC001	MAPPED_BUT_NOT_DOUBLE_COLD_FROM_DAVIS
OKL2026	PAK2	PAK2	WT	UniProt:Q13177:249-499|KLIFS:368:positions1-85	PTC001	MAPPED_BUT_NOT_DOUBLE_COLD_FROM_DAVIS
OKL2026	PAK3	PAK3	WT	UniProt:O75914:283-534|KLIFS:369:positions1-85	PTC001	MAPPED_BUT_NOT_DOUBLE_COLD_FROM_DAVIS
OKL2026	PAK4	PAK4	WT	UniProt:O96013:321-572|KLIFS:370:positions1-85	PTC001	MAPPED_BUT_NOT_DOUBLE_COLD_FROM_DAVIS
OKL2026	PAK6	PAK6	WT	UniProt:Q9NQU5:407-658|KLIFS:371:positions1-85	PTC001	MAPPED_BUT_NOT_DOUBLE_COLD_FROM_DAVIS
OKL2026	PAK7	PAK7	WT			BLOCKED_OKL_ONLY_RECEPTOR_PROVENANCE
OKL2026	PCTK1	CDK16	WT			BLOCKED_OKL_ONLY_RECEPTOR_PROVENANCE
OKL2026	PCTK2	CDK17	WT			BLOCKED_OKL_ONLY_RECEPTOR_PROVENANCE
OKL2026	PCTK3	CDK18	WT			BLOCKED_OKL_ONLY_RECEPTOR_PROVENANCE
OKL2026	PDGFRA	PDGFRA	WT	UniProt:P16234:593-954|KLIFS:452:positions1-85	PTC001	MAPPED_BUT_NOT_DOUBLE_COLD_FROM_DAVIS
OKL2026	PDGFRB	PDGFRB	WT	UniProt:P09619:600-962|KLIFS:453:positions1-85	PTC001	MAPPED_BUT_NOT_DOUBLE_COLD_FROM_DAVIS
OKL2026	PDPK1	PDPK1	WT	UniProt:O15530:82-342|KLIFS:27:positions1-85	PTC001	MAPPED_BUT_NOT_DOUBLE_COLD_FROM_DAVIS
OKL2026	PFTAIRE2	CDK15	WT			BLOCKED_OKL_ONLY_RECEPTOR_PROVENANCE
OKL2026	PFTK1	CDK14	WT			BLOCKED_OKL_ONLY_RECEPTOR_PROVENANCE
OKL2026	PHKG1	PHKG1	WT	UniProt:Q16816:20-288|KLIFS:158:positions1-85	PTC001	MAPPED_BUT_NOT_DOUBLE_COLD_FROM_DAVIS
OKL2026	PHKG2	PHKG2	WT	UniProt:P15735:24-291|KLIFS:159:positions1-85	PTC001	MAPPED_BUT_NOT_DOUBLE_COLD_FROM_DAVIS
OKL2026	PIK3C2B	PIK3C2B	WT			BLOCKED_OKL_ONLY_RECEPTOR_PROVENANCE
OKL2026	PIK3C2G	PIK3C2G	WT			BLOCKED_OKL_ONLY_RECEPTOR_PROVENANCE
OKL2026	PIK3CA	PIK3CA	WT			BLOCKED_OKL_ONLY_RECEPTOR_PROVENANCE
OKL2026	PIK3CB	PIK3CB	WT			BLOCKED_OKL_ONLY_RECEPTOR_PROVENANCE
OKL2026	PIK3CD	PIK3CD	WT			BLOCKED_OKL_ONLY_RECEPTOR_PROVENANCE
OKL2026	PIK3CG	PIK3CG	WT			BLOCKED_OKL_ONLY_RECEPTOR_PROVENANCE
OKL2026	PIK4CB	PI4KB	WT			BLOCKED_OKL_ONLY_RECEPTOR_PROVENANCE
OKL2026	PIKFYVE	PIKFYVE	WT			BLOCKED_OKL_ONLY_RECEPTOR_PROVENANCE
OKL2026	PIM1	PIM1	WT	UniProt:P11309:38-290|KLIFS:160:positions1-85	PTC001	MAPPED_BUT_NOT_DOUBLE_COLD_FROM_DAVIS
OKL2026	PIM2	PIM2	WT	UniProt:Q9P1W9:32-286|KLIFS:161:positions1-85	PTC001	MAPPED_BUT_NOT_DOUBLE_COLD_FROM_DAVIS
OKL2026	PIM3	PIM3	WT	UniProt:Q86V86:40-293|KLIFS:162:positions1-85	PTC001	MAPPED_BUT_NOT_DOUBLE_COLD_FROM_DAVIS
OKL2026	PIP5K1A	PIP5K1A	WT			BLOCKED_OKL_ONLY_RECEPTOR_PROVENANCE
OKL2026	PIP5K1C	PIP5K1C	WT			BLOCKED_OKL_ONLY_RECEPTOR_PROVENANCE
OKL2026	PIP5K2B	PIP4K2B	WT			BLOCKED_OKL_ONLY_RECEPTOR_PROVENANCE
OKL2026	PIP5K2C	PIP4K2C	WT			BLOCKED_OKL_ONLY_RECEPTOR_PROVENANCE
OKL2026	PKAC-alpha	PRKACA	WT	UniProt:P17612:44-298|KLIFS:28:positions1-85	PTC001	MAPPED_BUT_NOT_DOUBLE_COLD_FROM_DAVIS
OKL2026	PKAC-beta	PRKACB	WT	UniProt:P22694:44-298|KLIFS:29:positions1-85	PTC001	MAPPED_BUT_NOT_DOUBLE_COLD_FROM_DAVIS
OKL2026	PKMYT1	PKMYT1	WT	UniProt:Q99640:110-359|KLIFS:334:positions1-85	PTC001	MAPPED_BUT_NOT_DOUBLE_COLD_FROM_DAVIS
OKL2026	PKN1	PKN1	WT	UniProt:Q16512:615-874|KLIFS:44:positions1-85	PTC001	MAPPED_BUT_NOT_DOUBLE_COLD_FROM_DAVIS
OKL2026	PKN2	PKN2	WT	UniProt:Q16513:657-916|KLIFS:45:positions1-85	PTC001	MAPPED_BUT_NOT_DOUBLE_COLD_FROM_DAVIS
OKL2026	PLK1	PLK1	WT	UniProt:P53350:53-305|KLIFS:311:positions1-85	PTC001	MAPPED_BUT_NOT_DOUBLE_COLD_FROM_DAVIS
OKL2026	PLK2	PLK2	WT	UniProt:Q9NYY3:82-334|KLIFS:313:positions1-85	PTC001	MAPPED_BUT_NOT_DOUBLE_COLD_FROM_DAVIS
OKL2026	PLK3	PLK3	WT	UniProt:Q9H4B4:62-314|KLIFS:312:positions1-85	PTC001	MAPPED_BUT_NOT_DOUBLE_COLD_FROM_DAVIS
OKL2026	PLK4	PLK4	WT	UniProt:O00444:12-265|KLIFS:314:positions1-85	PTC001	MAPPED_BUT_NOT_DOUBLE_COLD_FROM_DAVIS
OKL2026	PRKCD	PRKCD	WT	UniProt:Q05655:349-603|KLIFS:36:positions1-85	PTC001	MAPPED_BUT_NOT_DOUBLE_COLD_FROM_DAVIS
OKL2026	PRKCE	PRKCE	WT	UniProt:Q02156:408-668|KLIFS:38:positions1-85	PTC001	MAPPED_BUT_NOT_DOUBLE_COLD_FROM_DAVIS
OKL2026	PRKCH	PRKCH	WT	UniProt:P24723:355-614|KLIFS:39:positions1-85	PTC001	MAPPED_BUT_NOT_DOUBLE_COLD_FROM_DAVIS
OKL2026	PRKCI	PRKCI	WT	UniProt:P41743:254-522|KLIFS:40:positions1-85	PTC001	MAPPED_BUT_NOT_DOUBLE_COLD_FROM_DAVIS
OKL2026	PRKCQ	PRKCQ	WT	UniProt:Q04759:380-634|KLIFS:37:positions1-85	PTC001	MAPPED_BUT_NOT_DOUBLE_COLD_FROM_DAVIS
OKL2026	PRKD1	PRKD1	WT	UniProt:Q15139:583-839|KLIFS:163:positions1-85	PTC003	MAPPED_BUT_NOT_DOUBLE_COLD_FROM_DAVIS
OKL2026	PRKD2	PRKD2	WT	UniProt:Q9BZL6:551-807|KLIFS:165:positions1-85	PTC003	MAPPED_BUT_NOT_DOUBLE_COLD_FROM_DAVIS
OKL2026	PRKD3	PRKD3	WT	UniProt:O94806:576-832|KLIFS:164:positions1-85	PTC003	MAPPED_BUT_NOT_DOUBLE_COLD_FROM_DAVIS
OKL2026	PRKG1	PRKG1	WT	UniProt:Q13976:360-619|KLIFS:42:positions1-85	PTC001	MAPPED_BUT_NOT_DOUBLE_COLD_FROM_DAVIS
OKL2026	PRKG2	PRKG2	WT	UniProt:Q13237:453-711|KLIFS:43:positions1-85	PTC001	MAPPED_BUT_NOT_DOUBLE_COLD_FROM_DAVIS
OKL2026	PRKR	EIF2AK2	WT	UniProt:P19525:267-538|KLIFS:310:positions1-85	PTC001	MAPPED_BUT_NOT_DOUBLE_COLD_FROM_DAVIS
OKL2026	PRKX	PRKX	WT	UniProt:P51817:49-303|KLIFS:31:positions1-85	PTC001	MAPPED_BUT_NOT_DOUBLE_COLD_FROM_DAVIS
OKL2026	PRP4	PRPF4B	WT	UniProt:Q13523:687-1006|KLIFS:236:positions1-85	PTC001	MAPPED_BUT_NOT_DOUBLE_COLD_FROM_DAVIS
OKL2026	PYK2	PTK2B	WT	UniProt:Q14289:425-683|KLIFS:424:positions1-85	PTC001	MAPPED_BUT_NOT_DOUBLE_COLD_FROM_DAVIS
OKL2026	QSK	KIAA0999	WT			BLOCKED_OKL_ONLY_RECEPTOR_PROVENANCE
OKL2026	RAF1	RAF1	WT	UniProt:P04049:349-609|KLIFS:510:positions1-85	PTC001	MAPPED_BUT_NOT_DOUBLE_COLD_FROM_DAVIS
OKL2026	RET	RET	WT	UniProt:P07949:724-1016|KLIFS:454:positions1-85	PTC001	MAPPED_BUT_NOT_DOUBLE_COLD_FROM_DAVIS
OKL2026	RIOK1	RIOK1	WT			BLOCKED_OKL_ONLY_RECEPTOR_PROVENANCE
OKL2026	RIOK2	RIOK2	WT			BLOCKED_OKL_ONLY_RECEPTOR_PROVENANCE
OKL2026	RIOK3	RIOK3	WT			BLOCKED_OKL_ONLY_RECEPTOR_PROVENANCE
OKL2026	RIPK1	RIPK1	WT	UniProt:Q13546:17-289|KLIFS:511:positions1-85	PTC001	MAPPED_BUT_NOT_DOUBLE_COLD_FROM_DAVIS
OKL2026	RIPK2	RIPK2	WT	UniProt:O43353:18-294|KLIFS:512:positions1-85	PTC001	MAPPED_BUT_NOT_DOUBLE_COLD_FROM_DAVIS
OKL2026	RIPK4	RIPK4	WT	UniProt:P57078:22-286|KLIFS:514:positions1-85	PTC001	MAPPED_BUT_NOT_DOUBLE_COLD_FROM_DAVIS
OKL2026	RIPK5	DSTYK	WT			BLOCKED_OKL_ONLY_RECEPTOR_PROVENANCE
OKL2026	ROCK1	ROCK1	WT	UniProt:Q13464:76-338|KLIFS:9:positions1-85	PTC001	MAPPED_BUT_NOT_DOUBLE_COLD_FROM_DAVIS
OKL2026	ROCK2	ROCK2	WT	UniProt:O75116:92-354|KLIFS:10:positions1-85	PTC001	MAPPED_BUT_NOT_DOUBLE_COLD_FROM_DAVIS
OKL2026	ROS1	ROS1	WT	UniProt:P08922:1945-2222|KLIFS:458:positions1-85	PTC001	MAPPED_BUT_NOT_DOUBLE_COLD_FROM_DAVIS
OKL2026	RPS6KA4(Kin.Dom.1-N-terminal)	RPS6KA4	WT	UniProt:O75676:33-301|KLIFS:47:positions1-85	PTC001	MAPPED_BUT_NOT_DOUBLE_COLD_FROM_DAVIS
OKL2026	RPS6KA4(Kin.Dom.2-C-terminal)	RPS6KA4	WT	UniProt:O75676:33-301|KLIFS:47:positions1-85	PTC001	MAPPED_BUT_NOT_DOUBLE_COLD_FROM_DAVIS
OKL2026	RPS6KA5(Kin.Dom.1-N-terminal)	RPS6KA5	WT	UniProt:O75582:49-318|KLIFS:49:positions1-85	PTC001	MAPPED_BUT_NOT_DOUBLE_COLD_FROM_DAVIS
OKL2026	RPS6KA5(Kin.Dom.2-C-terminal)	RPS6KA5	WT	UniProt:O75582:49-318|KLIFS:49:positions1-85	PTC001	MAPPED_BUT_NOT_DOUBLE_COLD_FROM_DAVIS
OKL2026	RSK1(Kin.Dom.1-N-terminal)	RPS6KA1	WT	UniProt:Q15418:62-321|KLIFS:54:positions1-85	PTC001	MAPPED_BUT_NOT_DOUBLE_COLD_FROM_DAVIS
OKL2026	RSK1(Kin.Dom.2-C-terminal)	RPS6KA1	WT	UniProt:Q15418:62-321|KLIFS:54:positions1-85	PTC001	MAPPED_BUT_NOT_DOUBLE_COLD_FROM_DAVIS
OKL2026	RSK2(Kin.Dom.1-N-terminal)	RPS6KA3	WT	UniProt:P51812:68-327|KLIFS:55:positions1-85	PTC001	MAPPED_BUT_NOT_DOUBLE_COLD_FROM_DAVIS
OKL2026	RSK2(Kin.Dom.2-C-terminal)	RPS6KA3	WT	UniProt:P51812:68-327|KLIFS:55:positions1-85	PTC001	MAPPED_BUT_NOT_DOUBLE_COLD_FROM_DAVIS
OKL2026	RSK3(Kin.Dom.1-N-terminal)	RPS6KA2	WT	UniProt:Q15349:59-318|KLIFS:53:positions1-85	PTC001	MAPPED_BUT_NOT_DOUBLE_COLD_FROM_DAVIS
OKL2026	RSK3(Kin.Dom.2-C-terminal)	RPS6KA2	WT	UniProt:Q15349:59-318|KLIFS:53:positions1-85	PTC001	MAPPED_BUT_NOT_DOUBLE_COLD_FROM_DAVIS
OKL2026	RSK4(Kin.Dom.1-N-terminal)	RPS6KA6	WT	UniProt:Q9UK32:73-330|KLIFS:56:positions1-85	PTC001	MAPPED_BUT_NOT_DOUBLE_COLD_FROM_DAVIS
OKL2026	RSK4(Kin.Dom.2-C-terminal)	RPS6KA6	WT	UniProt:Q9UK32:73-330|KLIFS:56:positions1-85	PTC001	MAPPED_BUT_NOT_DOUBLE_COLD_FROM_DAVIS
OKL2026	S6K1	RPS6KB1	WT	UniProt:P23443:91-352|KLIFS:51:positions1-85	PTC001	MAPPED_BUT_NOT_DOUBLE_COLD_FROM_DAVIS
OKL2026	SBK1	SBK1	WT	UniProt:Q52WX2:53-318|KLIFS:292:positions1-85	PTC006	MAPPED_BUT_NOT_DOUBLE_COLD_FROM_DAVIS
OKL2026	SGK	SGK1	WT			BLOCKED_OKL_ONLY_RECEPTOR_PROVENANCE
OKL2026	SGK2	SGK2	WT			BLOCKED_OKL_ONLY_RECEPTOR_PROVENANCE
OKL2026	SGK3	SGK3	WT	UniProt:Q96BR1:162-419|KLIFS:66:positions1-85	PTC001	MAPPED_BUT_NOT_DOUBLE_COLD_FROM_DAVIS
OKL2026	SIK	SIK1	WT	UniProt:P57059:27-278|KLIFS:135:positions1-85	PTC001	MAPPED_BUT_NOT_DOUBLE_COLD_FROM_DAVIS
OKL2026	SIK2	SIK2	WT	UniProt:Q9H0K1:20-271|KLIFS:133:positions1-85	PTC001	MAPPED_BUT_NOT_DOUBLE_COLD_FROM_DAVIS
OKL2026	SLK	SLK	WT	UniProt:Q9H2G2:34-292|KLIFS:374:positions1-85	PTC001	MAPPED_BUT_NOT_DOUBLE_COLD_FROM_DAVIS
OKL2026	SNARK	NUAK2	WT	UniProt:Q9H093:53-303|KLIFS:131:positions1-85	PTC001	MAPPED_BUT_NOT_DOUBLE_COLD_FROM_DAVIS
OKL2026	SNRK	SNRK	WT	UniProt:Q9NRH2:16-269|KLIFS:136:positions1-85	PTC001	MAPPED_BUT_NOT_DOUBLE_COLD_FROM_DAVIS
OKL2026	SRC	SRC	WT	UniProt:P12931:270-523|KLIFS:462:positions1-85	PTC001	MAPPED_BUT_NOT_DOUBLE_COLD_FROM_DAVIS
OKL2026	SRMS	SRMS	WT	UniProt:Q9H3Y6:230-488|KLIFS:469:positions1-85	PTC001	MAPPED_BUT_NOT_DOUBLE_COLD_FROM_DAVIS
OKL2026	SRPK1	SRPK1	WT	UniProt:Q96SB4:80-653|KLIFS:256:positions1-85	PTC001	MAPPED_BUT_NOT_DOUBLE_COLD_FROM_DAVIS
OKL2026	SRPK2	SRPK2	WT	UniProt:P78362:81-684|KLIFS:257:positions1-85	PTC001	MAPPED_BUT_NOT_DOUBLE_COLD_FROM_DAVIS
OKL2026	SRPK3	SRPK3	WT	UniProt:Q9UPE1:79-565|KLIFS:258:positions1-85	PTC001	MAPPED_BUT_NOT_DOUBLE_COLD_FROM_DAVIS
OKL2026	STK16	STK16	WT	UniProt:O75716:20-293|KLIFS:280:positions1-85	PTC001	MAPPED_BUT_NOT_DOUBLE_COLD_FROM_DAVIS
OKL2026	STK33	STK33	WT	UniProt:Q9BYT3:116-381|KLIFS:137:positions1-85	PTC010	MAPPED_BUT_NOT_DOUBLE_COLD_FROM_DAVIS
OKL2026	STK35	STK35	WT	UniProt:Q8TDR2:202-530|KLIFS:298:positions1-85	PTC008	MAPPED_BUT_NOT_DOUBLE_COLD_FROM_DAVIS
OKL2026	STK36	STK36	WT	UniProt:Q9NRP7:4-254|KLIFS:327:positions1-85	PTC001	MAPPED_BUT_NOT_DOUBLE_COLD_FROM_DAVIS
OKL2026	STK39	STK39	WT	UniProt:Q9UEW8:63-337|KLIFS:354:positions1-85	PTC001	MAPPED_BUT_NOT_DOUBLE_COLD_FROM_DAVIS
OKL2026	SYK	SYK	WT	UniProt:P43405:371-631|KLIFS:470:positions1-85	PTC001	MAPPED_BUT_NOT_DOUBLE_COLD_FROM_DAVIS
OKL2026	SgK110	SgK110	WT			BLOCKED_OKL_ONLY_RECEPTOR_PROVENANCE
OKL2026	TAK1	MAP3K7	WT	UniProt:O43318:36-291|KLIFS:504:positions1-85	PTC001	MAPPED_BUT_NOT_DOUBLE_COLD_FROM_DAVIS
OKL2026	TAOK1	TAOK1	WT	UniProt:Q7L7X3:28-281|KLIFS:379:positions1-85	PTC001	MAPPED_BUT_NOT_DOUBLE_COLD_FROM_DAVIS
OKL2026	TAOK2	TAOK2	WT	UniProt:Q9UL54:28-281|KLIFS:377:positions1-85	PTC001	MAPPED_BUT_NOT_DOUBLE_COLD_FROM_DAVIS
OKL2026	TAOK3	TAOK3	WT	UniProt:Q9H2K8:24-277|KLIFS:378:positions1-85	PTC001	MAPPED_BUT_NOT_DOUBLE_COLD_FROM_DAVIS
OKL2026	TBK1	TBK1	WT	UniProt:Q9UHD2:9-310|KLIFS:272:positions1-85	PTC001	MAPPED_BUT_NOT_DOUBLE_COLD_FROM_DAVIS
OKL2026	TEC	TEC	WT	UniProt:P42680:370-623|KLIFS:475:positions1-85	PTC001	MAPPED_BUT_NOT_DOUBLE_COLD_FROM_DAVIS
OKL2026	TESK1	TESK1	WT	UniProt:Q15569:57-314|KLIFS:492:positions1-85	PTC001	MAPPED_BUT_NOT_DOUBLE_COLD_FROM_DAVIS
OKL2026	TGFBR1	TGFBR1	WT	UniProt:P36897:205-495|KLIFS:521:positions1-85	PTC001	MAPPED_BUT_NOT_DOUBLE_COLD_FROM_DAVIS
OKL2026	TGFBR2	TGFBR2	WT	UniProt:P37173:244-544|KLIFS:527:positions1-85	PTC001	MAPPED_BUT_NOT_DOUBLE_COLD_FROM_DAVIS
OKL2026	TIE1	TIE1	WT	UniProt:P35590:839-1118|KLIFS:478:positions1-85	PTC001	MAPPED_BUT_NOT_DOUBLE_COLD_FROM_DAVIS
OKL2026	TIE2	TEK	WT	UniProt:Q02763:824-1096|KLIFS:477:positions1-85	PTC001	MAPPED_BUT_NOT_DOUBLE_COLD_FROM_DAVIS
OKL2026	TLK1	TLK1	WT	UniProt:Q9UKI8:456-734|KLIFS:323:positions1-85	PTC001	MAPPED_BUT_NOT_DOUBLE_COLD_FROM_DAVIS
OKL2026	TLK2	TLK2	WT	UniProt:Q86UE8:462-741|KLIFS:324:positions1-85	PTC001	MAPPED_BUT_NOT_DOUBLE_COLD_FROM_DAVIS
OKL2026	TNIK	TNIK	WT	UniProt:Q9UKE5:25-289|KLIFS:360:positions1-85	PTC001	MAPPED_BUT_NOT_DOUBLE_COLD_FROM_DAVIS
OKL2026	TNK1	TNK1	WT	UniProt:Q13470:116-377|KLIFS:395:positions1-85	PTC001	MAPPED_BUT_NOT_DOUBLE_COLD_FROM_DAVIS
OKL2026	TNK2	TNK2	WT	UniProt:Q07912:126-385|KLIFS:394:positions1-85	PTC001	MAPPED_BUT_NOT_DOUBLE_COLD_FROM_DAVIS
OKL2026	TNNI3K	TNNI3K	WT	UniProt:Q59H18:463-723|KLIFS:496:positions1-85	PTC001	MAPPED_BUT_NOT_DOUBLE_COLD_FROM_DAVIS
OKL2026	TRKA	NTRK1	WT	UniProt:P04629:510-781|KLIFS:480:positions1-85	PTC001	MAPPED_BUT_NOT_DOUBLE_COLD_FROM_DAVIS
OKL2026	TRKB	NTRK2	WT	UniProt:Q16620:538-807|KLIFS:481:positions1-85	PTC001	MAPPED_BUT_NOT_DOUBLE_COLD_FROM_DAVIS
OKL2026	TRKC	NTRK3	WT	UniProt:Q16288:538-839|KLIFS:482:positions1-85	PTC001	MAPPED_BUT_NOT_DOUBLE_COLD_FROM_DAVIS
OKL2026	TRPM6	TRPM6	WT			BLOCKED_OKL_ONLY_RECEPTOR_PROVENANCE
OKL2026	TSSK1B	TSSK1B	WT	UniProt:Q9BXA7:12-272|KLIFS:181:positions1-85	PTC009	MAPPED_BUT_NOT_DOUBLE_COLD_FROM_DAVIS
OKL2026	TSSK3	TSSK3	WT			BLOCKED_OKL_ONLY_RECEPTOR_PROVENANCE
OKL2026	TTK	TTK	WT	UniProt:P33981:525-791|KLIFS:326:positions1-85	PTC001	MAPPED_BUT_NOT_DOUBLE_COLD_FROM_DAVIS
OKL2026	TXK	TXK	WT	UniProt:P42681:271-527|KLIFS:476:positions1-85	PTC001	MAPPED_BUT_NOT_DOUBLE_COLD_FROM_DAVIS
OKL2026	TYK2(JH1domain-catalytic)	TYK2	WT	UniProt:P29597:897-1176|KLIFS:441:positions1-85	PTC001	MAPPED_BUT_NOT_DOUBLE_COLD_FROM_DAVIS
OKL2026	TYK2(JH2domain-pseudokinase)	TYK2	WT	UniProt:P29597:897-1176|KLIFS:441:positions1-85	PTC001	MAPPED_BUT_NOT_DOUBLE_COLD_FROM_DAVIS
OKL2026	TYRO3	TYRO3	WT	UniProt:Q06418:518-790|KLIFS:399:positions1-85	PTC001	MAPPED_BUT_NOT_DOUBLE_COLD_FROM_DAVIS
OKL2026	ULK1	ULK1	WT	UniProt:O75385:16-278|KLIFS:328:positions1-85	PTC001	MAPPED_BUT_NOT_DOUBLE_COLD_FROM_DAVIS
OKL2026	ULK2	ULK2	WT	UniProt:Q8IYT8:9-271|KLIFS:329:positions1-85	PTC001	MAPPED_BUT_NOT_DOUBLE_COLD_FROM_DAVIS
OKL2026	ULK3	ULK3	WT	UniProt:Q6PHR2:14-270|KLIFS:330:positions1-85	PTC001	MAPPED_BUT_NOT_DOUBLE_COLD_FROM_DAVIS
OKL2026	VEGFR2	KDR	WT	UniProt:P35968:834-1162|KLIFS:485:positions1-85	PTC001	MAPPED_BUT_NOT_DOUBLE_COLD_FROM_DAVIS
OKL2026	VPS34	PIK3C3	WT			BLOCKED_OKL_ONLY_RECEPTOR_PROVENANCE
OKL2026	VRK2	VRK2	WT	UniProt:Q86Y07:29-319|KLIFS:194:positions1-85	PTC001	MAPPED_BUT_NOT_DOUBLE_COLD_FROM_DAVIS
OKL2026	WEE1	WEE1	WT	UniProt:P30291:299-569|KLIFS:333:positions1-85	PTC001	MAPPED_BUT_NOT_DOUBLE_COLD_FROM_DAVIS
OKL2026	WEE2	WEE2	WT	UniProt:P0C1S8:212-486|KLIFS:335:positions1-85	PTC001	MAPPED_BUT_NOT_DOUBLE_COLD_FROM_DAVIS
OKL2026	WNK1	WNK1	WT			BLOCKED_OKL_ONLY_RECEPTOR_PROVENANCE
OKL2026	WNK2	WNK2	WT			BLOCKED_OKL_ONLY_RECEPTOR_PROVENANCE
OKL2026	WNK3	WNK3	WT			BLOCKED_OKL_ONLY_RECEPTOR_PROVENANCE
OKL2026	WNK4	WNK4	WT			BLOCKED_OKL_ONLY_RECEPTOR_PROVENANCE
OKL2026	YANK1	STK32A	WT	UniProt:Q8WU08:23-281|KLIFS:68:positions1-85	PTC001	MAPPED_BUT_NOT_DOUBLE_COLD_FROM_DAVIS
OKL2026	YANK2	STK32B	WT	UniProt:Q9NY57:23-283|KLIFS:67:positions1-85	PTC001	MAPPED_BUT_NOT_DOUBLE_COLD_FROM_DAVIS
OKL2026	YANK3	STK32C	WT	UniProt:Q86UX6:93-353|KLIFS:69:positions1-85	PTC001	MAPPED_BUT_NOT_DOUBLE_COLD_FROM_DAVIS
OKL2026	YES	YES1	WT	UniProt:P07947:277-530|KLIFS:463:positions1-85	PTC001	MAPPED_BUT_NOT_DOUBLE_COLD_FROM_DAVIS
OKL2026	YSK1	STK25	WT	UniProt:O00506:20-270|KLIFS:381:positions1-85	PTC001	MAPPED_BUT_NOT_DOUBLE_COLD_FROM_DAVIS
OKL2026	YSK4	MAP3K19	WT			BLOCKED_OKL_ONLY_RECEPTOR_PROVENANCE
OKL2026	ZAK	ZAK	WT			BLOCKED_OKL_ONLY_RECEPTOR_PROVENANCE
OKL2026	ZAP70	ZAP70	WT	UniProt:P43403:338-600|KLIFS:471:positions1-85	PTC001	MAPPED_BUT_NOT_DOUBLE_COLD_FROM_DAVIS
OKL2026	p38-alpha	MAPK14	WT	UniProt:Q16539:24-308|KLIFS:249:positions1-85	PTC001	MAPPED_BUT_NOT_DOUBLE_COLD_FROM_DAVIS
OKL2026	p38-beta	MAPK11	WT	UniProt:Q15759:24-308|KLIFS:250:positions1-85	PTC001	MAPPED_BUT_NOT_DOUBLE_COLD_FROM_DAVIS
OKL2026	p38-delta	MAPK13	WT	UniProt:O15264:25-308|KLIFS:251:positions1-85	PTC001	MAPPED_BUT_NOT_DOUBLE_COLD_FROM_DAVIS
OKL2026	p38-gamma	MAPK12	WT	UniProt:P53778:27-311|KLIFS:252:positions1-85	PTC001	MAPPED_BUT_NOT_DOUBLE_COLD_FROM_DAVIS
OKL2026	ABL1(E255K)-phosphorylated	ABL1	mut			EXCLUDED_NONSTANDARD_STATE_OR_MUTANT
OKL2026	ABL1(F317I)-nonphosphorylated	ABL1	mut			EXCLUDED_NONSTANDARD_STATE_OR_MUTANT
OKL2026	ABL1(F317I)-phosphorylated	ABL1	mut			EXCLUDED_NONSTANDARD_STATE_OR_MUTANT
OKL2026	ABL1(F317L)-nonphosphorylated	ABL1	mut			EXCLUDED_NONSTANDARD_STATE_OR_MUTANT
OKL2026	ABL1(F317L)-phosphorylated	ABL1	mut			EXCLUDED_NONSTANDARD_STATE_OR_MUTANT
OKL2026	ABL1(H396P)-nonphosphorylated	ABL1	mut			EXCLUDED_NONSTANDARD_STATE_OR_MUTANT
OKL2026	ABL1(H396P)-phosphorylated	ABL1	mut			EXCLUDED_NONSTANDARD_STATE_OR_MUTANT
OKL2026	ABL1(M351T)-phosphorylated	ABL1	mut			EXCLUDED_NONSTANDARD_STATE_OR_MUTANT
OKL2026	ABL1(Q252H)-nonphosphorylated	ABL1	mut			EXCLUDED_NONSTANDARD_STATE_OR_MUTANT
OKL2026	ABL1(Q252H)-phosphorylated	ABL1	mut			EXCLUDED_NONSTANDARD_STATE_OR_MUTANT
OKL2026	ABL1(T315I)-nonphosphorylated	ABL1	mut			EXCLUDED_NONSTANDARD_STATE_OR_MUTANT
OKL2026	ABL1(T315I)-phosphorylated	ABL1	mut			EXCLUDED_NONSTANDARD_STATE_OR_MUTANT
OKL2026	ABL1(Y253F)-phosphorylated	ABL1	mut			EXCLUDED_NONSTANDARD_STATE_OR_MUTANT
OKL2026	ALK(C1156Y)	ALK	mut	UniProt:Q9UM73:1116-1392|KLIFS:396:positions1-85	PTC001	EXCLUDED_NONSTANDARD_STATE_OR_MUTANT
OKL2026	ALK(L1196M)	ALK	mut	UniProt:Q9UM73:1116-1392|KLIFS:396:positions1-85	PTC001	EXCLUDED_NONSTANDARD_STATE_OR_MUTANT
OKL2026	BRAF(V600E)	BRAF	mut	UniProt:P15056:457-717|KLIFS:509:positions1-85	PTC001	EXCLUDED_NONSTANDARD_STATE_OR_MUTANT
OKL2026	EGFR(E746-A750del)	EGFR	mut	UniProt:P00533:712-979|KLIFS:406:positions1-85	PTC001	EXCLUDED_NONSTANDARD_STATE_OR_MUTANT
OKL2026	EGFR(G719C)	EGFR	mut	UniProt:P00533:712-979|KLIFS:406:positions1-85	PTC001	EXCLUDED_NONSTANDARD_STATE_OR_MUTANT
OKL2026	EGFR(G719S)	EGFR	mut	UniProt:P00533:712-979|KLIFS:406:positions1-85	PTC001	EXCLUDED_NONSTANDARD_STATE_OR_MUTANT
OKL2026	EGFR(L747-E749del, A750P)	EGFR	mut	UniProt:P00533:712-979|KLIFS:406:positions1-85	PTC001	EXCLUDED_NONSTANDARD_STATE_OR_MUTANT
OKL2026	EGFR(L747-S752del, P753S)	EGFR	mut	UniProt:P00533:712-979|KLIFS:406:positions1-85	PTC001	EXCLUDED_NONSTANDARD_STATE_OR_MUTANT
OKL2026	EGFR(L747-T751del,Sins)	EGFR	mut	UniProt:P00533:712-979|KLIFS:406:positions1-85	PTC001	EXCLUDED_NONSTANDARD_STATE_OR_MUTANT
OKL2026	EGFR(L858R)	EGFR	mut	UniProt:P00533:712-979|KLIFS:406:positions1-85	PTC001	EXCLUDED_NONSTANDARD_STATE_OR_MUTANT
OKL2026	EGFR(L858R,T790M)	EGFR	mut	UniProt:P00533:712-979|KLIFS:406:positions1-85	PTC001	EXCLUDED_NONSTANDARD_STATE_OR_MUTANT
OKL2026	EGFR(L861Q)	EGFR	mut	UniProt:P00533:712-979|KLIFS:406:positions1-85	PTC001	EXCLUDED_NONSTANDARD_STATE_OR_MUTANT
OKL2026	EGFR(S752-I759del)	EGFR	mut	UniProt:P00533:712-979|KLIFS:406:positions1-85	PTC001	EXCLUDED_NONSTANDARD_STATE_OR_MUTANT
OKL2026	EGFR(T790M)	EGFR	mut	UniProt:P00533:712-979|KLIFS:406:positions1-85	PTC001	EXCLUDED_NONSTANDARD_STATE_OR_MUTANT
OKL2026	FGFR3(G697C)	FGFR3	mut	UniProt:P22607:472-761|KLIFS:429:positions1-85	PTC001	EXCLUDED_NONSTANDARD_STATE_OR_MUTANT
OKL2026	FLT3(D835H)	FLT3	mut	UniProt:P36888:610-943|KLIFS:450:positions1-85	PTC001	EXCLUDED_NONSTANDARD_STATE_OR_MUTANT
OKL2026	FLT3(D835V)	FLT3	mut	UniProt:P36888:610-943|KLIFS:450:positions1-85	PTC001	EXCLUDED_NONSTANDARD_STATE_OR_MUTANT
OKL2026	FLT3(D835Y)	FLT3	mut	UniProt:P36888:610-943|KLIFS:450:positions1-85	PTC001	EXCLUDED_NONSTANDARD_STATE_OR_MUTANT
OKL2026	FLT3(ITD)	FLT3	mut	UniProt:P36888:610-943|KLIFS:450:positions1-85	PTC001	EXCLUDED_NONSTANDARD_STATE_OR_MUTANT
OKL2026	FLT3(ITD,D835V)	FLT3	mut	UniProt:P36888:610-943|KLIFS:450:positions1-85	PTC001	EXCLUDED_NONSTANDARD_STATE_OR_MUTANT
OKL2026	FLT3(ITD,F691L)	FLT3	mut	UniProt:P36888:610-943|KLIFS:450:positions1-85	PTC001	EXCLUDED_NONSTANDARD_STATE_OR_MUTANT
OKL2026	FLT3(K663Q)	FLT3	mut	UniProt:P36888:610-943|KLIFS:450:positions1-85	PTC001	EXCLUDED_NONSTANDARD_STATE_OR_MUTANT
OKL2026	FLT3(N841I)	FLT3	mut	UniProt:P36888:610-943|KLIFS:450:positions1-85	PTC001	EXCLUDED_NONSTANDARD_STATE_OR_MUTANT
OKL2026	FLT3(R834Q)	FLT3	mut	UniProt:P36888:610-943|KLIFS:450:positions1-85	PTC001	EXCLUDED_NONSTANDARD_STATE_OR_MUTANT
OKL2026	KIT(A829P)	KIT	mut	UniProt:P10721:589-937|KLIFS:451:positions1-85	PTC001	EXCLUDED_NONSTANDARD_STATE_OR_MUTANT
OKL2026	KIT(D816H)	KIT	mut	UniProt:P10721:589-937|KLIFS:451:positions1-85	PTC001	EXCLUDED_NONSTANDARD_STATE_OR_MUTANT
OKL2026	KIT(D816V)	KIT	mut	UniProt:P10721:589-937|KLIFS:451:positions1-85	PTC001	EXCLUDED_NONSTANDARD_STATE_OR_MUTANT
OKL2026	KIT(L576P)	KIT	mut	UniProt:P10721:589-937|KLIFS:451:positions1-85	PTC001	EXCLUDED_NONSTANDARD_STATE_OR_MUTANT
OKL2026	KIT(V559D)	KIT	mut	UniProt:P10721:589-937|KLIFS:451:positions1-85	PTC001	EXCLUDED_NONSTANDARD_STATE_OR_MUTANT
OKL2026	KIT(V559D,T670I)	KIT	mut	UniProt:P10721:589-937|KLIFS:451:positions1-85	PTC001	EXCLUDED_NONSTANDARD_STATE_OR_MUTANT
OKL2026	KIT(V559D,V654A)	KIT	mut	UniProt:P10721:589-937|KLIFS:451:positions1-85	PTC001	EXCLUDED_NONSTANDARD_STATE_OR_MUTANT
OKL2026	LRRK2(G2019S)	LRRK2	mut	UniProt:Q5S007:1879-2138|KLIFS:495:positions1-85	PTC007	EXCLUDED_NONSTANDARD_STATE_OR_MUTANT
OKL2026	MET(M1250T)	MET	mut	UniProt:P08581:1078-1345|KLIFS:446:positions1-85	PTC001	EXCLUDED_NONSTANDARD_STATE_OR_MUTANT
OKL2026	MET(Y1235D)	MET	mut	UniProt:P08581:1078-1345|KLIFS:446:positions1-85	PTC001	EXCLUDED_NONSTANDARD_STATE_OR_MUTANT
OKL2026	PFCDPK1(P.falciparum)	CDPK1	pathogen			EXCLUDED_NONSTANDARD_STATE_OR_MUTANT
OKL2026	PFPK5(P.falciparum)	MAL13P1.279	pathogen			EXCLUDED_NONSTANDARD_STATE_OR_MUTANT
OKL2026	PIK3CA(C420R)	PIK3CA	mut			EXCLUDED_NONSTANDARD_STATE_OR_MUTANT
OKL2026	PIK3CA(E542K)	PIK3CA	mut			EXCLUDED_NONSTANDARD_STATE_OR_MUTANT
OKL2026	PIK3CA(E545A)	PIK3CA	mut			EXCLUDED_NONSTANDARD_STATE_OR_MUTANT
OKL2026	PIK3CA(E545K)	PIK3CA	mut			EXCLUDED_NONSTANDARD_STATE_OR_MUTANT
OKL2026	PIK3CA(H1047L)	PIK3CA	mut			EXCLUDED_NONSTANDARD_STATE_OR_MUTANT
OKL2026	PIK3CA(H1047Y)	PIK3CA	mut			EXCLUDED_NONSTANDARD_STATE_OR_MUTANT
OKL2026	PIK3CA(I800L)	PIK3CA	mut			EXCLUDED_NONSTANDARD_STATE_OR_MUTANT
OKL2026	PIK3CA(M1043I)	PIK3CA	mut			EXCLUDED_NONSTANDARD_STATE_OR_MUTANT
OKL2026	PIK3CA(Q546K)	PIK3CA	mut			EXCLUDED_NONSTANDARD_STATE_OR_MUTANT
OKL2026	PKNB(M.tuberculosis)	pknB	pathogen			EXCLUDED_NONSTANDARD_STATE_OR_MUTANT
OKL2026	RET(M918T)	RET	mut	UniProt:P07949:724-1016|KLIFS:454:positions1-85	PTC001	EXCLUDED_NONSTANDARD_STATE_OR_MUTANT
OKL2026	RET(V804L)	RET	mut	UniProt:P07949:724-1016|KLIFS:454:positions1-85	PTC001	EXCLUDED_NONSTANDARD_STATE_OR_MUTANT
OKL2026	RET(V804M)	RET	mut	UniProt:P07949:724-1016|KLIFS:454:positions1-85	PTC001	EXCLUDED_NONSTANDARD_STATE_OR_MUTANT
