software_id	project	repository	reviewed_material	effective_input_or_function	ligand_3d_status	licence_observed	reproducibility_notes	reuse_decision	accessed
SW-001	gMolAI v2.0	https://github.com/Jalil-Mahdizadeh/gMolAI-v2.0	README and src/gmolai_retrain/model.py	SMILES-derived 2D GINE with atom states and calibrated 384-dimensional global representation	none in reviewed core path	no clear root licence found	checkpoint calibrator schema atom order and source revision must be pinned	resolve licence then use behind adapter	2026-08-20
SW-002	BANANA	https://github.com/molecularmodelinglab/banana	README featurization model and inference paths	pocket PDB plus ligand SMILES/2D graph	none	MIT	input boundary directly matches strict task; pin environment and model revision	reproduce as mandatory baseline	2026-08-20
SW-003	BigBind	https://github.com/molecularmodelinglab/bigbind	README mapping split and BayesBind assets	ChEMBL activities mapped to CrossDocked pocket clusters	no query pose required for mapped records	MIT	source data licences and CrossDocked/PDB artifacts propagate	adapt mapping and benchmark logic	2026-08-20
SW-004	CASTER-DTA	https://github.com/rachitk/caster-dta	README graph preprocessing model and licence text	apo/predicted whole-protein GVP graph plus 2D molecular graph	none	custom research/academic or non-commercial terms observed	dynamic batching and structure acquisition are material; exact release must be pinned	clean-room protocol baseline unless cleared	2026-08-20
SW-005	3DProtDTA	https://github.com/receptor-ai/3d-prot-dta	README and model/data paths	residue 3D protein graph plus ligand graph or ECFP	none	no clear root licence found	small repository and narrow benchmarks; preprocessing must be independently verified	reimplement simple late-fusion concept	2026-08-20
SW-006	HoloProt	https://github.com/vsomnath/holoprot	README model and preprocessing documentation	hierarchical protein surface/structure plus molecular graph	none for affinity ligand branch	MIT	requires PDBFixer DSSP MSMS Blender PDB2PQR/APBS and related tools	reuse selected components only after toolchain pilot	2026-08-20
SW-007	PLANET	https://github.com/ComputArtCMCG/PLANET	README PLANET_model.py and preprocessing/training paths	protein pocket PDB plus graph ligand; multitask contacts/distances	training uses ligand/complex 3D-derived targets	no clear root licence found	source exposes ProteinEGNN LigandGAT and interaction modules	conceptual privileged comparator only	2026-08-20
SW-008	PLANET v2.0	https://www.pdbbind-plus.org.cn/planetv2	project site and linked preprint	probabilistic pocket-ligand contact/distance energy	current classification pending final source/site terms to verify	code availability and licence not yet stable	recent evolving preprint; re-audit before architecture freeze	surveillance only	2026-08-20
SW-009	GRIPHIN	https://github.com/molinfo-vienna/GRIPHIN	README data/model/grid paths	10-channel GRAIL pocket grid plus ligand GAT/coordinate encoding	ligand Cartesian/Fourier features and ligand-centred construction	MIT	input SD files and ligand-centred grid are strict-boundary violations	receptor pharmacophore inspiration only	2026-08-20
SW-010	T-ALPHA	https://github.com/gregory-kyro/T-ALPHA	README model/data paths	protein ligand and complex multimodal channels	ligand and complex 3D	MIT	heavy surface/equivariant stack and LP-PDBbind/BDB2020+ protocols	censoring/uncertainty concepts only	2026-08-20
SW-011	TankBind	https://github.com/luwei0917/TankBind	README preprocessing model and pose paths	protein blocks ligand graph and pairwise distance prediction	ligand conformer/internal distances and pose optimization	MIT	well-documented but solves binding pose rather than strict task	pair-tensor inspiration only	2026-08-20
SW-012	DrugCLIP	https://github.com/bowen-gao/DrugCLIP	README LMDB format and model description	3D pocket and Uni-Mol-style molecule representation	RDKit conformers included in reviewed molecule data	licence/transitive weight terms require pinning	pretrained data and weights are large and coordinate-bearing	non-core comparator	2026-08-20
SW-013	ProFSA	https://github.com/bowen-gao/ProFSA	README pretraining data and model paths	fragment-surrounding pseudo-complex pretraining	pseudo-complex fragment geometry	MIT	large derived pretraining corpus; source data lineage must be audited	pocket-pretraining inspiration only	2026-08-20
SW-014	PocketDTA	https://github.com/ZhaoLongSYSU/PocketDTA	README model and dependency descriptions	top predicted pockets plus ESM/GVP and GraphMVP ligand	GraphMVP pretraining incorporates ligand 3D	MIT	DoGSite3 and pretrained component terms must be audited	non-strict comparator	2026-08-20
SW-015	DTBind	https://github.com/liqy09/DTBind	README data and surface/interaction preprocessing	protein surface/complex input for affinity mode	complex ligand geometry	licence must be pinned at selected revision	MSMS PyMesh PLIP-style dependencies add operational risk	surface inspiration only	2026-08-20
SW-016	GEMS	https://github.com/camlab-ethz/GEMS	README CleanSplit JSON filtering code similarity matrices and search baseline	complex model plus PDBbind leakage-analysis toolkit	complex geometry for model; split tools separate	licence must be pinned at selected revision	PDBbind_data/PDBbind_data_split_cleansplit.json and search baseline are directly useful	use official split/filter audit assets subject to rights	2026-08-20
SW-017	LP-PDBBind	https://github.com/THGLab/LP-PDBBind	README and dataset/LP_PDBBind.csv	PDBbind metadata split by protein/ligand similarity	co-complex source but split metadata usable	licence must be pinned; source PDBbind terms propagate	contains IDs categories clean levels covalency SMILES sequence and affinity	use official protocol unchanged plus independent audit	2026-08-20
SW-018	DataSAIL	https://github.com/kalininalab/DataSAIL	README CLI and two-dimensional PDBbind example	similarity-aware split optimization for interacting entity pairs	not applicable	repository licence to pin before dependency	requires explicit similarity inputs and can discard interactions to satisfy constraints	use as independent split implementation/audit	2026-08-20
SW-019	NTAB	https://github.com/bamattsson/ntab	README build/evaluation and ligand-only baseline paths	ChEMBL36 time split with ligand novelty bins	not applicable	MIT code; ChEMBL-derived data CC BY-SA 3.0	new June 2026 preprint resource with reproducible Zenodo deposit	use as preliminary leakage stress test	2026-08-20
SW-020	GVP-PyTorch	https://github.com/drorlab/gvp-pytorch	README and model API	scalar/vector equivariant protein graphs	not applicable	MIT	stable compact encoder; verify maintenance and numerical invariance	pocket encoder candidate	2026-08-20
SW-021	GearNet	https://github.com/DeepGraphLearning/GearNet	README model and pretraining interfaces	relational protein structure graph	not applicable	licence to pin with TorchDrug dependencies	pretrained assets and transitive package versions require audit	alternative pocket encoder	2026-08-20
SW-022	ProteinWorkshop	https://github.com/a-r-j/ProteinWorkshop	README configuration and benchmark framework	configurable protein geometric encoders	not applicable	licence/transitive components to pin	broad framework may reduce implementation work but increases dependency surface	evaluate after v0	2026-08-20
SW-023	MaSIF	https://github.com/LPDI-EPFL/masif	README preprocessing and model paths	protein molecular surface mesh/patches	not applicable	Apache-2.0	external MSMS APBS/PDB2PQR/PyMesh-style stack needs separate terms and container	deferred optional surface branch	2026-08-20
SW-024	dMaSIF	https://github.com/FreyrS/dMaSIF	README model and licence	protein point/surface representation	not applicable	CC BY-NC-ND 4.0 observed	restrictive terms are unsuitable for ordinary code modification/redistribution without advice	architecture inspiration only	2026-08-20
SW-025	ScanNet	https://github.com/jertubiana/ScanNet	README feature/model paths	local atomic/residue geometric neighbourhoods	not applicable	licence to pin at selected revision	pretrained models and structure preprocessing need independent terms	geometric primitive inspiration	2026-08-20
SW-026	P2Rank	https://github.com/rdk/p2rank	README command interface model profiles and licence	receptor-only top-k ligand-binding site prediction	not applicable	MIT	Java distribution and model version/profile must be pinned	preferred Mode B detector	2026-08-20
SW-027	fpocket	https://github.com/Discngine/fpocket	README CLI and licence	receptor-only alpha-sphere pocket detection	not applicable	MIT	compile/container and version must be pinned	classical Mode B detector	2026-08-20
SW-028	DeepPocket	https://github.com/devalab/DeepPocket	README training/inference and candidate pipeline	receptor candidate generation plus 3D CNN rescoring	not applicable	licence to pin at selected revision	more complex learned detector with training-data dependence	optional detector	2026-08-20
SW-029	PSICHIC	https://github.com/huankoh/PSICHIC	README model/inference and licence	protein sequence plus ligand 2D representation	none	Apache-2.0	strong modern sequence-only model; checkpoint/source hashes required	mandatory sequence baseline candidate	2026-08-20
SW-030	PLINDER	https://github.com/plinder-org/plinder	README data API split and known-bug issue	structural interaction dataset with holo apo and predicted links	contains ligand poses but receptor-only views possible	GPL-2.0 software; curated/upstream data terms separate	current 2024-06/v2 affinity queries disabled due issue 94	use for structure/pocket pretraining not affinity labels	2026-08-20
SW-031	HiQBind workflow	https://github.com/THGLab/HiQBind	README preprocessing fix and gather paths	protein/ligand structure quality repair workflow	operates on ligand structures	MIT	one-day-scale multicore workflow reported; source-data terms propagate	quality curation reference outside strict ligand features	2026-08-20
SW-032	BioLiP2 curation	https://zhanggroup.org/BioLiP/	paper and linked curation-code statement	biological ligand/site filtering and annotation	co-complex source; receptor-only annotations exportable	BSD code reported by paper	data/source lineage must be retained and weekly version pinned	use site annotations and provenance cross-check	2026-08-20
SW-033	LIT-PCBA audit	https://github.com/sievestack/LIT-PCBA-audit	README duplicate/analogue audit and memorization baseline	reconstructs query identities and audits train validation query overlap	query structures are used only for benchmark audit	repository licence must be pinned	public reproducible analysis accompanies a 2025 preprint; independently rerun on pinned archive	use to red-team or rebuild LIT-PCBA-derived evaluation	2026-08-20
SW-034	APObind	https://github.com/devalab/Apobind	README get_apostruct.py apostruct_rmsds.py and rdkit_process.py	constructs matched apo/holo receptor data from PDBbind and measures mapped pocket deformation	construction and pocket-RMSD scripts explicitly load co-crystal ligand coordinates	no clear root licence found	hard-coded scratch paths BLAST binary/PDB database PyMOL ProDy RDKit and broad exception handling prevent turnkey reproduction; ligand distance defines the reference site	use released apo structures only after rights/mapping audit; reimplement strict evaluation mapping	2026-08-20
SW-035	CrossDocked2020 v1.3 assets	https://github.com/gnina/models/blob/master/data/CrossDocked2020/README.md	v1.3 archive changelog file schema type labels split naming caches and downsampling notes	receptor/ligand pose archive organized by pockets with RMSD pK and Vina fields	pervasive crystal UFF-minimized docked and CNN-optimized ligand coordinates	no clear root licence found for reviewed models/data repository	52-million-file archive; v1.3 regenerated about 60 percent; pK collapses Kd Ki IC50 and is pose-sign-adjusted in some labels	receptor/pocket-only extraction after component-rights audit	2026-08-20
SW-036	PDBe SIFTS	https://github.com/PDBeurope/SIFTS	README CLI workflow project layout configuration outputs dependencies and licence	structure-to-sequence matching residue/segment mapping DuckDB storage and mmCIF annotation	not applicable	Apache-2.0	requires MMseqs2 or BLASTP plus FASTA36; defaults include 90-percent identity candidate matching and versioned UniProt/taxonomy caches	adopt as pinned mapping implementation plus independent construct checks	2026-08-20
SW-037	PSG-BAR	https://github.com/diamondspark/PSG-BAR	commit 6540ab8; GraphProcessing.py and GraphModel.py	full-protein coordinate graph plus DeepChem 2D ligand graph	none in ligand core; raw protein xyz enter a standard GAT	no clear root licence found	paper states five neighbours while reviewed preprocessing uses k=3; raw xyz are not rigid-motion invariant; pinned file hashes in third_party/reviewed_sources.tsv	clean-room protocol comparator only	2026-08-20
SW-038	PLMCA	public repository not found	paper metadata abstract and targeted GitHub/title/author search	PLM/3D/physicochemical protein features plus ligand graph and assay conditions	unverified beyond published interface	not assessable	no public implementation located; absence is not proof of permanent unavailability	paper-level comparison and author contact	2026-08-20
SW-039	AttentionMGT-DTA	https://github.com/JK-Liu7/AttentionMGT-DTA	commit e94a28d; protein_process.py compound_process.py train_DTA.py	AlphaFold/PDB pocket graph plus ESM and 2D molecular graph	none detected in ligand preprocessing	no clear root licence found	ConvexHull loop returns the last box; test MSE drives scheduler and checkpoint selection; old pinned stack and conventional folds	clean-room baseline concepts only	2026-08-20
SW-040	BlendNet	https://github.com/Blue1993/BlendNet	commit 80961ef; README preprocessing notebooks training and testing code	pocket/protein sequence plus 2D compound graph at inference	PLIP complex-interaction labels and ligand structures used for teacher/preprocessing	no clear root licence found	Python 3.7-era stack; large data/checkpoints are Dropbox-hosted; random/new-protein/new-compound/blind splits isolate exact IDs rather than similarity components	privileged comparator only	2026-08-20
SW-041	AttentionSiteDTI	https://github.com/yazdanimehdi/AttentionSiteDTI	commit 18ccacb; human_data.py layers.py model_abiliation.py	ConvexHull-derived receptor-site graphs plus ligand graph	none detected in query ligand path	CC BY 4.0 file present	monolithic scripts hard-coded paths serialized datasets and random shuffling limit turnkey reproducibility	binary diagnostic or clean-room baseline	2026-08-20
SW-042	BindingSite-AugmentedDTA	https://github.com/yazdanimehdi/BindingSite-AugmentedDTA	commit af23b19; README and released Davis/KIBA mapping tables	binding-site augmentation data for DTA models	none claimed	CC BY 4.0 file present	repository contains five files and no complete executable pipeline despite paper availability statement	dataset/mapping reference only	2026-08-20
SW-043	PGraphDTA	https://github.com/Yijia-Xiao/PgraphDTA	README URL from preprint; repository access attempt	PLM and protein contact-map augmentation	no ligand coordinates claimed	not assessable	repository returned unavailable/private at cut-off; no revision could be pinned	paper-level surveillance only	2026-08-20
SW-044	MMPD-DTA	https://github.com/zhc-moushang/MMPD-DTA	commit 6992636; dataset.py model.py README	precomputed pocket-drug graph plus protein sequence and ligand graph	cross-molecular graph implies pose geometry	no clear root licence found	small repository omits complex-graph construction and relies on a large precomputed archive/checkpoint	conceptual non-strict comparator only	2026-08-20
SW-045	AlignNet	https://github.com/altriavin/AlignNet	commit c5528d8; graph_pyg.py graphmvp_extrator.py utils.py README	ESM2/GearNet pocket plus MolFormer/GraphMVP ligand and complex graph	reads ligand MOL2 conformer coordinates and constructs 5-Angstrom protein-ligand edges	MIT	large external features/checkpoints; toy data include complexes; ligand structure branch inherits GraphMVP 3D pretraining	privileged/non-strict comparator only	2026-08-20
SW-046	LigUnity	https://github.com/IDEA-XL/LigUnity	commit 8ae35ed; Uni-Mol datasets case-study preparation screening path	shared 3D pocket-ligand latent space and hierarchical affinity navigation	generates or reads ligand 3D conformers; ligand coordinates enter Uni-Mol data	Apache-2.0 code; data/weights terms separate	bundled LMDBs and receptor-ligand-defined pocket extraction require provenance audit	non-strict comparator only	2026-08-20
SW-047	CSCo-DTA	https://github.com/23AIBox/23AIBox-CSCo-DTA	commit ba1aa7f; README data_process.py models.py inference.py	protein contact-map and interaction-network graphs plus molecular graph	none claimed	no clear root licence found	depends on externally hosted Pconsc4 contact maps and transductive interaction networks; folds require independent leakage audit	adjacent structure-proxy baseline	2026-08-20
