observation_id	construct_group_id	union_component_id	random_pair_fold	bemis_murcko_scaffold	maximum_cross_construct_ecfp_tanimoto	maximum_cross_construct_full_sequence_identity	maximum_cross_construct_site_sequence_identity
RCSB-4UGY-EXI-KD	construct-001-c5158f5b655d	union-fd8f6064dd3f	random-04	c1ccc(CCc2cccnc2)nc1	0.12345679012345678	0.23755656108597284	0.2631578947368421
RCSB-4UGR-6E5-KD	construct-001-c5158f5b655d	union-fd8f6064dd3f	random-03	N=C(Nc1cccc(COCC2CC(OCc3cccc(NC(=N)c4cccs4)c3)CN2)c1)c1cccs1	0.20689655172413793	0.23755656108597284	0.2631578947368421
RCSB-4UGA-Q05-KD	construct-001-c5158f5b655d	union-fd8f6064dd3f	random-01	c1ccc(CCNCc2cccc(OCc3ccccn3)c2)cc1	0.17647058823529413	0.23755656108597284	0.2631578947368421
RCSB-4UG5-XFK-KD	construct-001-c5158f5b655d	union-fd8f6064dd3f	random-04	c1ccc(CCc2cncc(CCc3ccncc3)c2)nc1	0.11666666666666667	0.23755656108597284	0.2631578947368421
RCSB-4UG6-XFJ-KD	construct-001-c5158f5b655d	union-fd8f6064dd3f	random-05	c1ccc(CCc2cncc(CCc3ccccn3)c2)nc1	0.13043478260869565	0.23755656108597284	0.2631578947368421
RCSB-4UG8-HW1-KD	construct-001-c5158f5b655d	union-fd8f6064dd3f	random-03	c1ccc(CCCCCOC2CNCC2Cc2ccccn2)nc1	0.13636363636363635	0.23755656108597284	0.2631578947368421
RCSB-4UGS-H36-KD	construct-001-c5158f5b655d	union-fd8f6064dd3f	random-02	N=C(Nc1cccc(OCCOc2cccc(NC(=N)c3cccs3)c2)c1)c1cccs1	0.1724137931034483	0.23755656108597284	0.2631578947368421
RCSB-4UGM-1QE-KD	construct-001-c5158f5b655d	union-fd8f6064dd3f	random-03	N=C(Nc1cccc(CCc2cccc(NC(=N)c3cccs3)c2)c1)c1cccs1	0.2647058823529412	0.23755656108597284	0.2631578947368421
RCSB-4UGI-SKO-KD	construct-001-c5158f5b655d	union-fd8f6064dd3f	random-04	c1ccc(CCc2ccccn2)nc1	0.17105263157894737	0.23755656108597284	0.2631578947368421
RCSB-4UG7-1EV-KD	construct-001-c5158f5b655d	union-fd8f6064dd3f	random-05	c1ccc(CCc2cccc(CCc3ccccn3)c2)nc1	0.18309859154929578	0.23755656108597284	0.2631578947368421
RCSB-4UGH-4V4-KD	construct-001-c5158f5b655d	union-fd8f6064dd3f	random-01	c1ccc(CCc2ccccn2)cc1	0.18181818181818182	0.23755656108597284	0.2631578947368421
RCSB-4UGL-S90-KD	construct-001-c5158f5b655d	union-fd8f6064dd3f	random-02	c1ccc(CCc2cccc(NC3CC3)c2)nc1	0.14444444444444443	0.23755656108597284	0.2631578947368421
RCSB-4UGD-Q14-KD	construct-001-c5158f5b655d	union-fd8f6064dd3f	random-02	c1ccc(COCCCOCc2ccccn2)nc1	0.1375	0.23755656108597284	0.2631578947368421
RCSB-4UGG-S5D-KD	construct-001-c5158f5b655d	union-fd8f6064dd3f	random-05	c1ccc(CCc2cccc(CCc3ccccn3)c2)nc1	0.17105263157894737	0.23755656108597284	0.2631578947368421
RCSB-4UG9-1EW-KD	construct-001-c5158f5b655d	union-fd8f6064dd3f	random-03	c1ccc(CCc2cccc(CCc3ccccn3)c2)nc1	0.18032786885245902	0.23755656108597284	0.2631578947368421
RCSB-4UGC-1Q6-KD	construct-001-c5158f5b655d	union-fd8f6064dd3f	random-01	c1ccc(COCCOCc2ccccn2)nc1	0.14102564102564102	0.23755656108597284	0.2631578947368421
RCSB-4UGO-1QF-KD	construct-001-c5158f5b655d	union-fd8f6064dd3f	random-02	N=C(Nc1ccc(CCNCc2cccc(NC(=N)c3cccs3)c2)cc1)c1cccs1	0.26582278481012656	0.23755656108597284	0.2631578947368421
RCSB-4UGB-QJ7-KD	construct-001-c5158f5b655d	union-fd8f6064dd3f	random-01	c1ccc(CCNCc2cncc(OCc3ccccn3)c2)cc1	0.16853932584269662	0.23755656108597284	0.2631578947368421
RCSB-4UGN-H49-KD	construct-001-c5158f5b655d	union-fd8f6064dd3f	random-04	N=C(Nc1cccc(CNCC2CCCN2)c1)c1cccs1	0.2222222222222222	0.23755656108597284	0.2631578947368421
RCSB-5MYG-LS8-KD	construct-002-cb5cf2af5e4a	union-5da9b036eb04	random-04	O=c1ccc2cc(NS(=O)(=O)c3ccccc3)ccc2[nH]1	0.22580645161290322	0.29545454545454547	0.3333333333333333
RCSB-5EWH-5SG-KD	construct-002-cb5cf2af5e4a	union-5da9b036eb04	random-02	c1ccc2cnccc2c1	0.2	0.29545454545454547	0.3333333333333333
RCSB-5E3G-5JQ-KD	construct-002-cb5cf2af5e4a	union-5da9b036eb04	random-03	O=c1[nH]c2[nH]c(=S)[nH]c(=O)c2[nH]1	0.10909090909090909	0.29545454545454547	0.3333333333333333
RCSB-5C85-4YO-KD	construct-002-cb5cf2af5e4a	union-5da9b036eb04	random-05	O=C1CNc2ccccc2N1	0.22807017543859648	0.29545454545454547	0.3333333333333333
RCSB-5EM3-5Q0-KD	construct-002-cb5cf2af5e4a	union-5da9b036eb04	random-01	c1ccc2ncccc2c1	0.2037037037037037	0.29545454545454547	0.3333333333333333
RCSB-5O4S-9KW-KD	construct-002-cb5cf2af5e4a	union-5da9b036eb04	random-03	O=c1[nH]c2cc(NS(=O)(=O)c3ccc4c(c3)CCCC4)c(N3CCOCC3)cc2[nH]c1=O	0.24096385542168675	0.29545454545454547	0.3333333333333333
RCSB-5EVA-5S9-KD	construct-002-cb5cf2af5e4a	union-5da9b036eb04	random-03	O=C(Nc1ccccc1)c1ccn[nH]1	0.20967741935483872	0.29545454545454547	0.3333333333333333
RCSB-5C87-4YS-KD	construct-002-cb5cf2af5e4a	union-5da9b036eb04	random-05	O=c1[nH]ccc2ccccc12	0.17307692307692307	0.29545454545454547	0.3333333333333333
RCSB-5O5F-9LT-KD	construct-002-cb5cf2af5e4a	union-5da9b036eb04	random-02	O=C(NC(c1ccccc1)c1ncc[nH]1)c1ccc2[nH]c(=O)c(=O)[nH]c2c1	0.19753086419753085	0.29545454545454547	0.3333333333333333
RCSB-5EPR-5QY-KD	construct-002-cb5cf2af5e4a	union-5da9b036eb04	random-02	O=C1CNc2ccccc2N1	0.22727272727272727	0.29545454545454547	0.3333333333333333
RCSB-5DY7-5GT-KD	construct-002-cb5cf2af5e4a	union-5da9b036eb04	random-05	O=C1CNc2ccccc2N1	0.1728395061728395	0.29545454545454547	0.3333333333333333
RCSB-5OV8-AXN-KD	construct-002-cb5cf2af5e4a	union-5da9b036eb04	random-05	O=c1[nH]c2cc(NS(=O)(=O)c3ccccc3)c(N3CCCC3)cc2[nH]c1=O	0.20833333333333334	0.29545454545454547	0.3333333333333333
RCSB-5O55-9L5-KD	construct-002-cb5cf2af5e4a	union-5da9b036eb04	random-04	O=C(NCc1cn[nH]c1)c1ccc2[nH]c(=O)cnc2c1	0.23943661971830985	0.29545454545454547	0.3333333333333333
RCSB-5DYA-5GV-KD	construct-002-cb5cf2af5e4a	union-5da9b036eb04	random-01	O=C1CNc2ccccc2N1	0.2692307692307692	0.29545454545454547	0.3333333333333333
RCSB-5D7X-XZ8-KD	construct-002-cb5cf2af5e4a	union-5da9b036eb04	random-04	O=c1[nH][nH]cc1-c1c[nH]c2ccccc12	0.20634920634920634	0.29545454545454547	0.3333333333333333
RCSB-5EWD-5SH-KD	construct-002-cb5cf2af5e4a	union-5da9b036eb04	random-03	c1ccc(-c2ccncc2)cc1	0.16	0.29545454545454547	0.3333333333333333
RCSB-5O5A-9LN-KD	construct-002-cb5cf2af5e4a	union-5da9b036eb04	random-02	O=C(NCc1cnn(-c2ccccc2)c1)c1ccc2[nH]c(=O)c(=O)[nH]c2c1	0.2716049382716049	0.29545454545454547	0.3333333333333333
RCSB-5O5H-9LK-KD	construct-002-cb5cf2af5e4a	union-5da9b036eb04	random-01	O=C(Nc1ccc(Oc2ccccc2)nc1)c1cnco1	0.17391304347826086	0.29545454545454547	0.3333333333333333
RCSB-5EPS-5QX-KD	construct-002-cb5cf2af5e4a	union-5da9b036eb04	random-01	O=C1CNc2ccccc2N1	0.21818181818181817	0.29545454545454547	0.3333333333333333
RCSB-4O76-1M3-KD	construct-003-fbf3f5c695a3	union-9c37703edc28	random-01	c1ccc(Nc2ccnc(Nc3ccc(N4CCNCC4)cc3)n2)cc1	0.2159090909090909	0.29545454545454547	0.3333333333333333
RCSB-7MRA-ZMJ-KD	construct-003-fbf3f5c695a3	union-9c37703edc28	random-05	O=c1[nH]cc(-c2ccccc2)c2ccccc12	0.21333333333333335	0.29545454545454547	0.3333333333333333
RCSB-5D26-L28-KD	construct-003-fbf3f5c695a3	union-9c37703edc28	random-05	O=C(Nc1ccccc1)c1ccc[nH]1	0.20253164556962025	0.29545454545454547	0.3333333333333333
RCSB-5EGU-5NQ-KD	construct-003-fbf3f5c695a3	union-9c37703edc28	random-03	O=c1[nH]c(=O)c2[nH]c(CSc3nc4ncccn4n3)nc2[nH]1	0.18085106382978725	0.29545454545454547	0.3333333333333333
RCSB-6TPZ-NV2-KD	construct-003-fbf3f5c695a3	union-9c37703edc28	random-04	O=c1ccc(-c2nc3cc(N4CCOCC4)ccc3[nH]2)c[nH]1	0.24096385542168675	0.29545454545454547	0.3333333333333333
RCSB-6FO5-DZH-KD	construct-003-fbf3f5c695a3	union-9c37703edc28	random-03	O=C1CCCc2cc(S(=O)(=O)NCc3ccc(Cn4c(=O)[nH]c(=O)c5[nH]cnc54)cc3)ccc2N1	0.23655913978494625	0.29545454545454547	0.3333333333333333
RCSB-7AXR-S7T-KD	construct-003-fbf3f5c695a3	union-9c37703edc28	random-01	O=C(Nc1ccccc1)c1ccc[nH]1	0.26582278481012656	0.29545454545454547	0.3333333333333333
RCSB-6FSY-E5Q-KD	construct-003-fbf3f5c695a3	union-9c37703edc28	random-02	c1cncc(Cc2cccc(-c3cnoc3)c2)c1	0.2037037037037037	0.29545454545454547	0.3333333333333333
RCSB-4PS5-2TA-KD	construct-003-fbf3f5c695a3	union-9c37703edc28	random-02	c1ccc(Nc2ccnc(Nc3ccc(OCCN4CCCC4)cc3)n2)cc1	0.22580645161290322	0.29545454545454547	0.3333333333333333
RCSB-7MR9-ZMM-KD	construct-003-fbf3f5c695a3	union-9c37703edc28	random-04	O=C1CCCN1c1cccc(-c2c[nH]c(=O)c3ccccc23)c1	0.21818181818181817	0.29545454545454547	0.3333333333333333
RCSB-5D3L-57F-KD	construct-003-fbf3f5c695a3	union-9c37703edc28	random-04	O=C(Nc1ccccc1)c1ccc[nH]1	0.175	0.29545454545454547	0.3333333333333333
RCSB-6Q3Z-HG8-KD	construct-003-fbf3f5c695a3	union-9c37703edc28	random-02	O=C1CN(Cc2cccs2)c2nc(Nc3ccc(C4CCNCC4)cc3)ncc2N1	0.16666666666666666	0.29545454545454547	0.3333333333333333
RCSB-5EIS-5OU-KD	construct-003-fbf3f5c695a3	union-9c37703edc28	random-03	O=c1[nH]c(=O)n(Cc2ccccc2)c2nc[nH]c12	0.21518987341772153	0.29545454545454547	0.3333333333333333
RCSB-5D3T-56Y-KD	construct-003-fbf3f5c695a3	union-9c37703edc28	random-01	O=C(NCc1ccccc1)c1ccc[nH]1	0.2716049382716049	0.29545454545454547	0.3333333333333333
RCSB-6Q3Y-HG5-KD	construct-003-fbf3f5c695a3	union-9c37703edc28	random-05	O=C1CN(Cc2ccccc2)c2nc(Nc3ccc(C4CCNCC4)cc3)ncc2N1	0.17475728155339806	0.29545454545454547	0.3333333333333333
RCSB-5O1E-9GT-KD	construct-004-a02c0b37ee39	union-07900e144d6a	random-04	c1ccc(-n2cccc2)cc1	0.15151515151515152	0.20855614973262032	0.16666666666666666
RCSB-5O1G-9GK-KD	construct-004-a02c0b37ee39	union-07900e144d6a	random-02	c1ccc(CCOc2ccccc2-n2cccc2)cc1	0.16923076923076924	0.20855614973262032	0.16666666666666666
RCSB-4AGQ-P96-KD	construct-004-a02c0b37ee39	union-07900e144d6a	random-05	C(#Cc1cccc(CN2CCCCC2)c1)CNc1ccccc1	0.16853932584269662	0.20855614973262032	0.16666666666666666
RCSB-5AOJ-Y0V-KD	construct-004-a02c0b37ee39	union-07900e144d6a	random-03	c1ccc(-n2cccc2)cc1	0.16666666666666666	0.20855614973262032	0.16666666666666666
RCSB-5O1D-9GW-KD	construct-004-a02c0b37ee39	union-07900e144d6a	random-01	c1ccc(-n2cccc2)cc1	0.1746031746031746	0.20855614973262032	0.16666666666666666
RCSB-5O1C-9GZ-KD	construct-004-a02c0b37ee39	union-07900e144d6a	random-02	c1ccc(-c2ccccc2-n2cccc2)cc1	0.20967741935483872	0.20855614973262032	0.16666666666666666
RCSB-8A92-LE9-KD	construct-004-a02c0b37ee39	union-07900e144d6a	random-01	c1cn[nH]c1	0.1590909090909091	0.20855614973262032	0.16666666666666666
RCSB-5O1I-9GH-KD	construct-004-a02c0b37ee39	union-07900e144d6a	random-05	c1cc(-n2cccc2)c2scnc2c1	0.1686746987951807	0.20855614973262032	0.16666666666666666
RCSB-5O1H-9GN-KD	construct-004-a02c0b37ee39	union-07900e144d6a	random-03	c1ccc(-n2cccc2)cc1	0.1746031746031746	0.20855614973262032	0.16666666666666666
RCSB-5O1B-9H2-KD	construct-004-a02c0b37ee39	union-07900e144d6a	random-04	c1ccc(-n2cccc2)cc1	0.16981132075471697	0.20855614973262032	0.16666666666666666
RCSB-6RQB-Q47-KD	construct-005-6f4aa0a92e90	union-233117c8ad60	random-05	O=C1NC(Cc2ccccc2)C(=O)NC1Cc1ccccc1	0.24074074074074073	0.23755656108597284	0.16
RCSB-6RQ6-R2H-KD	construct-005-6f4aa0a92e90	union-233117c8ad60	random-03	O=C1NC(Cc2ccccc2)C(=O)NC1Cc1ccccc1	0.24074074074074073	0.23755656108597284	0.16
RCSB-6RQ0-KE2-KD	construct-005-6f4aa0a92e90	union-233117c8ad60	random-02	O=C1NC(Cc2ccccc2)C(=O)NC1Cc1ccccc1	0.2641509433962264	0.23755656108597284	0.16
RCSB-6RQ9-KEQ-KD	construct-005-6f4aa0a92e90	union-233117c8ad60	random-02	O=C1NC(Cc2ccccc2)C(=O)NC1Cc1ccccc1	0.25	0.23755656108597284	0.16
RCSB-6RQ3-OUC-KD	construct-005-6f4aa0a92e90	union-233117c8ad60	random-01	O=C1NC(Cc2ccccc2)C(=O)NC1Cc1ccccc1	0.2641509433962264	0.23755656108597284	0.16
RCSB-6RQD-KEW-KD	construct-005-6f4aa0a92e90	union-233117c8ad60	random-04	O=C1NC(Cc2ccccc2)C(=O)NC1Cc1ccccc1	0.24074074074074073	0.23755656108597284	0.16
RCSB-6RQ1-KE5-KD	construct-005-6f4aa0a92e90	union-233117c8ad60	random-05	O=C1NC(Cc2ccccc2)C(=O)NC1Cc1ccccc1	0.25925925925925924	0.23755656108597284	0.16
RCSB-6RQ8-KEH-KD	construct-005-6f4aa0a92e90	union-233117c8ad60	random-01	O=C1NC(Cc2ccccc2)C(=O)NC1Cc1ccccc1	0.24074074074074073	0.23755656108597284	0.16
RCSB-6RQ5-KEB-KD	construct-005-6f4aa0a92e90	union-233117c8ad60	random-04	O=C1NC(Cc2ccccc2)C(=O)NC1Cc1ccccc1	0.2692307692307692	0.23755656108597284	0.16
RCSB-6UIK-Q8M-KD	construct-006-4c5802bc11cc	union-6352373e144e	random-05	O=S(=O)(Nc1cn(C2CCCC2)cn1)c1ccccc1	0.15306122448979592	0.22163588390501318	0.23809523809523808
RCSB-6U8O-Q1G-KD	construct-006-4c5802bc11cc	union-6352373e144e	random-04	O=S(=O)(Nc1cccc(C2CCC2)c1)c1ccccc1	0.22807017543859648	0.22163588390501318	0.23809523809523808
RCSB-6UIF-Q8P-KD	construct-006-4c5802bc11cc	union-6352373e144e	random-05	O=S(=O)(Nc1cn(C2CCCC2)cn1)c1ccccc1	0.15384615384615385	0.22163588390501318	0.23809523809523808
RCSB-6UJ4-Q8S-KD	construct-006-4c5802bc11cc	union-6352373e144e	random-03	O=S(=O)(Nc1cn(C2CCCC2)cn1)c1ccccc1	0.17647058823529413	0.22163588390501318	0.23809523809523808
RCSB-6UHY-Q8G-KD	construct-006-4c5802bc11cc	union-6352373e144e	random-04	c1ccc2c(c1)ncn2C1CCCCC1	0.2545454545454545	0.22163588390501318	0.23809523809523808
RCSB-6UOZ-QF1-KD	construct-006-4c5802bc11cc	union-6352373e144e	random-01	O=S(=O)(Nc1cn(C2CCCC2)cn1)c1ccccc1	0.16666666666666666	0.22163588390501318	0.23809523809523808
RCSB-6U5M-Q0S-KD	construct-006-4c5802bc11cc	union-6352373e144e	random-03	O=S(=O)(Nc1ccccc1)c1ccccc1	0.20253164556962025	0.22163588390501318	0.23809523809523808
RCSB-6U8L-Q1P-KD	construct-006-4c5802bc11cc	union-6352373e144e	random-02	O=S(=O)(Nc1cccc(C2CC2)c1)c1ccccc1	0.18333333333333332	0.22163588390501318	0.23809523809523808
