observation_id	role	pdb_id	ligand_comp_id	bindingdb_reactant_set_id	candidate_count_for_pdb	top_score_tie_count	pdb_match	ligand_het_match	ligand_inchikey_match	uniprot_match	measurement_publication_present	same_structure_measurement_publication	kd_exact_match	bindingdb_kd_status	high_confidence_provenance	curation_data_source	article_doi	pmid	publication_date	bindingdb_curation_date	label_quarantine_preserved
RCSB-4UGK-7S9-KD	site_reference_only	4UGK	7S9	293356	1	1	True	True	True	True	True	True		quarantined_reference_not_exported	True	Curated from the literature by BindingDB	10.1021/acs.biochem.5b00431	26062720	7/7/2015	9/17/2015	True
RCSB-4UGY-EXI-KD	supervised_s0	4UGY	EXI	293354	19	1	True	True	True	True	True	True	True	exact	True	Curated from the literature by BindingDB	10.1021/acs.biochem.5b00431	26062720	7/7/2015	9/17/2015	
RCSB-4UGR-6E5-KD	supervised_s0	4UGR	6E5	293362	7	1	True	True	False	True	True	True	True	exact	True	Curated from the literature by BindingDB	10.1021/acs.biochem.5b00431	26062720	7/7/2015	9/17/2015	
RCSB-4UGA-Q05-KD	supervised_s0	4UGA	Q05	293347	7	1	True	True	True	True	True	True	True	exact	True	Curated from the literature by BindingDB	10.1021/acs.biochem.5b00431	26062720	7/7/2015	9/17/2015	
RCSB-4UG5-XFK-KD	supervised_s0	4UG5	XFK	293342	7	1	True	True	True	True	True	True	True	exact	True	Curated from the literature by BindingDB	10.1021/acs.biochem.5b00431	26062720	7/7/2015	9/17/2015	
RCSB-4UG6-XFJ-KD	supervised_s0	4UG6	XFJ	293343	14	1	True	True	True	True	True	True	True	exact	True	Curated from the literature by BindingDB	10.1021/acs.biochem.5b00431	26062720	7/7/2015	9/17/2015	
RCSB-4UG8-HW1-KD	supervised_s0	4UG8	HW1	293345	1	1	True	True	False	True	True	True	True	exact	True	Curated from the literature by BindingDB	10.1021/acs.biochem.5b00431	26062720	7/7/2015	9/17/2015	
RCSB-4UGS-H36-KD	supervised_s0	4UGS	H36	293363	4	1	True	True	True	True	True	True	True	exact	True	Curated from the literature by BindingDB	10.1021/acs.biochem.5b00431	26062720	7/7/2015	9/17/2015	
RCSB-4UGM-1QE-KD	supervised_s0	4UGM	1QE	293358	4	1	True	True	True	True	True	True	True	exact	True	Curated from the literature by BindingDB	10.1021/acs.biochem.5b00431	26062720	7/7/2015	9/17/2015	
RCSB-4UGI-SKO-KD	supervised_s0	4UGI	SKO	293355	9	1	True	True	True	True	True	True	True	exact	True	Curated from the literature by BindingDB	10.1021/acs.biochem.5b00431	26062720	7/7/2015	9/17/2015	
RCSB-4UG7-1EV-KD	supervised_s0	4UG7	1EV	293344	4	1	True	True	True	True	True	True	True	exact	True	Curated from the literature by BindingDB	10.1021/acs.biochem.5b00431	26062720	7/7/2015	9/17/2015	
RCSB-4UGH-4V4-KD	supervised_s0	4UGH	4V4	293353	9	1	True	True	True	True	True	True	True	exact	True	Curated from the literature by BindingDB	10.1021/acs.biochem.5b00431	26062720	7/7/2015	9/17/2015	
RCSB-4UGL-S90-KD	supervised_s0	4UGL	S90	293357	4	1	True	True	True	True	True	True	True	exact	True	Curated from the literature by BindingDB	10.1021/acs.biochem.5b00431	26062720	7/7/2015	9/17/2015	
RCSB-4UGD-Q14-KD	supervised_s0	4UGD	Q14	293350	7	1	True	True	False	True	True	True	True	exact	True	Curated from the literature by BindingDB	10.1021/acs.biochem.5b00431	26062720	7/7/2015	9/17/2015	
RCSB-4UGG-S5D-KD	supervised_s0	4UGG	S5D	293352	10	1	True	True	False	True	True	True	True	exact	True	Curated from the literature by BindingDB	10.1021/acs.biochem.5b00431	26062720	7/7/2015	9/17/2015	
RCSB-4UG9-1EW-KD	supervised_s0	4UG9	1EW	293346	4	1	True	True	True	True	True	True	True	exact	True	Curated from the literature by BindingDB	10.1021/acs.biochem.5b00431	26062720	7/7/2015	9/17/2015	
RCSB-4UGC-1Q6-KD	supervised_s0	4UGC	1Q6	293349	7	1	True	True	False	True	True	True	True	exact	True	Curated from the literature by BindingDB	10.1021/acs.biochem.5b00431	26062720	7/7/2015	9/17/2015	
RCSB-4UGO-1QF-KD	supervised_s0	4UGO	1QF	293360	1	1	True	True	True	True	True	True	True	exact	True	Curated from the literature by BindingDB	10.1021/acs.biochem.5b00431	26062720	7/7/2015	9/17/2015	
RCSB-4UGB-QJ7-KD	supervised_s0	4UGB	QJ7	293348	7	1	True	True	True	True	True	True	True	exact	True	Curated from the literature by BindingDB	10.1021/acs.biochem.5b00431	26062720	7/7/2015	9/17/2015	
RCSB-4UGN-H49-KD	supervised_s0	4UGN	H49	293359	1	1	True	True	False	True	True	True	True	exact	True	Curated from the literature by BindingDB	10.1021/acs.biochem.5b00431	26062720	7/7/2015	9/17/2015	
RCSB-5ETB-5RO-KD	site_reference_only	5ETB	5RO	50502523	28	1	True	True	True	True	True	True		quarantined_reference_not_exported	True	ChEMBL	10.1021/acs.jmedchem.6b00215	27167503	6/10/2016	9/26/2017	True
RCSB-5MYG-LS8-KD	supervised_s0	5MYG	LS8	50485237	13	1	True	True	True	True	True	False	True	exact	True	ChEMBL	10.1021/acs.jmedchem.5b01514	26572217	2/25/2016	7/13/2017	
RCSB-5EWH-5SG-KD	supervised_s0	5EWH	5SG	50502517	30	1	True	True	True	True	True	True	True	exact	True	ChEMBL	10.1021/acs.jmedchem.6b00215	27167503	6/10/2016	9/26/2017	
RCSB-5E3G-5JQ-KD	supervised_s0	5E3G	5JQ	50502527	28	1	True	True	True	True	True	True	False	censored_or_missing	False	ChEMBL	10.1021/acs.jmedchem.6b00215	27167503	6/10/2016	9/26/2017	
RCSB-5C85-4YO-KD	supervised_s0	5C85	4YO	50502518	28	1	True	True	True	True	True	True	True	exact	True	ChEMBL	10.1021/acs.jmedchem.6b00215	27167503	6/10/2016	9/26/2017	
RCSB-5EM3-5Q0-KD	supervised_s0	5EM3	5Q0	50502516	28	1	True	True	True	True	True	True	False	censored_or_missing	False	ChEMBL	10.1021/acs.jmedchem.6b00215	27167503	6/10/2016	9/26/2017	
RCSB-5O4S-9KW-KD	supervised_s0	5O4S	9KW	51143378	29	1	True	True	True	True	True	True	True	exact	True	ChEMBL	10.1016/j.ejmech.2018.05.037	29902720	7/15/2018	8/18/2020	
RCSB-5EVA-5S9-KD	supervised_s0	5EVA	5S9	50502525	28	1	True	True	True	True	True	True	False	censored_or_missing	False	ChEMBL	10.1021/acs.jmedchem.6b00215	27167503	6/10/2016	9/26/2017	
RCSB-5C87-4YS-KD	supervised_s0	5C87	4YS	50502515	32	1	True	True	True	True	True	True	False	censored_or_missing	False	ChEMBL	10.1021/acs.jmedchem.6b00215	27167503	6/10/2016	9/26/2017	
RCSB-5O5F-9LT-KD	supervised_s0	5O5F	9LT	51143357	28	1	True	True	False	True	True	True	False	censored_or_missing	False	ChEMBL	10.1016/j.ejmech.2018.05.037	29902720	7/15/2018	8/18/2020	
RCSB-5EPR-5QY-KD	supervised_s0	5EPR	5QY	50502521	28	1	True	True	False	True	True	True	True	exact	True	ChEMBL	10.1021/acs.jmedchem.6b00215	27167503	6/10/2016	9/26/2017	
RCSB-5DY7-5GT-KD	supervised_s0	5DY7	5GT	50502519	28	1	True	True	True	True	True	True	False	censored_or_missing	False	ChEMBL	10.1021/acs.jmedchem.6b00215	27167503	6/10/2016	9/26/2017	
RCSB-5OV8-AXN-KD	supervised_s0	5OV8	AXN	51143356	29	1	True	True	True	True	True	True	True	exact	True	ChEMBL	10.1016/j.ejmech.2018.05.037	29902720	7/15/2018	8/18/2020	
RCSB-5O55-9L5-KD	supervised_s0	5O55	9L5	51143403	30	1	True	True	False	True	True	True	True	exact	True	ChEMBL	10.1016/j.ejmech.2018.05.037	29902720	7/15/2018	8/18/2020	
RCSB-5DYA-5GV-KD	supervised_s0	5DYA	5GV	50502522	28	1	True	True	False	True	True	True	False	censored_or_missing	False	ChEMBL	10.1021/acs.jmedchem.6b00215	27167503	6/10/2016	9/26/2017	
RCSB-5D7X-XZ8-KD	supervised_s0	5D7X	XZ8	50497734	33	1	True	True	True	True	True	True	True	exact	True	ChEMBL	10.1021/acs.jmedchem.5b01757	26982797	4/15/2016	9/5/2017	
RCSB-5EWD-5SH-KD	supervised_s0	5EWD	5SH	50502528	33	1	True	True	True	True	True	True	False	censored_or_missing	False	ChEMBL	10.1021/acs.jmedchem.6b00215	27167503	6/10/2016	9/26/2017	
RCSB-5O5A-9LN-KD	supervised_s0	5O5A	9LN	51143397	30	1	True	True	True	True	True	True	True	exact	True	ChEMBL	10.1016/j.ejmech.2018.05.037	29902720	7/15/2018	8/18/2020	
RCSB-5O5H-9LK-KD	supervised_s0	5O5H	9LK	51143350	28	1	True	True	True	True	True	True	False	censored_or_missing	False	ChEMBL	10.1016/j.ejmech.2018.05.037	29902720	7/15/2018	8/18/2020	
RCSB-5EPS-5QX-KD	supervised_s0	5EPS	5QX	50502520	28	1	True	True	True	True	True	True	True	exact	True	ChEMBL	10.1021/acs.jmedchem.6b00215	27167503	6/10/2016	9/26/2017	
RCSB-4E96-0NS-KD	site_reference_only	4E96	0NS	50973926	33	1	True	True	True	True	True	True		quarantined_reference_not_exported	True	ChEMBL	10.1021/jm3010515	23095041	11/26/2012	5/17/2013	True
RCSB-4O76-1M3-KD	supervised_s0	4O76	1M3	50552364	43	1	True	True	True	True	True	False	True	exact	True	ChEMBL	10.1038/nrd.2016.266	28280261	6/28/2017	9/7/2018	
RCSB-7MRA-ZMJ-KD	supervised_s0	7MRA	ZMJ	51473345	5	1	True	True	True	True	True	True	True	exact	True	ChEMBL		35867655	8/11/2022	6/21/2023	
RCSB-5D26-L28-KD	supervised_s0	5D26	L28	50487418	2	1	True	True	True	True	True	True	True	exact	True	ChEMBL	10.1021/acs.jmedchem.5b01267	26731611	2/25/2016	7/22/2017	
RCSB-5EGU-5NQ-KD	supervised_s0	5EGU	5NQ	50472561	6	1	True	True	True	True	True	True	True	exact	True	ChEMBL	10.1021/acs.jmedchem.5b01708	26735842	2/25/2016	6/25/2017	
RCSB-6TPZ-NV2-KD	supervised_s0	6TPZ	NV2	51292952	5	1	True	True	True	True	True	True	True	exact	True	ChEMBL	10.1021/acs.jmedchem.9b01670	31904959	1/23/2020	2/25/2021	
RCSB-6FO5-DZH-KD	supervised_s0	6FO5	DZH	51135304	3	1	True	True	True	True	True	True	True	exact	True	ChEMBL	10.1021/acs.jmedchem.8b00653	29883107	7/12/2018	8/18/2020	
RCSB-7AXR-S7T-KD	supervised_s0	7AXR	S7T	51454546	3	1	True	True	True	True	True	True	True	exact	True	ChEMBL	10.1021/acs.jmedchem.1c01119	34582215	10/14/2021	3/7/2023	
RCSB-6FSY-E5Q-KD	supervised_s0	6FSY	E5Q	50944290	3	1	True	True	False	True	True	True	True	exact	True	ChEMBL	10.1016/j.bmc.2018.05.003	29776834	7/15/2018	5/8/2020	
RCSB-4PS5-2TA-KD	supervised_s0	4PS5	2TA	50552332	488	1	True	True	True	True	True	False	True	exact	True	ChEMBL	10.1038/nrd.2016.266	28280261	6/28/2017	9/7/2018	
RCSB-7MR9-ZMM-KD	supervised_s0	7MR9	ZMM	51473344	3	1	True	True	True	True	True	True	True	exact	True	ChEMBL		35867655	8/11/2022	6/21/2023	
RCSB-5D3L-57F-KD	supervised_s0	5D3L	57F	50487426	1	1	True	True	True	True	True	True	True	exact	True	ChEMBL	10.1021/acs.jmedchem.5b01267	26731611	2/25/2016	7/22/2017	
RCSB-6Q3Z-HG8-KD	supervised_s0	6Q3Z	HG8	51291139	14	1	True	True	False	True	True	True	True	exact	True	ChEMBL	10.1021/acs.jmedchem.8b01947	30789735	3/14/2019	2/25/2021	
RCSB-5EIS-5OU-KD	supervised_s0	5EIS	5OU	50474344	8	1	True	True	True	True	True	True	True	exact	True	ChEMBL	10.1021/acs.jmedchem.5b01708	26735842	2/25/2016	6/25/2017	
RCSB-5D3T-56Y-KD	supervised_s0	5D3T	56Y	50487429	3	1	True	True	True	True	True	True	True	exact	True	ChEMBL	10.1021/acs.jmedchem.5b01267	26731611	2/25/2016	7/22/2017	
RCSB-6Q3Y-HG5-KD	supervised_s0	6Q3Y	HG5	51291096	5	1	True	True	False	True	True	True	True	exact	True	ChEMBL	10.1021/acs.jmedchem.8b01947	30789735	3/14/2019	2/25/2021	
RCSB-2VUK-P83-KD	site_reference_only	2VUK	P83	51100816	2	2	True	True	True	True	True	False		quarantined_reference_not_exported	True	ChEMBL	10.1016/j.ejmech.2018.04.035	29702446	5/25/2018	8/15/2020	True
RCSB-5O1E-9GT-KD	supervised_s0	5O1E	9GT	51100830	1	1	True	True	True	True	True	True	True	exact	True	ChEMBL	10.1016/j.ejmech.2018.04.035	29702446	5/25/2018	8/15/2020	
RCSB-5O1G-9GK-KD	supervised_s0	5O1G	9GK	51100827	1	1	True	True	True	True	True	True	True	exact	True	ChEMBL	10.1016/j.ejmech.2018.04.035	29702446	5/25/2018	8/15/2020	
RCSB-4AGQ-P96-KD	supervised_s0	4AGQ	P96	51100834	1	1	True	True	True	True	True	False	True	exact	True	ChEMBL	10.1016/j.ejmech.2018.04.035	29702446	5/25/2018	8/15/2020	
RCSB-5AOJ-Y0V-KD	supervised_s0	5AOJ	Y0V	51100822	2	2	True	True	True	True	True	False	True	exact	True	ChEMBL	10.1016/j.ejmech.2018.04.035	29702446	5/25/2018	8/15/2020	
RCSB-5O1D-9GW-KD	supervised_s0	5O1D	9GW	51100831	1	1	True	True	True	True	True	True	True	exact	True	ChEMBL	10.1016/j.ejmech.2018.04.035	29702446	5/25/2018	8/15/2020	
RCSB-5O1C-9GZ-KD	supervised_s0	5O1C	9GZ	51100835	1	1	True	True	True	True	True	True	True	exact	True	ChEMBL	10.1016/j.ejmech.2018.04.035	29702446	5/25/2018	8/15/2020	
RCSB-8A92-LE9-KD	supervised_s0	8A92	LE9	51462442	1	1	True	True	True	True	True	True	False	censored_or_missing	False	ChEMBL		36561072	12/14/2022	6/19/2023	
RCSB-5O1I-9GH-KD	supervised_s0	5O1I	9GH	51100837	1	1	True	True	True	True	True	True	True	exact	True	ChEMBL	10.1016/j.ejmech.2018.04.035	29702446	5/25/2018	8/15/2020	
RCSB-5O1H-9GN-KD	supervised_s0	5O1H	9GN	51100825	1	1	True	True	True	True	True	True	True	exact	True	ChEMBL	10.1016/j.ejmech.2018.04.035	29702446	5/25/2018	8/15/2020	
RCSB-5O1B-9H2-KD	supervised_s0	5O1B	9H2	51100821	1	1	True	True	True	True	True	True	True	exact	True	ChEMBL	10.1016/j.ejmech.2018.04.035	29702446	5/25/2018	8/15/2020	
RCSB-2IJ7-TPF-KD	site_reference_only	2IJ7	TPF	50622349	66	1	True	True	True	True	True	False		quarantined_reference_not_exported	True	ChEMBL	10.1128/AAC.01237-08	19075057	2/23/2009	8/23/2011	True
RCSB-6RQB-Q47-KD	supervised_s0	6RQB	Q47	51235419	1	1	True	True	False	True	True	True	True	exact	True	ChEMBL	10.1021/acs.jmedchem.9b01199	31618032	11/14/2019	2/18/2021	
RCSB-6RQ6-R2H-KD	supervised_s0	6RQ6	R2H	51235412	1	1	True	True	False	True	True	True	True	exact	True	ChEMBL	10.1021/acs.jmedchem.9b01199	31618032	11/14/2019	2/18/2021	
RCSB-6RQ0-KE2-KD	supervised_s0	6RQ0	KE2	51235413	1	1	True	True	False	True	True	True	True	exact	True	ChEMBL	10.1021/acs.jmedchem.9b01199	31618032	11/14/2019	2/18/2021	
RCSB-6RQ9-KEQ-KD	supervised_s0	6RQ9	KEQ	51235408	1	1	True	True	False	True	True	True	True	exact	True	ChEMBL	10.1021/acs.jmedchem.9b01199	31618032	11/14/2019	2/18/2021	
RCSB-6RQ3-OUC-KD	supervised_s0	6RQ3	OUC	51235418	1	1	True	True	False	True	True	True	False	censored_or_missing	False	ChEMBL	10.1021/acs.jmedchem.9b01199	31618032	11/14/2019	2/18/2021	
RCSB-6RQD-KEW-KD	supervised_s0	6RQD	KEW	51235417	1	1	True	True	False	True	True	True	True	exact	True	ChEMBL	10.1021/acs.jmedchem.9b01199	31618032	11/14/2019	2/18/2021	
RCSB-6RQ1-KE5-KD	supervised_s0	6RQ1	KE5	51235414	1	1	True	True	False	True	True	True	True	exact	True	ChEMBL	10.1021/acs.jmedchem.9b01199	31618032	11/14/2019	2/18/2021	
RCSB-6RQ8-KEH-KD	supervised_s0	6RQ8	KEH	51235420	1	1	True	True	False	True	True	True	True	exact	True	ChEMBL	10.1021/acs.jmedchem.9b01199	31618032	11/14/2019	2/18/2021	
RCSB-6RQ5-KEB-KD	supervised_s0	6RQ5	KEB	51235406	1	1	True	True	False	True	True	True	True	exact	True	ChEMBL	10.1021/acs.jmedchem.9b01199	31618032	11/14/2019	2/18/2021	
RCSB-6U5Y-Q0M-KD	site_reference_only	6U5Y	Q0M	51308014	4	2	True	True	True	True	True	True		quarantined_reference_not_exported	True	ChEMBL	10.1021/acs.jmedchem.9b01411	31724864	12/26/2019	2/26/2021	True
RCSB-6UIK-Q8M-KD	supervised_s0	6UIK	Q8M	51329916	1	1	True	True	True	True	True	True	True	exact	True	ChEMBL	10.1021/acs.jmedchem.0c00224	32223236	4/23/2020	8/11/2021	
RCSB-6U8O-Q1G-KD	supervised_s0	6U8O	Q1G	51308032	2	2	True	True	True	True	True	True	True	exact	True	ChEMBL	10.1021/acs.jmedchem.9b01411	31724864	12/26/2019	2/26/2021	
RCSB-6UIF-Q8P-KD	supervised_s0	6UIF	Q8P	51329934	1	1	True	True	True	True	True	True	True	exact	True	ChEMBL	10.1021/acs.jmedchem.0c00224	32223236	4/23/2020	8/11/2021	
RCSB-6UJ4-Q8S-KD	supervised_s0	6UJ4	Q8S	51329930	1	1	True	True	True	True	True	True	True	exact	True	ChEMBL	10.1021/acs.jmedchem.0c00224	32223236	4/23/2020	8/11/2021	
RCSB-6UHY-Q8G-KD	supervised_s0	6UHY	Q8G	51474526	2	1	True	True	True	True	True	False	False	censored_or_missing	False	ChEMBL		34928151	1/13/2022	6/21/2023	
RCSB-6UOZ-QF1-KD	supervised_s0	6UOZ	QF1	51329938	2	1	True	True	True	True	True	True	True	exact	True	ChEMBL	10.1021/acs.jmedchem.0c00224	32223236	4/23/2020	8/11/2021	
RCSB-6U5M-Q0S-KD	supervised_s0	6U5M	Q0S	51308015	2	2	True	True	True	True	True	True	True	exact	True	ChEMBL	10.1021/acs.jmedchem.9b01411	31724864	12/26/2019	2/26/2021	
RCSB-6U8L-Q1P-KD	supervised_s0	6U8L	Q1P	51308108	2	2	True	True	True	True	True	True	True	exact	True	ChEMBL	10.1021/acs.jmedchem.9b01411	31724864	12/26/2019	2/26/2021	
RCSB-5U4B-XOS-KD	site_reference_only	5U4B	XOS	50759368	1	1	True	True	False	True	True	True		quarantined_reference_not_exported	True	ChEMBL	10.1021/acs.jmedchem.7b00952	28920684	9/28/2017	10/10/2019	True
RCSB-5U4D-XLO-KD	supervised_s0	5U4D	XLO	50759380	1	1	True	True	False	True	True	True	True	exact	True	ChEMBL	10.1021/acs.jmedchem.7b00952	28920684	9/28/2017	10/10/2019	
RCSB-5U4F-IWW-KD	supervised_s0	5U4F	IWW	50759376	1	1	True	True	False	True	True	True	True	exact	True	ChEMBL	10.1021/acs.jmedchem.7b00952	28920684	9/28/2017	10/10/2019	
RCSB-5U49-S2L-KD	supervised_s0	5U49	S2L	50759365	1	1	True	True	False	True	True	True	True	exact	True	ChEMBL	10.1021/acs.jmedchem.7b00952	28920684	9/28/2017	10/10/2019	
RCSB-5U4E-XLB-KD	supervised_s0	5U4E	XLB	50759379	1	1	True	True	False	True	True	True	True	exact	True	ChEMBL	10.1021/acs.jmedchem.7b00952	28920684	9/28/2017	10/10/2019	
RCSB-5U48-S4B-KD	supervised_s0	5U48	S4B	50759363	1	1	True	True	False	True	True	True	True	exact	True	ChEMBL	10.1021/acs.jmedchem.7b00952	28920684	9/28/2017	10/10/2019	
RCSB-5U4A-7VG-KD	supervised_s0	5U4A	7VG	50759366	1	1	True	True	False	True	True	True	True	exact	True	ChEMBL	10.1021/acs.jmedchem.7b00952	28920684	9/28/2017	10/10/2019	
RCSB-5U4C-XBS-KD	supervised_s0	5U4C	XBS	50759369	1	1	True	True	False	True	True	True	True	exact	True	ChEMBL	10.1021/acs.jmedchem.7b00952	28920684	9/28/2017	10/10/2019	
RCSB-3SIE-5BO-KD	site_reference_only	3SIE	5BO	50082512	1	1	True	True	True	True	True	False		quarantined_reference_not_exported	True	ChEMBL	10.1021/jm5002315	24702184	4/24/2014	2/7/2015	True
RCSB-3SHY-5FO-KD	supervised_s0	3SHY	5FO	50082510	1	1	True	True	True	True	True	False	True	exact	True	ChEMBL	10.1021/jm5002315	24702184	4/24/2014	2/7/2015	
RCSB-4OEX-5EO-KD	supervised_s0	4OEX	5EO	50082509	1	1	True	True	True	True	True	True	True	exact	True	ChEMBL	10.1021/jm5002315	24702184	4/24/2014	2/7/2015	
RCSB-4G2W-NI0-KD	supervised_s0	4G2W	NI0	51287629	8	1	True	True	True	True	True	False	True	exact	True	ChEMBL	10.1021/acs.jmedchem.9b00123	31021628	5/23/2019	2/24/2021	
RCSB-4OEW-5IO-KD	supervised_s0	4OEW	5IO	50082513	1	1	True	True	True	True	True	True	True	exact	True	ChEMBL	10.1021/jm5002315	24702184	4/24/2014	2/7/2015	
RCSB-6IWI-B0C-KD	supervised_s0	6IWI	B0C	51287618	9	1	True	True	True	True	True	True	True	exact	True	ChEMBL	10.1021/acs.jmedchem.9b00123	31021628	5/23/2019	2/24/2021	
RCSB-3SHZ-5CO-KD	supervised_s0	3SHZ	5CO	50082511	1	1	True	True	True	True	True	False	True	exact	True	ChEMBL	10.1021/jm5002315	24702184	4/24/2014	2/7/2015	
RCSB-6I12-H08-KD	site_reference_only	6I12	H08	51290898	2	2	True	True	True	True	True	True		quarantined_reference_not_exported	True	ChEMBL	10.1016/j.bmcl.2019.01.035	30773430	4/15/2019	2/25/2021	True
RCSB-6I0Z-GZQ-KD	supervised_s0	6I0Z	GZQ	51290910	1	1	True	True	True	True	True	True	True	exact	True	ChEMBL	10.1016/j.bmcl.2019.01.035	30773430	4/15/2019	2/25/2021	
RCSB-6I13-H0Q-KD	supervised_s0	6I13	H0Q	51290914	2	1	True	True	True	True	True	True	True	exact	True	ChEMBL	10.1016/j.bmcl.2019.01.035	30773430	4/15/2019	2/25/2021	
RCSB-6I16-H0B-KD	supervised_s0	6I16	H0B	51290903	1	1	True	True	True	True	True	True	False	censored_or_missing	False	ChEMBL	10.1016/j.bmcl.2019.01.035	30773430	4/15/2019	2/25/2021	
RCSB-6I11-H0H-KD	supervised_s0	6I11	H0H	51290924	2	1	True	True	True	True	True	True	True	exact	True	ChEMBL	10.1016/j.bmcl.2019.01.035	30773430	4/15/2019	2/25/2021	
RCSB-6I14-GZN-KD	supervised_s0	6I14	GZN	51290890	2	1	True	True	True	True	True	True	True	exact	True	ChEMBL	10.1016/j.bmcl.2019.01.035	30773430	4/15/2019	2/25/2021	
RCSB-4B2I-LZ1-KD	site_reference_only	4B2I	LZ1	201806	9	1	True	True	True	True	True	True		quarantined_reference_not_exported	True	Curated from the literature by BindingDB	10.1002/cbic.201200521	23344974	2/11/2013	4/9/2013	True
RCSB-4B33-1NP-KD	supervised_s0	4B33	1NP	201809	10	1	True	True	True	True	True	True	True	exact	True	Curated from the literature by BindingDB	10.1002/cbic.201200521	23344974	2/11/2013	4/9/2013	
RCSB-4B32-03V-KD	supervised_s0	4B32	03V	201810	6	1	True	True	True	True	True	True	True	exact	True	Curated from the literature by BindingDB	10.1002/cbic.201200521	23344974	2/11/2013	4/9/2013	
RCSB-4B3D-5MI-KD	supervised_s0	4B3D	5MI	201804	1	1	True	True	True	True	True	True	True	exact	True	Curated from the literature by BindingDB	10.1002/cbic.201200521	23344974	2/11/2013	4/9/2013	
RCSB-4B2L-TR7-KD	supervised_s0	4B2L	TR7	201808	3	1	True	True	False	True	True	True	True	exact	True	Curated from the literature by BindingDB	10.1002/cbic.201200521	23344974	2/11/2013	4/9/2013	
RCSB-4B34-ABV-KD	supervised_s0	4B34	ABV	201807	5	1	True	True	True	True	True	True	True	exact	True	Curated from the literature by BindingDB	10.1002/cbic.201200521	23344974	2/11/2013	4/9/2013	
RCSB-6QLR-J4N-KD	site_reference_only	6QLR	J4N	50770955	2	1	True	True	False	True	True	False		quarantined_reference_not_exported	True	ChEMBL	10.1021/acs.jmedchem.7b01626	29284090	2/8/2018	11/2/2019	True
RCSB-6QLO-J5E-KD	supervised_s0	6QLO	J5E	50770954	2	1	True	True	False	True	True	False	True	exact	True	ChEMBL	10.1021/acs.jmedchem.7b01626	29284090	2/8/2018	11/2/2019	
RCSB-6QLT-J5W-KD	supervised_s0	6QLT	J5W	50770952	2	1	True	True	False	True	True	False	True	exact	True	ChEMBL	10.1021/acs.jmedchem.7b01626	29284090	2/8/2018	11/2/2019	
RCSB-6QLQ-J4E-KD	supervised_s0	6QLQ	J4E	50770964	2	1	True	True	False	True	True	False	True	exact	True	ChEMBL	10.1021/acs.jmedchem.7b01626	29284090	2/8/2018	11/2/2019	
RCSB-6QLN-J5Q-KD	supervised_s0	6QLN	J5Q	50770953	2	1	True	True	False	True	True	False	True	exact	True	ChEMBL	10.1021/acs.jmedchem.7b01626	29284090	2/8/2018	11/2/2019	
RCSB-6QLU-J62-KD	supervised_s0	6QLU	J62	50770906	2	1	True	True	False	True	True	False	True	exact	True	ChEMBL	10.1021/acs.jmedchem.7b01626	29284090	2/8/2018	11/2/2019	
RCSB-4TYL-39O-KD	site_reference_only	4TYL	39O	50244616	1	1	True	True	True	True	True	True		quarantined_reference_not_exported	True	ChEMBL	10.1021/jm501035j	25314628	11/26/2014	3/11/2016	True
RCSB-7Q6T-96L-KD	supervised_s0	7Q6T	96L	51447889	24	8	True	True	False	True	True	True	False	censored_or_missing	False	ChEMBL	10.1021/acs.jmedchem.1c01871	35133824	2/24/2022	3/6/2023	
RCSB-4TZ8-39U-KD	supervised_s0	4TZ8	39U	50244615	1	1	True	True	True	True	True	True	True	exact	True	ChEMBL	10.1021/jm501035j	25314628	11/26/2014	3/11/2016	
RCSB-6HIE-G7Q-KD	supervised_s0	6HIE	G7Q	51342294	2	1	True	True	False	True	True	True	True	exact	True	ChEMBL	10.1021/acsmedchemlett.0c00080	32832026	8/13/2020	8/13/2021	
RCSB-5A5Q-6XC-KD	supervised_s0	5A5Q	6XC	50351599	5	1	True	True	True	True	True	True	True	exact	True	ChEMBL	10.1021/acs.jmedchem.5b00772	26155854	7/23/2015	10/13/2016	
RCSB-6S57-KVT-KD	supervised_s0	6S57	KVT	51228634	4	1	True	True	True	True	True	True	True	exact	True	ChEMBL	10.1021/acs.jmedchem.9b00673	31398032	8/22/2019	2/18/2021	
RCSB-7ERK-1N1-KD	site_reference_only	7ERK	1N1	51423407	1090	1	True	True	True	True	True	True		quarantined_reference_not_exported	True	ChEMBL	10.1021/acs.jmedchem.1c00823	34547896	10/14/2021	8/23/2022	True
RCSB-8WGS-WGH-KD	supervised_s0	8WGS	WGH	51599659	3	1	True	True	True	True	True	True	True	exact	True	ChEMBL		38670538	//0	10/12/2025	
RCSB-8II2-R75-KD	supervised_s0	8II2	R75	51538073	72	1	True	True	True	True	True	True	True	exact	True	ChEMBL		37311373	7/15/2023	12/14/2024	
RCSB-8II3-PKK-KD	supervised_s0	8II3	PKK	51538076	2	1	True	True	True	True	True	True	True	exact	True	ChEMBL	10.1016/j.bmc.2023.117370	37311373	7/15/2023	12/14/2024	
RCSB-8WGT-WGJ-KD	supervised_s0	8WGT	WGJ	51599662	3	1	True	True	True	True	True	True	True	exact	True	ChEMBL		38670538	//0	10/12/2025	
RCSB-8II4-PKQ-KD	supervised_s0	8II4	PKQ	51538075	7	1	True	True	True	True	True	True	True	exact	True	ChEMBL		37311373	7/15/2023	12/14/2024	
RCSB-5FBI-5WD-KD	site_reference_only	5FBI	5WD	361431	6	1	True	True	True	True	True	True		quarantined_reference_not_exported	True	Curated from the literature by BindingDB	10.1038/nchembio.2208	27775713	12/28/2016	11/29/2016	True
RCSB-6FTZ-E7E-KD	supervised_s0	6FTZ	E7E	51096719	1	1	True	True	True	True	True	True	True	exact	True	ChEMBL	10.1021/acsmedchemlett.8b00104	29795765	5/10/2018	8/14/2020	
RCSB-6FUH-E88-KD	supervised_s0	6FUH	E88	51097017	2	1	True	True	False	True	True	True	True	exact	True	ChEMBL	10.1021/acsmedchemlett.8b00104	29795765	5/10/2018	8/14/2020	
RCSB-6FUG-E85-KD	supervised_s0	6FUG	E85	51096696	2	1	True	True	True	True	True	True	True	exact	True	ChEMBL	10.1021/acsmedchemlett.8b00104	29795765	5/10/2018	8/14/2020	
RCSB-5MT4-M7O-KD	supervised_s0	5MT4	M7O	50729089	2	1	True	True	True	True	True	True	True	exact	True	ChEMBL	10.1021/acs.jmedchem.6b01684	28157311	3/9/2017	7/15/2019	
RCSB-6FUI-E7W-KD	supervised_s0	6FUI	E7W	51097020	2	1	True	True	False	True	True	True	True	exact	True	ChEMBL	10.1021/acsmedchemlett.8b00104	29795765	5/10/2018	8/14/2020	
RCSB-4HT0-V50-KD	site_reference_only	4HT0	V50	51054396	23	1	True	True	True	True	True	True		quarantined_reference_not_exported	True	ChEMBL	10.1016/j.bmc.2013.01.008	23394791	3/18/2013	9/24/2013	True
RCSB-5LLE-V51-KD	supervised_s0	5LLE	V51	51054394	5	1	True	True	False	True	True	False	True	exact	True	ChEMBL	10.1016/j.bmc.2013.01.008	23394791	3/18/2013	9/24/2013	
RCSB-6GOT-F6W-KD	supervised_s0	6GOT	F6W	51054389	5	1	True	True	True	True	True	False	True	exact	True	ChEMBL	10.1016/j.bmc.2013.01.008	23394791	3/18/2013	9/24/2013	
RCSB-5LLG-VD9-KD	supervised_s0	5LLG	VD9	51054390	5	1	True	True	True	True	True	False	True	exact	True	ChEMBL	10.1016/j.bmc.2013.01.008	23394791	3/18/2013	9/24/2013	
RCSB-5LLH-V49-KD	supervised_s0	5LLH	V49	51054395	5	1	True	True	True	True	True	False	False	censored_or_missing	False	ChEMBL	10.1016/j.bmc.2013.01.008	23394791	3/18/2013	9/24/2013	
RCSB-4QSB-EWY-KD	supervised_s0	4QSB	EWY	51200930	6	1	True	True	True	True	True	False	True	exact	True	ChEMBL	10.1016/j.bmc.2013.09.029	24103428	11/15/2013	9/1/2020	
RCSB-5EP7-5QR-KD	site_reference_only	5EP7	5QR	51121455	1	1	True	True	True	True	True	True		quarantined_reference_not_exported	True	ChEMBL	10.1021/acsmedchemlett.8b00286	30258543	9/13/2018	8/16/2020	True
RCSB-5NLK-92E-KD	supervised_s0	5NLK	92E	51121462	3	2	True	True	True	True	True	False	True	exact	True	ChEMBL	10.1021/acsmedchemlett.8b00286	30258543	9/13/2018	8/16/2020	
RCSB-5MPZ-4I8-KD	supervised_s0	5MPZ	4I8	50779444	2	1	True	True	True	True	True	True	True	exact	True	ChEMBL	10.1016/j.bmcl.2017.04.001	28410781	6/1/2017	11/3/2019	
RCSB-5H85-5XS-KD	supervised_s0	5H85	5XS	51121457	1	1	True	True	True	True	True	True	True	exact	True	ChEMBL	10.1021/acsmedchemlett.8b00286	30258543	9/13/2018	8/16/2020	
RCSB-5MQE-PKU-KD	supervised_s0	5MQE	PKU	50779447	2	1	True	True	True	True	True	True	True	exact	True	ChEMBL	10.1016/j.bmcl.2017.04.001	28410781	6/1/2017	11/3/2019	
RCSB-5MME-8Q6-KD	supervised_s0	5MME	8Q6	51121448	1	1	True	True	True	True	True	True	True	exact	True	ChEMBL	10.1021/acsmedchemlett.8b00286	30258543	9/13/2018	8/16/2020	
RCSB-7AVL-S2Z-KD	site_reference_only	7AVL	S2Z	51439935	6	1	True	True	False	True	True	True		quarantined_reference_not_exported	True	ChEMBL	10.1021/acs.jmedchem.0c01949	33719426	5/27/2021	3/5/2023	True
RCSB-7AVT-S3T-KD	supervised_s0	7AVT	S3T	51439938	1	1	True	True	False	True	True	True	True	exact	True	ChEMBL	10.1021/acs.jmedchem.0c01949	33719426	5/27/2021	3/5/2023	
RCSB-7AVS-S3Q-KD	supervised_s0	7AVS	S3Q	51439937	2	1	True	True	False	True	True	True	True	exact	True	ChEMBL	10.1021/acs.jmedchem.0c01949	33719426	5/27/2021	3/5/2023	
RCSB-7AVU-S3Z-KD	supervised_s0	7AVU	S3Z	51439939	1	1	True	True	False	True	True	True	True	exact	True	ChEMBL	10.1021/acs.jmedchem.0c01949	33719426	5/27/2021	3/5/2023	
RCSB-7AVV-S2W-KD	supervised_s0	7AVV	S2W	51439940	1	1	True	True	False	True	True	True	True	exact	True	ChEMBL	10.1021/acs.jmedchem.0c01949	33719426	5/27/2021	3/5/2023	
RCSB-6PBI-O6Y-KD	site_reference_only	6PBI	O6Y	51333938	1	1	True	True	True	True	True	True		quarantined_reference_not_exported	True	ChEMBL	10.1021/acs.jmedchem.0c00111	32529824	7/9/2020	8/12/2021	True
RCSB-6PDH-OAV-KD	supervised_s0	6PDH	OAV	51333939	1	1	True	True	True	True	True	True	True	exact	True	ChEMBL	10.1021/acs.jmedchem.0c00111	32529824	7/9/2020	8/12/2021	
RCSB-6WHD-KFS-KD	supervised_s0	6WHD	KFS	51333935	1	1	True	True	True	True	True	True	True	exact	True	ChEMBL	10.1021/acs.jmedchem.0c00111	32529824	7/9/2020	8/12/2021	
RCSB-6PG1-O7P-KD	supervised_s0	6PG1	O7P	51333936	1	1	True	True	True	True	True	True	True	exact	True	ChEMBL	10.1021/acs.jmedchem.0c00111	32529824	7/9/2020	8/12/2021	
RCSB-6PLI-ONY-KD	supervised_s0	6PLI	ONY	51333941	1	1	True	True	True	True	True	True	True	exact	True	ChEMBL	10.1021/acs.jmedchem.0c00111	32529824	7/9/2020	8/12/2021	
RCSB-3P3R-3M1-KD	site_reference_only	3P3R	3M1	1169586	4	4	True	True	True	True	False	False		quarantined_reference_not_exported	False	US Patent			5/24/2022	8/28/2022	True
RCSB-5BOJ-4TX-KD	supervised_s0	5BOJ	4TX	50389028	26	1	True	True	True	True	True	True	True	exact	True	ChEMBL	10.1021/acs.jmedchem.5b00544	26214366	8/28/2015	11/15/2016	
RCSB-4WO0-AGI-KD	supervised_s0	4WO0	AGI	50389035	161	1	True	True	True	True	True	False	True	exact	True	ChEMBL	10.1021/acs.jmedchem.5b00544	26214366	8/28/2015	11/15/2016	
RCSB-4QXV-LU2-KD	supervised_s0	4QXV	LU2	50389036	173	1	True	True	True	True	True	False	True	exact	True	ChEMBL	10.1021/acs.jmedchem.5b00544	26214366	8/28/2015	11/15/2016	
RCSB-7QC5-AQI-KD	supervised_s0	7QC5	AQI	51458213	1	1	True	True	True	True	True	True	False	censored_or_missing	False	ChEMBL		36306808	11/10/2022	6/18/2023	
RCSB-3K5K-DXQ-KD	site_reference_only	3K5K	DXQ	50156284	21	2	True	True	True	True	True	True		quarantined_reference_not_exported	True	ChEMBL	10.1021/jm901543m	19891491	12/17/2009	8/29/2010	True
RCSB-3RJW-CIQ-KD	supervised_s0	3RJW	CIQ	51290874	57	1	True	True	True	True	True	False	True	exact	True	ChEMBL	10.1021/acs.jmedchem.8b02008	30753076	3/14/2019	2/25/2021	
RCSB-5TTF-7KZ-KD	supervised_s0	5TTF	7KZ	51220531	7	1	True	True	True	True	True	True	True	exact	True	ChEMBL	10.1021/acs.jmedchem.6b01645	28135087	3/9/2017	9/5/2020	
RCSB-7T7L-G4R-KD	supervised_s0	7T7L	G4R	51476746	6	1	True	True	True	True	True	True	True	exact	True	ChEMBL		35763668	8/11/2022	6/21/2023	
RCSB-7X73-J26-KD	supervised_s0	7X73	J26	51604596	9	1	True	True	False	True	True	False	True	exact	True	ChEMBL		38914346	//0	10/12/2025	
RCSB-7RH3-59O-KD	site_reference_only	7RH3	59O		0	0	False	False	False	False	False	False		quarantined_reference_not_exported	False						True
RCSB-7RH4-5A4-KD	supervised_s0	7RH4	5A4		0	0	False	False	False	False	False	False	False	censored_or_missing	False						
RCSB-7RGX-57I-KD	supervised_s0	7RGX	57I		0	0	False	False	False	False	False	False	False	censored_or_missing	False						
RCSB-7RH0-5BI-KD	supervised_s0	7RH0	5BI		0	0	False	False	False	False	False	False	False	censored_or_missing	False						
RCSB-7RH1-5EI-KD	supervised_s0	7RH1	5EI		0	0	False	False	False	False	False	False	False	censored_or_missing	False						
RCSB-4K9W-7AW-KD	site_reference_only	4K9W	7AW	245775	2	2	True	True	False	True	True	True		quarantined_reference_not_exported	True	Curated from the literature by BindingDB	10.1021/bi4005396	23746300	7/2/2013	9/4/2014	True
RCSB-4K9X-8AW-KD	supervised_s0	4K9X	8AW	245783	2	1	True	True	False	True	True	True	True	exact	True	Curated from the literature by BindingDB	10.1021/bi4005396	23746300	7/2/2013	9/4/2014	
RCSB-4K9V-6AW-KD	supervised_s0	4K9V	6AW	245781	2	1	True	True	False	True	True	True	True	exact	True	Curated from the literature by BindingDB	10.1021/bi4005396	23746300	7/2/2013	9/4/2014	
RCSB-4D7D-PKT-KD	supervised_s0	4D7D	PKT	50499737	2	1	True	True	False	True	True	True	True	exact	True	ChEMBL	10.1021/acs.jmedchem.5b01146	26371436	5/12/2016	9/14/2017	
RCSB-4D78-J9K-KD	supervised_s0	4D78	J9K	50499738	2	1	True	True	False	True	True	True	True	exact	True	ChEMBL	10.1021/acs.jmedchem.5b01146	26371436	5/12/2016	9/14/2017	
RCSB-182L-BZF-KD	site_reference_only	182L	BZF	50828738	44	1	True	True	True	True	True	False		quarantined_reference_not_exported	True	ChEMBL	10.1021/jm0491187	15916423	5/26/2005	12/3/2012	True
RCSB-188L-OXE-KD	supervised_s0	188L	OXE	50828757	46	1	True	True	True	True	True	False	True	exact	True	ChEMBL	10.1021/jm0491187	15916423	5/26/2005	12/3/2012	
RCSB-183L-DEN-KD	supervised_s0	183L	DEN	50828740	44	1	True	True	True	True	True	False	True	exact	True	ChEMBL	10.1021/jm0491187	15916423	5/26/2005	12/3/2012	
RCSB-185L-IND-KD	supervised_s0	185L	IND	50828741	57	1	True	True	True	True	True	False	True	exact	True	ChEMBL	10.1021/jm0491187	15916423	5/26/2005	12/3/2012	
RCSB-184L-I4B-KD	supervised_s0	184L	I4B	50828758	44	1	True	True	True	True	True	False	True	exact	True	ChEMBL	10.1021/jm0491187	15916423	5/26/2005	12/3/2012	
RCSB-6GJL-F1Q-KD	site_reference_only	6GJL	F1Q	1342267	1	1	True	True	True	True	False	False		quarantined_reference_not_exported	False	US Patent			10/31/2023	12/13/2023	True
RCSB-6GJM-L36-KD	supervised_s0	6GJM	L36	1342269	1	1	True	True	True	True	False	False	True	exact	False	US Patent			10/31/2023	12/13/2023	
RCSB-6GJY-F1Z-KD	supervised_s0	6GJY	F1Z	1342273	1	1	True	True	True	True	False	False	False	censored_or_missing	False	US Patent			10/31/2023	12/13/2023	
RCSB-6GJI-F1E-KD	supervised_s0	6GJI	F1E	1342270	1	1	True	True	True	True	False	False	True	exact	False	US Patent			10/31/2023	12/13/2023	
RCSB-6GJR-F0W-KD	supervised_s0	6GJR	F0W	1342271	1	1	True	True	True	True	False	False	True	exact	False	US Patent			10/31/2023	12/13/2023	
RCSB-5J3L-6FR-KD	site_reference_only	5J3L	6FR	399884	1	1	True	True	True	True	True	True		quarantined_reference_not_exported	True	Curated from the literature by BindingDB	10.1021/acschembio.7b00091	28314097	5/19/2017	5/30/2017	True
RCSB-5IOZ-6C4-KD	supervised_s0	5IOZ	6C4	399883	1	1	True	True	True	False	True	True	True	exact	False	Curated from the literature by BindingDB	10.1021/acschembio.7b00091	28314097	5/19/2017	5/30/2017	
RCSB-5IOY-6C5-KD	supervised_s0	5IOY	6C5	399882	1	1	True	True	True	False	True	True	True	exact	False	Curated from the literature by BindingDB	10.1021/acschembio.7b00091	28314097	5/19/2017	5/30/2017	
RCSB-5J1R-6FG-KD	supervised_s0	5J1R	6FG	399887	1	1	True	True	True	True	True	True	True	exact	True	Curated from the literature by BindingDB	10.1021/acschembio.7b00091	28314097	5/19/2017	5/30/2017	
RCSB-5IPA-6C8-KD	supervised_s0	5IPA	6C8	399886	1	1	True	True	True	False	True	True	True	exact	False	Curated from the literature by BindingDB	10.1021/acschembio.7b00091	28314097	5/19/2017	5/30/2017	
RCSB-4MPC-PV2-KD	site_reference_only	4MPC	PV2	397402	4	2	True	True	True	True	True	True		quarantined_reference_not_exported	True	Curated from the literature by BindingDB	10.1074/jbc.M113.533885	24356970	2/14/2014	5/17/2017	True
RCSB-4MP7-PFT-KD	supervised_s0	4MP7	PFT	397411	7	1	True	True	True	True	True	True	True	exact	True	Curated from the literature by BindingDB	10.1074/jbc.M113.533885	24356970	2/14/2014	5/17/2017	
RCSB-4MPE-PV8-KD	supervised_s0	4MPE	PV8	397413	12	1	True	True	True	True	True	True	True	exact	True	Curated from the literature by BindingDB	10.1074/jbc.M113.533885	24356970	2/14/2014	5/17/2017	
RCSB-4MP2-PV1-KD	supervised_s0	4MP2	PV1	397410	6	1	True	True	True	True	True	True	True	exact	True	Curated from the literature by BindingDB	10.1074/jbc.M113.533885	24356970	2/14/2014	5/17/2017	
RCSB-5J71-P35-KD	supervised_s0	5J71	P35	50690770	2	1	True	True	True	True	True	True	True	exact	True	ChEMBL	10.1021/acs.jmedchem.6b01540	28085286	2/9/2017	5/26/2019	
RCSB-5E74-5KH-KD	site_reference_only	5E74	5KH	50497739	2	2	True	True	True	True	True	True		quarantined_reference_not_exported	True	ChEMBL	10.1021/acs.jmedchem.5b01757	26982797	4/15/2016	9/5/2017	True
RCSB-5E73-UO1-KD	supervised_s0	5E73	UO1	50497738	1	1	True	True	True	True	True	True	True	exact	True	ChEMBL	10.1021/acs.jmedchem.5b01757	26982797	4/15/2016	9/5/2017	
RCSB-5MGE-7MX-KD	supervised_s0	5MGE	7MX	50982214	2	1	True	True	True	True	True	True	True	exact	True	ChEMBL	10.1016/j.ejmech.2017.08.028	28837921	10/20/2017	6/1/2020	
RCSB-5MGG-7MU-KD	supervised_s0	5MGG	7MU	50982216	2	1	True	True	True	True	True	True	False	censored_or_missing	False	ChEMBL	10.1016/j.ejmech.2017.08.028	28837921	10/20/2017	6/1/2020	
RCSB-5MGF-7MW-KD	supervised_s0	5MGF	7MW	50982202	2	1	True	True	True	True	True	True	True	exact	True	ChEMBL	10.1016/j.ejmech.2017.08.028	28837921	10/20/2017	6/1/2020	
RCSB-5X4M-7ZF-KD	site_reference_only	5X4M	7ZF	50887156	3	1	True	True	True	True	True	True		quarantined_reference_not_exported	True	ChEMBL	10.1021/acs.jmedchem.7b00313	28471657	5/25/2017	2/20/2020	True
RCSB-5X4O-YAM-KD	supervised_s0	5X4O	YAM	50887157	25	1	True	True	True	True	True	True	True	exact	True	ChEMBL	10.1021/acs.jmedchem.7b00313	28471657	5/25/2017	2/20/2020	
RCSB-5X9O-80R-KD	supervised_s0	5X9O	80R	50834339	1	1	True	True	True	True	True	True	True	exact	True	ChEMBL	10.1016/j.bmc.2017.07.037	28760529	9/1/2017	1/14/2020	
RCSB-5X4P-7ZO-KD	supervised_s0	5X4P	7ZO	50887144	1	1	True	True	True	True	True	True	True	exact	True	ChEMBL	10.1021/acs.jmedchem.7b00313	28471657	5/25/2017	2/20/2020	
RCSB-5X4N-7ZL-KD	supervised_s0	5X4N	7ZL	50887143	2	1	True	True	True	True	True	True	True	exact	True	ChEMBL	10.1021/acs.jmedchem.7b00313	28471657	5/25/2017	2/20/2020	
RCSB-5MGJ-7MX-KD	site_reference_only	5MGJ	7MX	50982199	2	1	True	True	True	True	True	True		quarantined_reference_not_exported	True	ChEMBL	10.1016/j.ejmech.2017.08.028	28837921	10/20/2017	6/1/2020	True
RCSB-5MGK-7MW-KD	supervised_s0	5MGK	7MW	50982212	2	1	True	True	True	True	True	True	True	exact	True	ChEMBL	10.1016/j.ejmech.2017.08.028	28837921	10/20/2017	6/1/2020	
RCSB-5MGL-7MU-KD	supervised_s0	5MGL	7MU	50982215	2	1	True	True	True	True	True	True	False	censored_or_missing	False	ChEMBL	10.1016/j.ejmech.2017.08.028	28837921	10/20/2017	6/1/2020	
RCSB-5MGM-7MZ-KD	supervised_s0	5MGM	7MZ	50982217	2	1	True	True	True	True	True	True	False	censored_or_missing	False	ChEMBL	10.1016/j.ejmech.2017.08.028	28837921	10/20/2017	6/1/2020	
RCSB-4AJL-88W-KD	site_reference_only	4AJL	88W	185084	23	2	True	True	True	True	True	True		quarantined_reference_not_exported	True	Curated from the literature by BindingDB	10.1021/jm201734r	22417091	4/12/2012	5/21/2012	True
RCSB-4AJK-88S-KD	supervised_s0	4AJK	88S	185082	7	1	True	True	True	True	True	True	True	exact	True	Curated from the literature by BindingDB	10.1021/jm201734r	22417091	4/12/2012	5/21/2012	
RCSB-4AL4-W7E-KD	supervised_s0	4AL4	W7E	185091	2	1	True	True	True	True	True	True	True	exact	True	Curated from the literature by BindingDB	10.1021/jm201734r	22417091	4/12/2012	5/21/2012	
RCSB-4AJN-88V-KD	supervised_s0	4AJN	88V	185094	2	1	True	True	True	True	True	True	True	exact	True	Curated from the literature by BindingDB	10.1021/jm201734r	22417091	4/12/2012	5/21/2012	
RCSB-3B28-B2X-KD	site_reference_only	3B28	B2X	50664314	3	2	True	True	True	True	True	True		quarantined_reference_not_exported	True	ChEMBL	10.1016/j.bmcl.2011.08.001	21875802	9/12/2011	3/24/2012	True
RCSB-3B25-B2K-KD	supervised_s0	3B25	B2K	50664332	2	1	True	True	True	True	True	True	True	exact	True	ChEMBL	10.1016/j.bmcl.2011.08.001	21875802	9/12/2011	3/24/2012	
RCSB-3B27-B2T-KD	supervised_s0	3B27	B2T	50664340	2	1	True	True	True	True	True	True	True	exact	True	ChEMBL	10.1016/j.bmcl.2011.08.001	21875802	9/12/2011	3/24/2012	
RCSB-3B24-B2J-KD	supervised_s0	3B24	B2J	50664323	1	1	True	True	True	True	True	True	True	exact	True	ChEMBL	10.1016/j.bmcl.2011.08.001	21875802	9/12/2011	3/24/2012	
RCSB-4ERF-0R3-KD	site_reference_only	4ERF	0R3	50970046	10	1	True	True	False	True	True	True		quarantined_reference_not_exported	True	ChEMBL	10.1021/jm300354j	22524527	6/14/2012	5/17/2013	True
RCSB-4OCC-2TZ-KD	supervised_s0	4OCC	2TZ	50086902	5	1	True	True	False	True	True	True	False	censored_or_missing	False	ChEMBL	10.1021/jm401911v	24601644	6/6/2014	2/7/2015	
RCSB-4OAS-2SW-KD	supervised_s0	4OAS	2SW	51094954	10	2	True	True	False	True	True	True	False	censored_or_missing	False	ChEMBL	10.1021/jm401753e	24456472	2/27/2014	7/26/2014	
RCSB-4ZYF-4T4-KD	supervised_s0	4ZYF	4T4	50386488	17	2	True	True	False	True	True	True	False	censored_or_missing	False	ChEMBL	10.1021/acs.jmedchem.5b00810	26181851	8/28/2015	11/14/2016	
RCSB-6SY3-LXW-KD	site_reference_only	6SY3	LXW	51249762	3	1	True	True	False	True	True	True		quarantined_reference_not_exported	True	ChEMBL	10.1021/acs.jmedchem.9b02061	32011145	3/26/2020	2/20/2021	True
RCSB-6T0M-GOZ-KD	supervised_s0	6T0M	GOZ	51249761	3	1	True	True	False	True	True	True	True	exact	True	ChEMBL	10.1021/acs.jmedchem.9b02061	32011145	3/26/2020	2/20/2021	
RCSB-6T0P-M6Q-KD	supervised_s0	6T0P	M6Q	51249765	3	1	True	True	False	True	True	True	True	exact	True	ChEMBL	10.1021/acs.jmedchem.9b02061	32011145	3/26/2020	2/20/2021	
RCSB-6T5W-J5K-KD	supervised_s0	6T5W	J5K	51249756	3	1	True	True	False	True	True	True	True	exact	True	ChEMBL	10.1021/acs.jmedchem.9b02061	32011145	3/26/2020	2/20/2021	
RCSB-3UP2-0C8-KD	site_reference_only	3UP2	0C8	190358	2	1	True	True	True	True	True	True		quarantined_reference_not_exported	True	Curated from the literature by BindingDB	10.1021/cb200508b	22248356	4/20/2012	6/18/2012	True
RCSB-3UNZ-0BZ-KD	supervised_s0	3UNZ	0BZ	190359	7	1	True	True	True	True	True	True	True	exact	True	Curated from the literature by BindingDB	10.1021/cb200508b	22248356	4/20/2012	6/18/2012	
RCSB-3UOD-0C3-KD	supervised_s0	3UOD	0C3	190357	5	1	True	True	True	True	True	True	True	exact	True	Curated from the literature by BindingDB	10.1021/cb200508b	22248356	4/20/2012	6/18/2012	
RCSB-3UO5-0BX-KD	supervised_s0	3UO5	0BX	190354	7	1	True	True	True	True	True	True	True	exact	True	Curated from the literature by BindingDB	10.1021/cb200508b	22248356	4/20/2012	6/18/2012	
RCSB-7CD9-FVR-KD	site_reference_only	7CD9	FVR	51594066	3	1	True	True	False	True	True	False		quarantined_reference_not_exported	True	ChEMBL		38799223	//0	10/12/2025	True
RCSB-7CAJ-FNC-KD	supervised_s0	7CAJ	FNC	51594065	3	1	True	True	False	True	True	False	True	exact	True	ChEMBL		38799223	//0	10/12/2025	
RCSB-7C9N-FN9-KD	supervised_s0	7C9N	FN9	51594064	2	1	True	True	False	True	True	False	True	exact	True	ChEMBL		38799223	//0	10/12/2025	
RCSB-7CJT-G09-KD	supervised_s0	7CJT	G09	51594067	3	1	True	True	False	True	True	False	True	exact	True	ChEMBL		38799223	//0	10/12/2025	
RCSB-6DYZ-OS2-KD	site_reference_only	6DYZ	OS2	51247452	1	1	True	True	False	True	True	True		quarantined_reference_not_exported	True	ChEMBL	10.1021/acs.jmedchem.8b01642	30860833	4/11/2019	2/20/2021	True
RCSB-6DZ0-OS3-KD	supervised_s0	6DZ0	OS3	51247455	1	1	True	True	False	True	True	True	False	censored_or_missing	False	ChEMBL	10.1021/acs.jmedchem.8b01642	30860833	4/11/2019	2/20/2021	
RCSB-6DZ3-OS6-KD	supervised_s0	6DZ3	OS6	51247450	1	1	True	True	False	True	True	True	False	censored_or_missing	False	ChEMBL	10.1021/acs.jmedchem.8b01642	30860833	4/11/2019	2/20/2021	
RCSB-6DZ2-OS5-KD	supervised_s0	6DZ2	OS5	51247443	1	1	True	True	False	True	True	True	False	censored_or_missing	False	ChEMBL	10.1021/acs.jmedchem.8b01642	30860833	4/11/2019	2/20/2021	
RCSB-5IWF-LQT-KD	site_reference_only	5IWF	LQT	390349	40	9	True	True	True	True	True	False		quarantined_reference_not_exported	True	Curated from the literature by BindingDB	10.1016/j.chembiol.2017.02.006	28262558	3/16/2017	4/27/2017	True
RCSB-6BGV-DQG-KD	supervised_s0	6BGV	DQG	50765758	2	1	True	True	False	True	True	True	True	exact	True	ChEMBL	10.1021/acs.jmedchem.8b00261	29537847	4/12/2018	10/24/2019	
RCSB-6BH2-90V-KD	supervised_s0	6BH2	90V	50765762	20	1	True	True	False	True	True	True	True	exact	True	ChEMBL	10.1021/acs.jmedchem.8b00261	29537847	4/12/2018	10/24/2019	
RCSB-6BH0-DO1-KD	supervised_s0	6BH0	DO1	50765784	2	1	True	True	False	True	True	True	True	exact	True	ChEMBL	10.1021/acs.jmedchem.8b00261	29537847	4/12/2018	10/24/2019	
RCSB-1HVI-A77-KD	site_reference_only	1HVI	A77	179	3	3	True	True	False	False	True	False		quarantined_reference_not_exported	False	Curated from the literature by BindingDB	10.1021/ja00082a004		2/9/1994	5/8/2002	True
RCSB-1HPV-478-KD	supervised_s0	1HPV	478	50301702	1	1	True	True	False	False	True	False	False	censored_or_missing	False	ChEMBL	10.1021/jm049454n	15771440	3/17/2005	11/10/2009	
RCSB-1HVK-A79-KD	supervised_s0	1HVK	A79	178	5	5	True	True	False	False	True	False	False	censored_or_missing	False	Curated from the literature by BindingDB	10.1021/ja00082a004		2/9/1994	5/8/2002	
RCSB-1HTF-G26-KD	supervised_s0	1HTF	G26	51156311	1	1	True	True	False	False	True	False	False	censored_or_missing	False	ChEMBL	10.1021/jm0105833	12061879	6/20/2002	8/22/2020	
RCSB-4Z6H-4L2-KD	site_reference_only	4Z6H	4L2		0	0	False	False	False	False	False	False		quarantined_reference_not_exported	False						True
RCSB-5F2P-5TY-KD	supervised_s0	5F2P	5TY	50504020	2	1	True	True	True	True	True	True	True	exact	True	ChEMBL	10.1021/acs.jmedchem.5b01865	26914985	5/26/2016	9/30/2017	
RCSB-5F25-5TU-KD	supervised_s0	5F25	5TU	50504021	3	1	True	True	True	True	True	True	True	exact	True	ChEMBL	10.1021/acs.jmedchem.5b01865	26914985	5/26/2016	9/30/2017	
RCSB-4Z6I-4L3-KD	supervised_s0	4Z6I	4L3	50487127	1	1	True	True	False	True	True	False	True	exact	True	ChEMBL	10.1021/acs.jmedchem.5b01514	26572217	2/25/2016	7/13/2017	
RCSB-4A6S-GS9-KD	site_reference_only	4A6S	GS9	51526877	2	2	True	True	True	True	True	False		quarantined_reference_not_exported	True	ChEMBL		26804741	7/14/2016	4/22/2024	True
RCSB-7Z62-IEC-KD	supervised_s0	7Z62	IEC	51554013	1	1	True	True	True	True	True	True	True	exact	True	ChEMBL	10.1016/j.ejmech.2022.115025	36549118	2/5/2023	12/18/2024	
RCSB-4LK7-GAL-KD	supervised_s0	4LK7	GAL	51554002	4	1	True	True	False	True	True	False	True	exact	True	ChEMBL		36549118	2/5/2023	12/18/2024	
RCSB-7Z63-IE3-KD	supervised_s0	7Z63	IE3	51554011	1	1	True	True	True	True	True	True	True	exact	True	ChEMBL	10.1016/j.ejmech.2022.115025	36549118	2/5/2023	12/18/2024	
RCSB-3C4H-DRL-KD	site_reference_only	3C4H	DRL	50457787	19	1	True	True	True	True	True	True		quarantined_reference_not_exported	True	ChEMBL	10.1021/jm900052j	19354255	5/7/2009	1/11/2010	True
RCSB-3C49-KU8-KD	supervised_s0	3C49	KU8	50457789	5	1	True	True	True	True	True	True	True	exact	True	ChEMBL	10.1021/jm900052j	19354255	5/7/2009	1/11/2010	
RCSB-3CE0-P34-KD	supervised_s0	3CE0	P34	50457788	44	1	True	True	True	True	True	True	True	exact	True	ChEMBL	10.1021/jm900052j	19354255	5/7/2009	1/11/2010	
RCSB-3FHB-GAB-KD	supervised_s0	3FHB	GAB	50457786	5	1	True	True	True	True	True	True	False	censored_or_missing	False	ChEMBL	10.1021/jm900052j	19354255	5/7/2009	1/11/2010	
RCSB-6CE6-EYP-KD	site_reference_only	6CE6	EYP	51115415	2	2	True	True	True	True	True	True		quarantined_reference_not_exported	True	ChEMBL	10.1021/acs.jmedchem.8b00258	29741882	5/24/2018	8/16/2020	True
RCSB-8G44-ZU9-KD	supervised_s0	8G44	ZU9	51561342	1	1	True	True	True	True	True	True	True	exact	True	ChEMBL	10.1021/acs.jmedchem.3c00314	37499118	8/10/2023	12/19/2024	
RCSB-8G43-ZU6-KD	supervised_s0	8G43	ZU6	51561336	1	1	True	True	True	True	True	True	True	exact	True	ChEMBL	10.1021/acs.jmedchem.3c00314	37499118	8/10/2023	12/19/2024	
RCSB-6CED-EYA-KD	supervised_s0	6CED	EYA	51115400	4	1	True	True	True	True	True	True	True	exact	True	ChEMBL	10.1021/acs.jmedchem.8b00258	29741882	5/24/2018	8/16/2020	
RCSB-6DXH-HH4-KD	site_reference_only	6DXH	HH4	51307576	2	2	True	True	True	True	True	True		quarantined_reference_not_exported	True	ChEMBL	10.1021/acs.jmedchem.9b00988	31663737	11/27/2019	2/26/2021	True
RCSB-7MS5-ZOG-KD	supervised_s0	7MS5	ZOG	51173203	2	1	True	True	True	True	True	True	True	exact	True	ChEMBL		34648286	10/28/2021	4/19/2024	
RCSB-7MS6-ZPV-KD	supervised_s0	7MS6	ZPV	51174600	2	1	True	True	True	True	True	True	True	exact	True	ChEMBL		34648286	10/28/2021	4/19/2024	
RCSB-6NFT-KKG-KD	supervised_s0	6NFT	KKG	51307569	3	2	True	True	True	True	True	True	True	exact	True	ChEMBL	10.1021/acs.jmedchem.9b00988	31663737	11/27/2019	2/26/2021	
RCSB-7XM2-GFD-KD	site_reference_only	7XM2	GFD	51504535	4	3	True	True	True	True	True	False		quarantined_reference_not_exported	True	ChEMBL		35687391	6/23/2022	6/25/2023	True
RCSB-7XM4-GDJ-KD	supervised_s0	7XM4	GDJ		0	0	False	False	False	False	False	False	False	censored_or_missing	False						
RCSB-7XM5-GCI-KD	supervised_s0	7XM5	GCI		0	0	False	False	False	False	False	False	False	censored_or_missing	False						
RCSB-7XM3-GED-KD	supervised_s0	7XM3	GED		0	0	False	False	False	False	False	False	False	censored_or_missing	False						
RCSB-7PPQ-LSK-KD	site_reference_only	7PPQ	LSK	51562637	1	1	True	True	True	False	True	False		quarantined_reference_not_exported	False	ChEMBL	10.1021/acs.jmedchem.3c01030	37560786	10/12/2023	12/19/2024	True
RCSB-7PPY-7ZH-KD	supervised_s0	7PPY	7ZH	51562636	1	1	True	True	True	False	True	False	False	censored_or_missing	False	ChEMBL	10.1021/acs.jmedchem.3c01030	37560786	10/12/2023	12/19/2024	
RCSB-7PUC-85U-KD	supervised_s0	7PUC	85U	51562642	1	1	True	True	True	False	True	False	False	censored_or_missing	False	ChEMBL	10.1021/acs.jmedchem.3c01030	37560786	10/12/2023	12/19/2024	
RCSB-7PU8-4R7-KD	supervised_s0	7PU8	4R7	51562640	1	1	True	True	True	False	True	False	False	censored_or_missing	False	ChEMBL	10.1021/acs.jmedchem.3c01030	37560786	10/12/2023	12/19/2024	
RCSB-5CSV-GAB-KD	site_reference_only	5CSV	GAB	50791664	5	1	True	True	True	True	True	False		quarantined_reference_not_exported	True	ChEMBL	10.1016/j.bmc.2017.04.037	28495381	7/1/2017	12/3/2019	True
RCSB-8AE7-LVU-KD	supervised_s0	8AE7	LVU	51462381	2	1	True	True	True	True	True	True	True	exact	True	ChEMBL		36426237	11/16/2022	6/19/2023	
RCSB-5CSP-54G-KD	supervised_s0	5CSP	54G	50791666	1	1	True	True	True	True	True	False	True	exact	True	ChEMBL	10.1016/j.bmc.2017.04.037	28495381	7/1/2017	12/3/2019	
RCSB-8AEC-LW3-KD	supervised_s0	8AEC	LW3	51462382	2	1	True	True	True	True	True	True	True	exact	True	ChEMBL		36426237	11/16/2022	6/19/2023	
